2024-11-02 22:25:22 [main] INFO  org.example.Main - Starting Main using Java 19.0.1 with PID 10496 (C:\Users\Pc\Desktop\CroudInvest\target\classes started by Pc in C:\Users\Pc\Desktop\CroudInvest)
2024-11-02 22:25:22 [main] DEBUG org.example.Main - Running with Spring Boot v3.1.5, Spring v6.0.9
2024-11-02 22:25:22 [main] INFO  org.example.Main - No active profile set, falling back to 1 default profile: "default"
2024-11-02 22:25:25 [main] INFO  o.s.d.r.c.RepositoryConfigurationDelegate - Bootstrapping Spring Data JPA repositories in DEFAULT mode.
2024-11-02 22:25:25 [main] INFO  o.s.d.r.c.RepositoryConfigurationDelegate - Finished Spring Data repository scanning in 199 ms. Found 5 JPA repository interfaces.
2024-11-02 22:25:27 [main] INFO  o.s.b.w.e.tomcat.TomcatWebServer - Tomcat initialized with port(s): 8080 (http)
2024-11-02 22:25:28 [main] INFO  o.s.b.w.s.c.ServletWebServerApplicationContext - Root WebApplicationContext: initialization completed in 5316 ms
2024-11-02 22:25:28 [main] INFO  com.zaxxer.hikari.HikariDataSource - HikariPool-1 - Starting...
2024-11-02 22:25:29 [main] INFO  com.zaxxer.hikari.pool.HikariPool - HikariPool-1 - Added connection conn0: url=jdbc:h2:file:./data/demo user=SA
2024-11-02 22:25:29 [main] INFO  com.zaxxer.hikari.HikariDataSource - HikariPool-1 - Start completed.
2024-11-02 22:25:29 [main] INFO  o.s.b.a.h.H2ConsoleAutoConfiguration - H2 console available at '/h2-console'. Database available at 'jdbc:h2:file:./data/demo'
2024-11-02 22:25:29 [main] DEBUG org.example.config.jwt.JwtFilter - Filter 'jwtFilter' configured for use
2024-11-02 22:25:29 [main] INFO  o.h.jpa.internal.util.LogHelper - HHH000204: Processing PersistenceUnitInfo [name: default]
2024-11-02 22:25:30 [main] INFO  org.hibernate.Version - HHH000412: Hibernate ORM core version 6.2.13.Final
2024-11-02 22:25:30 [main] INFO  org.hibernate.cfg.Environment - HHH000406: Using bytecode reflection optimizer
2024-11-02 22:25:30 [main] DEBUG o.hibernate.type.BasicTypeRegistry - Adding type registration boolean -> org.hibernate.type.BasicTypeReference@6dece1f9
2024-11-02 22:25:30 [main] DEBUG o.hibernate.type.BasicTypeRegistry - Adding type registration boolean -> org.hibernate.type.BasicTypeReference@6dece1f9
2024-11-02 22:25:30 [main] DEBUG o.hibernate.type.BasicTypeRegistry - Adding type registration java.lang.Boolean -> org.hibernate.type.BasicTypeReference@6dece1f9
2024-11-02 22:25:30 [main] DEBUG o.hibernate.type.BasicTypeRegistry - Adding type registration numeric_boolean -> org.hibernate.type.BasicTypeReference@2b936b04
2024-11-02 22:25:30 [main] DEBUG o.hibernate.type.BasicTypeRegistry - Adding type registration org.hibernate.type.NumericBooleanConverter -> org.hibernate.type.BasicTypeReference@2b936b04
2024-11-02 22:25:30 [main] DEBUG o.hibernate.type.BasicTypeRegistry - Adding type registration true_false -> org.hibernate.type.BasicTypeReference@32b112a1
2024-11-02 22:25:30 [main] DEBUG o.hibernate.type.BasicTypeRegistry - Adding type registration org.hibernate.type.TrueFalseConverter -> org.hibernate.type.BasicTypeReference@32b112a1
2024-11-02 22:25:30 [main] DEBUG o.hibernate.type.BasicTypeRegistry - Adding type registration yes_no -> org.hibernate.type.BasicTypeReference@5635bcd2
2024-11-02 22:25:30 [main] DEBUG o.hibernate.type.BasicTypeRegistry - Adding type registration org.hibernate.type.YesNoConverter -> org.hibernate.type.BasicTypeReference@5635bcd2
2024-11-02 22:25:30 [main] DEBUG o.hibernate.type.BasicTypeRegistry - Adding type registration byte -> org.hibernate.type.BasicTypeReference@5c5c7cc4
2024-11-02 22:25:30 [main] DEBUG o.hibernate.type.BasicTypeRegistry - Adding type registration byte -> org.hibernate.type.BasicTypeReference@5c5c7cc4
2024-11-02 22:25:30 [main] DEBUG o.hibernate.type.BasicTypeRegistry - Adding type registration java.lang.Byte -> org.hibernate.type.BasicTypeReference@5c5c7cc4
2024-11-02 22:25:30 [main] DEBUG o.hibernate.type.BasicTypeRegistry - Adding type registration binary -> org.hibernate.type.BasicTypeReference@6c27e700
2024-11-02 22:25:30 [main] DEBUG o.hibernate.type.BasicTypeRegistry - Adding type registration byte[] -> org.hibernate.type.BasicTypeReference@6c27e700
2024-11-02 22:25:30 [main] DEBUG o.hibernate.type.BasicTypeRegistry - Adding type registration [B -> org.hibernate.type.BasicTypeReference@6c27e700
2024-11-02 22:25:30 [main] DEBUG o.hibernate.type.BasicTypeRegistry - Adding type registration binary_wrapper -> org.hibernate.type.BasicTypeReference@56b9d43f
2024-11-02 22:25:30 [main] DEBUG o.hibernate.type.BasicTypeRegistry - Adding type registration wrapper-binary -> org.hibernate.type.BasicTypeReference@56b9d43f
2024-11-02 22:25:30 [main] DEBUG o.hibernate.type.BasicTypeRegistry - Adding type registration image -> org.hibernate.type.BasicTypeReference@2d913116
2024-11-02 22:25:30 [main] DEBUG o.hibernate.type.BasicTypeRegistry - Adding type registration blob -> org.hibernate.type.BasicTypeReference@1214d23c
2024-11-02 22:25:30 [main] DEBUG o.hibernate.type.BasicTypeRegistry - Adding type registration java.sql.Blob -> org.hibernate.type.BasicTypeReference@1214d23c
2024-11-02 22:25:30 [main] DEBUG o.hibernate.type.BasicTypeRegistry - Adding type registration materialized_blob -> org.hibernate.type.BasicTypeReference@41582899
2024-11-02 22:25:30 [main] DEBUG o.hibernate.type.BasicTypeRegistry - Adding type registration materialized_blob_wrapper -> org.hibernate.type.BasicTypeReference@595814a1
2024-11-02 22:25:30 [main] DEBUG o.hibernate.type.BasicTypeRegistry - Adding type registration short -> org.hibernate.type.BasicTypeReference@7de5871d
2024-11-02 22:25:30 [main] DEBUG o.hibernate.type.BasicTypeRegistry - Adding type registration short -> org.hibernate.type.BasicTypeReference@7de5871d
2024-11-02 22:25:30 [main] DEBUG o.hibernate.type.BasicTypeRegistry - Adding type registration java.lang.Short -> org.hibernate.type.BasicTypeReference@7de5871d
2024-11-02 22:25:30 [main] DEBUG o.hibernate.type.BasicTypeRegistry - Adding type registration integer -> org.hibernate.type.BasicTypeReference@49d42faf
2024-11-02 22:25:30 [main] DEBUG o.hibernate.type.BasicTypeRegistry - Adding type registration int -> org.hibernate.type.BasicTypeReference@49d42faf
2024-11-02 22:25:30 [main] DEBUG o.hibernate.type.BasicTypeRegistry - Adding type registration java.lang.Integer -> org.hibernate.type.BasicTypeReference@49d42faf
2024-11-02 22:25:30 [main] DEBUG o.hibernate.type.BasicTypeRegistry - Adding type registration long -> org.hibernate.type.BasicTypeReference@4948daec
2024-11-02 22:25:30 [main] DEBUG o.hibernate.type.BasicTypeRegistry - Adding type registration long -> org.hibernate.type.BasicTypeReference@4948daec
2024-11-02 22:25:30 [main] DEBUG o.hibernate.type.BasicTypeRegistry - Adding type registration java.lang.Long -> org.hibernate.type.BasicTypeReference@4948daec
2024-11-02 22:25:30 [main] DEBUG o.hibernate.type.BasicTypeRegistry - Adding type registration float -> org.hibernate.type.BasicTypeReference@502c2278
2024-11-02 22:25:30 [main] DEBUG o.hibernate.type.BasicTypeRegistry - Adding type registration float -> org.hibernate.type.BasicTypeReference@502c2278
2024-11-02 22:25:30 [main] DEBUG o.hibernate.type.BasicTypeRegistry - Adding type registration java.lang.Float -> org.hibernate.type.BasicTypeReference@502c2278
2024-11-02 22:25:30 [main] DEBUG o.hibernate.type.BasicTypeRegistry - Adding type registration double -> org.hibernate.type.BasicTypeReference@1209a0f
2024-11-02 22:25:30 [main] DEBUG o.hibernate.type.BasicTypeRegistry - Adding type registration double -> org.hibernate.type.BasicTypeReference@1209a0f
2024-11-02 22:25:30 [main] DEBUG o.hibernate.type.BasicTypeRegistry - Adding type registration java.lang.Double -> org.hibernate.type.BasicTypeReference@1209a0f
2024-11-02 22:25:30 [main] DEBUG o.hibernate.type.BasicTypeRegistry - Adding type registration big_integer -> org.hibernate.type.BasicTypeReference@696174d3
2024-11-02 22:25:30 [main] DEBUG o.hibernate.type.BasicTypeRegistry - Adding type registration java.math.BigInteger -> org.hibernate.type.BasicTypeReference@696174d3
2024-11-02 22:25:30 [main] DEBUG o.hibernate.type.BasicTypeRegistry - Adding type registration big_decimal -> org.hibernate.type.BasicTypeReference@66715ca9
2024-11-02 22:25:30 [main] DEBUG o.hibernate.type.BasicTypeRegistry - Adding type registration java.math.BigDecimal -> org.hibernate.type.BasicTypeReference@66715ca9
2024-11-02 22:25:30 [main] DEBUG o.hibernate.type.BasicTypeRegistry - Adding type registration character -> org.hibernate.type.BasicTypeReference@577f9dfd
2024-11-02 22:25:30 [main] DEBUG o.hibernate.type.BasicTypeRegistry - Adding type registration char -> org.hibernate.type.BasicTypeReference@577f9dfd
2024-11-02 22:25:30 [main] DEBUG o.hibernate.type.BasicTypeRegistry - Adding type registration java.lang.Character -> org.hibernate.type.BasicTypeReference@577f9dfd
2024-11-02 22:25:30 [main] DEBUG o.hibernate.type.BasicTypeRegistry - Adding type registration character_nchar -> org.hibernate.type.BasicTypeReference@520a95ff
2024-11-02 22:25:30 [main] DEBUG o.hibernate.type.BasicTypeRegistry - Adding type registration string -> org.hibernate.type.BasicTypeReference@30afb481
2024-11-02 22:25:30 [main] DEBUG o.hibernate.type.BasicTypeRegistry - Adding type registration java.lang.String -> org.hibernate.type.BasicTypeReference@30afb481
2024-11-02 22:25:30 [main] DEBUG o.hibernate.type.BasicTypeRegistry - Adding type registration nstring -> org.hibernate.type.BasicTypeReference@5c573229
2024-11-02 22:25:30 [main] DEBUG o.hibernate.type.BasicTypeRegistry - Adding type registration characters -> org.hibernate.type.BasicTypeReference@77ecdc2b
2024-11-02 22:25:30 [main] DEBUG o.hibernate.type.BasicTypeRegistry - Adding type registration char[] -> org.hibernate.type.BasicTypeReference@77ecdc2b
2024-11-02 22:25:30 [main] DEBUG o.hibernate.type.BasicTypeRegistry - Adding type registration [C -> org.hibernate.type.BasicTypeReference@77ecdc2b
2024-11-02 22:25:30 [main] DEBUG o.hibernate.type.BasicTypeRegistry - Adding type registration wrapper-characters -> org.hibernate.type.BasicTypeReference@714f1a44
2024-11-02 22:25:30 [main] DEBUG o.hibernate.type.BasicTypeRegistry - Adding type registration text -> org.hibernate.type.BasicTypeReference@3c09a350
2024-11-02 22:25:30 [main] DEBUG o.hibernate.type.BasicTypeRegistry - Adding type registration ntext -> org.hibernate.type.BasicTypeReference@592a1882
2024-11-02 22:25:30 [main] DEBUG o.hibernate.type.BasicTypeRegistry - Adding type registration clob -> org.hibernate.type.BasicTypeReference@48368a08
2024-11-02 22:25:30 [main] DEBUG o.hibernate.type.BasicTypeRegistry - Adding type registration java.sql.Clob -> org.hibernate.type.BasicTypeReference@48368a08
2024-11-02 22:25:30 [main] DEBUG o.hibernate.type.BasicTypeRegistry - Adding type registration nclob -> org.hibernate.type.BasicTypeReference@41a23470
2024-11-02 22:25:30 [main] DEBUG o.hibernate.type.BasicTypeRegistry - Adding type registration java.sql.NClob -> org.hibernate.type.BasicTypeReference@41a23470
2024-11-02 22:25:30 [main] DEBUG o.hibernate.type.BasicTypeRegistry - Adding type registration materialized_clob -> org.hibernate.type.BasicTypeReference@30c01c37
2024-11-02 22:25:30 [main] DEBUG o.hibernate.type.BasicTypeRegistry - Adding type registration materialized_clob_char_array -> org.hibernate.type.BasicTypeReference@39a7eca5
2024-11-02 22:25:30 [main] DEBUG o.hibernate.type.BasicTypeRegistry - Adding type registration materialized_clob_character_array -> org.hibernate.type.BasicTypeReference@45bd4753
2024-11-02 22:25:30 [main] DEBUG o.hibernate.type.BasicTypeRegistry - Adding type registration materialized_nclob -> org.hibernate.type.BasicTypeReference@156cfa20
2024-11-02 22:25:30 [main] DEBUG o.hibernate.type.BasicTypeRegistry - Adding type registration materialized_nclob_character_array -> org.hibernate.type.BasicTypeReference@25fd6d1e
2024-11-02 22:25:30 [main] DEBUG o.hibernate.type.BasicTypeRegistry - Adding type registration materialized_nclob_char_array -> org.hibernate.type.BasicTypeReference@23396fc0
2024-11-02 22:25:30 [main] DEBUG o.hibernate.type.BasicTypeRegistry - Adding type registration Duration -> org.hibernate.type.BasicTypeReference@c11332b
2024-11-02 22:25:30 [main] DEBUG o.hibernate.type.BasicTypeRegistry - Adding type registration java.time.Duration -> org.hibernate.type.BasicTypeReference@c11332b
2024-11-02 22:25:30 [main] DEBUG o.hibernate.type.BasicTypeRegistry - Adding type registration LocalDateTime -> org.hibernate.type.BasicTypeReference@7e5e6573
2024-11-02 22:25:30 [main] DEBUG o.hibernate.type.BasicTypeRegistry - Adding type registration java.time.LocalDateTime -> org.hibernate.type.BasicTypeReference@7e5e6573
2024-11-02 22:25:30 [main] DEBUG o.hibernate.type.BasicTypeRegistry - Adding type registration LocalDate -> org.hibernate.type.BasicTypeReference@3005623b
2024-11-02 22:25:30 [main] DEBUG o.hibernate.type.BasicTypeRegistry - Adding type registration java.time.LocalDate -> org.hibernate.type.BasicTypeReference@3005623b
2024-11-02 22:25:30 [main] DEBUG o.hibernate.type.BasicTypeRegistry - Adding type registration LocalTime -> org.hibernate.type.BasicTypeReference@58aa5c94
2024-11-02 22:25:30 [main] DEBUG o.hibernate.type.BasicTypeRegistry - Adding type registration java.time.LocalTime -> org.hibernate.type.BasicTypeReference@58aa5c94
2024-11-02 22:25:30 [main] DEBUG o.hibernate.type.BasicTypeRegistry - Adding type registration OffsetDateTime -> org.hibernate.type.BasicTypeReference@5d27b4c1
2024-11-02 22:25:30 [main] DEBUG o.hibernate.type.BasicTypeRegistry - Adding type registration java.time.OffsetDateTime -> org.hibernate.type.BasicTypeReference@5d27b4c1
2024-11-02 22:25:30 [main] DEBUG o.hibernate.type.BasicTypeRegistry - Adding type registration OffsetDateTimeWithTimezone -> org.hibernate.type.BasicTypeReference@50df37eb
2024-11-02 22:25:30 [main] DEBUG o.hibernate.type.BasicTypeRegistry - Adding type registration OffsetDateTimeWithoutTimezone -> org.hibernate.type.BasicTypeReference@4b508371
2024-11-02 22:25:30 [main] DEBUG o.hibernate.type.BasicTypeRegistry - Adding type registration OffsetTime -> org.hibernate.type.BasicTypeReference@41143873
2024-11-02 22:25:30 [main] DEBUG o.hibernate.type.BasicTypeRegistry - Adding type registration java.time.OffsetTime -> org.hibernate.type.BasicTypeReference@41143873
2024-11-02 22:25:30 [main] DEBUG o.hibernate.type.BasicTypeRegistry - Adding type registration OffsetTimeUtc -> org.hibernate.type.BasicTypeReference@21f50d2c
2024-11-02 22:25:30 [main] DEBUG o.hibernate.type.BasicTypeRegistry - Adding type registration OffsetTimeWithTimezone -> org.hibernate.type.BasicTypeReference@8bc0696
2024-11-02 22:25:30 [main] DEBUG o.hibernate.type.BasicTypeRegistry - Adding type registration OffsetTimeWithoutTimezone -> org.hibernate.type.BasicTypeReference@473847fb
2024-11-02 22:25:30 [main] DEBUG o.hibernate.type.BasicTypeRegistry - Adding type registration ZonedDateTime -> org.hibernate.type.BasicTypeReference@270f28cf
2024-11-02 22:25:30 [main] DEBUG o.hibernate.type.BasicTypeRegistry - Adding type registration java.time.ZonedDateTime -> org.hibernate.type.BasicTypeReference@270f28cf
2024-11-02 22:25:30 [main] DEBUG o.hibernate.type.BasicTypeRegistry - Adding type registration ZonedDateTimeWithTimezone -> org.hibernate.type.BasicTypeReference@2e1add6f
2024-11-02 22:25:30 [main] DEBUG o.hibernate.type.BasicTypeRegistry - Adding type registration ZonedDateTimeWithoutTimezone -> org.hibernate.type.BasicTypeReference@467af68c
2024-11-02 22:25:30 [main] DEBUG o.hibernate.type.BasicTypeRegistry - Adding type registration date -> org.hibernate.type.BasicTypeReference@43786627
2024-11-02 22:25:30 [main] DEBUG o.hibernate.type.BasicTypeRegistry - Adding type registration java.sql.Date -> org.hibernate.type.BasicTypeReference@43786627
2024-11-02 22:25:30 [main] DEBUG o.hibernate.type.BasicTypeRegistry - Adding type registration time -> org.hibernate.type.BasicTypeReference@1d6f77d7
2024-11-02 22:25:30 [main] DEBUG o.hibernate.type.BasicTypeRegistry - Adding type registration java.sql.Time -> org.hibernate.type.BasicTypeReference@1d6f77d7
2024-11-02 22:25:30 [main] DEBUG o.hibernate.type.BasicTypeRegistry - Adding type registration timestamp -> org.hibernate.type.BasicTypeReference@65e620b0
2024-11-02 22:25:30 [main] DEBUG o.hibernate.type.BasicTypeRegistry - Adding type registration java.sql.Timestamp -> org.hibernate.type.BasicTypeReference@65e620b0
2024-11-02 22:25:30 [main] DEBUG o.hibernate.type.BasicTypeRegistry - Adding type registration java.util.Date -> org.hibernate.type.BasicTypeReference@65e620b0
2024-11-02 22:25:30 [main] DEBUG o.hibernate.type.BasicTypeRegistry - Adding type registration calendar -> org.hibernate.type.BasicTypeReference@74b97416
2024-11-02 22:25:30 [main] DEBUG o.hibernate.type.BasicTypeRegistry - Adding type registration java.util.Calendar -> org.hibernate.type.BasicTypeReference@74b97416
2024-11-02 22:25:30 [main] DEBUG o.hibernate.type.BasicTypeRegistry - Adding type registration java.util.GregorianCalendar -> org.hibernate.type.BasicTypeReference@74b97416
2024-11-02 22:25:30 [main] DEBUG o.hibernate.type.BasicTypeRegistry - Adding type registration calendar_date -> org.hibernate.type.BasicTypeReference@74707df8
2024-11-02 22:25:30 [main] DEBUG o.hibernate.type.BasicTypeRegistry - Adding type registration calendar_time -> org.hibernate.type.BasicTypeReference@12c76d6e
2024-11-02 22:25:30 [main] DEBUG o.hibernate.type.BasicTypeRegistry - Adding type registration instant -> org.hibernate.type.BasicTypeReference@46702c26
2024-11-02 22:25:30 [main] DEBUG o.hibernate.type.BasicTypeRegistry - Adding type registration java.time.Instant -> org.hibernate.type.BasicTypeReference@46702c26
2024-11-02 22:25:30 [main] DEBUG o.hibernate.type.BasicTypeRegistry - Adding type registration uuid -> org.hibernate.type.BasicTypeReference@7956f93a
2024-11-02 22:25:30 [main] DEBUG o.hibernate.type.BasicTypeRegistry - Adding type registration java.util.UUID -> org.hibernate.type.BasicTypeReference@7956f93a
2024-11-02 22:25:30 [main] DEBUG o.hibernate.type.BasicTypeRegistry - Adding type registration pg-uuid -> org.hibernate.type.BasicTypeReference@7956f93a
2024-11-02 22:25:30 [main] DEBUG o.hibernate.type.BasicTypeRegistry - Adding type registration uuid-binary -> org.hibernate.type.BasicTypeReference@e3ed455
2024-11-02 22:25:30 [main] DEBUG o.hibernate.type.BasicTypeRegistry - Adding type registration uuid-char -> org.hibernate.type.BasicTypeReference@27bb74e1
2024-11-02 22:25:30 [main] DEBUG o.hibernate.type.BasicTypeRegistry - Adding type registration class -> org.hibernate.type.BasicTypeReference@606d6d2c
2024-11-02 22:25:30 [main] DEBUG o.hibernate.type.BasicTypeRegistry - Adding type registration java.lang.Class -> org.hibernate.type.BasicTypeReference@606d6d2c
2024-11-02 22:25:30 [main] DEBUG o.hibernate.type.BasicTypeRegistry - Adding type registration currency -> org.hibernate.type.BasicTypeReference@2e3cd732
2024-11-02 22:25:30 [main] DEBUG o.hibernate.type.BasicTypeRegistry - Adding type registration Currency -> org.hibernate.type.BasicTypeReference@2e3cd732
2024-11-02 22:25:30 [main] DEBUG o.hibernate.type.BasicTypeRegistry - Adding type registration java.util.Currency -> org.hibernate.type.BasicTypeReference@2e3cd732
2024-11-02 22:25:30 [main] DEBUG o.hibernate.type.BasicTypeRegistry - Adding type registration locale -> org.hibernate.type.BasicTypeReference@56d822dc
2024-11-02 22:25:30 [main] DEBUG o.hibernate.type.BasicTypeRegistry - Adding type registration java.util.Locale -> org.hibernate.type.BasicTypeReference@56d822dc
2024-11-02 22:25:30 [main] DEBUG o.hibernate.type.BasicTypeRegistry - Adding type registration serializable -> org.hibernate.type.BasicTypeReference@2ab8589a
2024-11-02 22:25:30 [main] DEBUG o.hibernate.type.BasicTypeRegistry - Adding type registration java.io.Serializable -> org.hibernate.type.BasicTypeReference@2ab8589a
2024-11-02 22:25:30 [main] DEBUG o.hibernate.type.BasicTypeRegistry - Adding type registration timezone -> org.hibernate.type.BasicTypeReference@21b744ec
2024-11-02 22:25:30 [main] DEBUG o.hibernate.type.BasicTypeRegistry - Adding type registration java.util.TimeZone -> org.hibernate.type.BasicTypeReference@21b744ec
2024-11-02 22:25:30 [main] DEBUG o.hibernate.type.BasicTypeRegistry - Adding type registration ZoneOffset -> org.hibernate.type.BasicTypeReference@697a92af
2024-11-02 22:25:30 [main] DEBUG o.hibernate.type.BasicTypeRegistry - Adding type registration java.time.ZoneOffset -> org.hibernate.type.BasicTypeReference@697a92af
2024-11-02 22:25:30 [main] DEBUG o.hibernate.type.BasicTypeRegistry - Adding type registration url -> org.hibernate.type.BasicTypeReference@7ea3839e
2024-11-02 22:25:30 [main] DEBUG o.hibernate.type.BasicTypeRegistry - Adding type registration java.net.URL -> org.hibernate.type.BasicTypeReference@7ea3839e
2024-11-02 22:25:30 [main] DEBUG o.hibernate.type.BasicTypeRegistry - Adding type registration row_version -> org.hibernate.type.BasicTypeReference@16b76858
2024-11-02 22:25:30 [main] DEBUG o.hibernate.type.BasicTypeRegistry - Adding type registration object -> org.hibernate.type.JavaObjectType@44eb2452
2024-11-02 22:25:30 [main] DEBUG o.hibernate.type.BasicTypeRegistry - Adding type registration java.lang.Object -> org.hibernate.type.JavaObjectType@44eb2452
2024-11-02 22:25:30 [main] DEBUG o.hibernate.type.BasicTypeRegistry - Adding type registration null -> org.hibernate.type.NullType@2086d469
2024-11-02 22:25:30 [main] DEBUG o.hibernate.type.BasicTypeRegistry - Adding type registration imm_date -> org.hibernate.type.BasicTypeReference@b1d19ff
2024-11-02 22:25:30 [main] DEBUG o.hibernate.type.BasicTypeRegistry - Adding type registration imm_time -> org.hibernate.type.BasicTypeReference@17c53dfb
2024-11-02 22:25:30 [main] DEBUG o.hibernate.type.BasicTypeRegistry - Adding type registration imm_timestamp -> org.hibernate.type.BasicTypeReference@efe49ab
2024-11-02 22:25:30 [main] DEBUG o.hibernate.type.BasicTypeRegistry - Adding type registration imm_calendar -> org.hibernate.type.BasicTypeReference@6dcf7b6a
2024-11-02 22:25:30 [main] DEBUG o.hibernate.type.BasicTypeRegistry - Adding type registration imm_calendar_date -> org.hibernate.type.BasicTypeReference@53dba9cd
2024-11-02 22:25:30 [main] DEBUG o.hibernate.type.BasicTypeRegistry - Adding type registration imm_calendar_time -> org.hibernate.type.BasicTypeReference@247bbfba
2024-11-02 22:25:30 [main] DEBUG o.hibernate.type.BasicTypeRegistry - Adding type registration imm_binary -> org.hibernate.type.BasicTypeReference@5834198f
2024-11-02 22:25:30 [main] DEBUG o.hibernate.type.BasicTypeRegistry - Adding type registration imm_serializable -> org.hibernate.type.BasicTypeReference@4eb63dc8
2024-11-02 22:25:31 [main] INFO  o.s.o.j.p.SpringPersistenceUnitInfo - No LoadTimeWeaver setup: ignoring JPA class transformer
2024-11-02 22:25:31 [main] WARN  org.hibernate.orm.deprecation - HHH90000025: H2Dialect does not need to be specified explicitly using 'hibernate.dialect' (remove the property setting and it will be selected by default)
2024-11-02 22:25:31 [main] DEBUG o.h.t.d.jdbc.spi.JdbcTypeRegistry - addDescriptor(NCharTypeDescriptor) replaced previous registration(CharTypeDescriptor)
2024-11-02 22:25:31 [main] DEBUG o.h.t.d.jdbc.spi.JdbcTypeRegistry - addDescriptor(NVarcharTypeDescriptor) replaced previous registration(VarcharTypeDescriptor)
2024-11-02 22:25:31 [main] DEBUG o.h.t.d.jdbc.spi.JdbcTypeRegistry - addDescriptor(LongNVarcharTypeDescriptor) replaced previous registration(LongVarcharTypeDescriptor)
2024-11-02 22:25:31 [main] DEBUG o.h.t.d.jdbc.spi.JdbcTypeRegistry - addDescriptor(NClobTypeDescriptor(DEFAULT)) replaced previous registration(ClobTypeDescriptor(DEFAULT))
2024-11-02 22:25:31 [main] DEBUG o.h.t.d.jdbc.spi.JdbcTypeRegistry - addDescriptor(2005, ClobTypeDescriptor(STREAM_BINDING)) replaced previous registration(ClobTypeDescriptor(DEFAULT))
2024-11-02 22:25:31 [main] DEBUG o.h.t.d.jdbc.spi.JdbcTypeRegistry - addDescriptor(TimestampUtcDescriptor) replaced previous registration(TimestampUtcDescriptor)
2024-11-02 22:25:31 [main] DEBUG o.hibernate.type.BasicTypeRegistry - Adding type registration Duration -> basicType@1(java.time.Duration,2)
2024-11-02 22:25:31 [main] DEBUG o.hibernate.type.BasicTypeRegistry - Adding type registration java.time.Duration -> basicType@1(java.time.Duration,2)
2024-11-02 22:25:31 [main] DEBUG o.h.type.spi.TypeConfiguration$Scope - Scoping TypeConfiguration [org.hibernate.type.spi.TypeConfiguration@6cde0c69] to MetadataBuildingContext [org.hibernate.boot.internal.MetadataBuildingContextRootImpl@6f4d2294]
2024-11-02 22:25:33 [main] INFO  o.h.e.t.j.p.i.JtaPlatformInitiator - HHH000489: No JTA platform available (set 'hibernate.transaction.jta.platform' to enable JTA platform integration)
2024-11-02 22:25:33 [main] DEBUG o.h.type.spi.TypeConfiguration$Scope - Scoping TypeConfiguration [org.hibernate.type.spi.TypeConfiguration@6cde0c69] to SessionFactoryImplementor [org.hibernate.internal.SessionFactoryImpl@7c3ae369]
2024-11-02 22:25:33 [main] TRACE o.h.type.spi.TypeConfiguration$Scope - Handling #sessionFactoryCreated from [org.hibernate.internal.SessionFactoryImpl@7c3ae369] for TypeConfiguration
2024-11-02 22:25:33 [main] INFO  o.s.o.j.LocalContainerEntityManagerFactoryBean - Initialized JPA EntityManagerFactory for persistence unit 'default'
2024-11-02 22:25:34 [main] WARN  o.s.c.LocalVariableTableParameterNameDiscoverer - Using deprecated '-debug' fallback for parameter name resolution. Compile the affected code with '-parameters' instead or avoid its introspection: org.example.Entity.repository.InvestorRepo
2024-11-02 22:25:34 [main] WARN  o.s.c.LocalVariableTableParameterNameDiscoverer - Using deprecated '-debug' fallback for parameter name resolution. Compile the affected code with '-parameters' instead or avoid its introspection: org.example.Entity.repository.InvestmentRepo
2024-11-02 22:25:34 [main] WARN  o.s.b.w.s.c.AnnotationConfigServletWebServerApplicationContext - Exception encountered during context initialization - cancelling refresh attempt: org.springframework.beans.factory.UnsatisfiedDependencyException: Error creating bean with name 'main': Unsatisfied dependency expressed through constructor parameter 0: Error creating bean with name 'investorService' defined in file [C:\Users\Pc\Desktop\CroudInvest\target\classes\org\example\Entity\service\InvestorService.class]: Unsatisfied dependency expressed through constructor parameter 1: Error creating bean with name 'investmentService' defined in file [C:\Users\Pc\Desktop\CroudInvest\target\classes\org\example\Entity\service\InvestmentService.class]: Unsatisfied dependency expressed through constructor parameter 1: Error creating bean with name 'investorService': Requested bean is currently in creation: Is there an unresolvable circular reference?
2024-11-02 22:25:34 [main] INFO  o.s.o.j.LocalContainerEntityManagerFactoryBean - Closing JPA EntityManagerFactory for persistence unit 'default'
2024-11-02 22:25:34 [main] TRACE o.h.type.spi.TypeConfiguration$Scope - Handling #sessionFactoryClosed from [org.hibernate.internal.SessionFactoryImpl@7c3ae369] for TypeConfiguration
2024-11-02 22:25:34 [main] DEBUG o.h.type.spi.TypeConfiguration$Scope - Un-scoping TypeConfiguration [org.hibernate.type.spi.TypeConfiguration$Scope@41041c31] from SessionFactory [org.hibernate.internal.SessionFactoryImpl@7c3ae369]
2024-11-02 22:25:34 [main] INFO  com.zaxxer.hikari.HikariDataSource - HikariPool-1 - Shutdown initiated...
2024-11-02 22:25:34 [main] INFO  com.zaxxer.hikari.HikariDataSource - HikariPool-1 - Shutdown completed.
2024-11-02 22:25:46 [main] INFO  org.example.Main - Starting Main using Java 19.0.1 with PID 13176 (C:\Users\Pc\Desktop\CroudInvest\target\classes started by Pc in C:\Users\Pc\Desktop\CroudInvest)
2024-11-02 22:25:46 [main] DEBUG org.example.Main - Running with Spring Boot v3.1.5, Spring v6.0.9
2024-11-02 22:25:46 [main] INFO  org.example.Main - No active profile set, falling back to 1 default profile: "default"
2024-11-02 22:25:48 [main] INFO  o.s.d.r.c.RepositoryConfigurationDelegate - Bootstrapping Spring Data JPA repositories in DEFAULT mode.
2024-11-02 22:25:48 [main] INFO  o.s.d.r.c.RepositoryConfigurationDelegate - Finished Spring Data repository scanning in 168 ms. Found 5 JPA repository interfaces.
2024-11-02 22:25:50 [main] INFO  o.s.b.w.e.tomcat.TomcatWebServer - Tomcat initialized with port(s): 8080 (http)
2024-11-02 22:25:50 [main] INFO  o.a.coyote.http11.Http11NioProtocol - Initializing ProtocolHandler ["http-nio-8080"]
2024-11-02 22:25:50 [main] INFO  o.a.catalina.core.StandardService - Starting service [Tomcat]
2024-11-02 22:25:50 [main] INFO  o.a.catalina.core.StandardEngine - Starting Servlet engine: [Apache Tomcat/10.1.15]
2024-11-02 22:25:51 [main] INFO  o.a.c.c.C.[Tomcat].[localhost].[/] - Initializing Spring embedded WebApplicationContext
2024-11-02 22:25:51 [main] INFO  o.s.b.w.s.c.ServletWebServerApplicationContext - Root WebApplicationContext: initialization completed in 4780 ms
2024-11-02 22:25:51 [main] INFO  com.zaxxer.hikari.HikariDataSource - HikariPool-1 - Starting...
2024-11-02 22:25:51 [main] INFO  com.zaxxer.hikari.pool.HikariPool - HikariPool-1 - Added connection conn0: url=jdbc:h2:file:./data/demo user=SA
2024-11-02 22:25:51 [main] INFO  com.zaxxer.hikari.HikariDataSource - HikariPool-1 - Start completed.
2024-11-02 22:25:51 [main] INFO  o.s.b.a.h.H2ConsoleAutoConfiguration - H2 console available at '/h2-console'. Database available at 'jdbc:h2:file:./data/demo'
2024-11-02 22:25:52 [main] DEBUG org.example.config.jwt.JwtFilter - Filter 'jwtFilter' configured for use
2024-11-02 22:25:52 [main] INFO  o.h.jpa.internal.util.LogHelper - HHH000204: Processing PersistenceUnitInfo [name: default]
2024-11-02 22:25:52 [main] INFO  org.hibernate.Version - HHH000412: Hibernate ORM core version 6.2.13.Final
2024-11-02 22:25:52 [main] INFO  org.hibernate.cfg.Environment - HHH000406: Using bytecode reflection optimizer
2024-11-02 22:25:52 [main] DEBUG o.hibernate.type.BasicTypeRegistry - Adding type registration boolean -> org.hibernate.type.BasicTypeReference@77ab5214
2024-11-02 22:25:52 [main] DEBUG o.hibernate.type.BasicTypeRegistry - Adding type registration boolean -> org.hibernate.type.BasicTypeReference@77ab5214
2024-11-02 22:25:52 [main] DEBUG o.hibernate.type.BasicTypeRegistry - Adding type registration java.lang.Boolean -> org.hibernate.type.BasicTypeReference@77ab5214
2024-11-02 22:25:52 [main] DEBUG o.hibernate.type.BasicTypeRegistry - Adding type registration numeric_boolean -> org.hibernate.type.BasicTypeReference@6d420cdd
2024-11-02 22:25:52 [main] DEBUG o.hibernate.type.BasicTypeRegistry - Adding type registration org.hibernate.type.NumericBooleanConverter -> org.hibernate.type.BasicTypeReference@6d420cdd
2024-11-02 22:25:52 [main] DEBUG o.hibernate.type.BasicTypeRegistry - Adding type registration true_false -> org.hibernate.type.BasicTypeReference@bd273b2
2024-11-02 22:25:52 [main] DEBUG o.hibernate.type.BasicTypeRegistry - Adding type registration org.hibernate.type.TrueFalseConverter -> org.hibernate.type.BasicTypeReference@bd273b2
2024-11-02 22:25:52 [main] DEBUG o.hibernate.type.BasicTypeRegistry - Adding type registration yes_no -> org.hibernate.type.BasicTypeReference@78128dd0
2024-11-02 22:25:52 [main] DEBUG o.hibernate.type.BasicTypeRegistry - Adding type registration org.hibernate.type.YesNoConverter -> org.hibernate.type.BasicTypeReference@78128dd0
2024-11-02 22:25:52 [main] DEBUG o.hibernate.type.BasicTypeRegistry - Adding type registration byte -> org.hibernate.type.BasicTypeReference@55044b34
2024-11-02 22:25:52 [main] DEBUG o.hibernate.type.BasicTypeRegistry - Adding type registration byte -> org.hibernate.type.BasicTypeReference@55044b34
2024-11-02 22:25:52 [main] DEBUG o.hibernate.type.BasicTypeRegistry - Adding type registration java.lang.Byte -> org.hibernate.type.BasicTypeReference@55044b34
2024-11-02 22:25:52 [main] DEBUG o.hibernate.type.BasicTypeRegistry - Adding type registration binary -> org.hibernate.type.BasicTypeReference@28dd81ad
2024-11-02 22:25:52 [main] DEBUG o.hibernate.type.BasicTypeRegistry - Adding type registration byte[] -> org.hibernate.type.BasicTypeReference@28dd81ad
2024-11-02 22:25:52 [main] DEBUG o.hibernate.type.BasicTypeRegistry - Adding type registration [B -> org.hibernate.type.BasicTypeReference@28dd81ad
2024-11-02 22:25:52 [main] DEBUG o.hibernate.type.BasicTypeRegistry - Adding type registration binary_wrapper -> org.hibernate.type.BasicTypeReference@300a38e7
2024-11-02 22:25:52 [main] DEBUG o.hibernate.type.BasicTypeRegistry - Adding type registration wrapper-binary -> org.hibernate.type.BasicTypeReference@300a38e7
2024-11-02 22:25:52 [main] DEBUG o.hibernate.type.BasicTypeRegistry - Adding type registration image -> org.hibernate.type.BasicTypeReference@5c9a4f3b
2024-11-02 22:25:52 [main] DEBUG o.hibernate.type.BasicTypeRegistry - Adding type registration blob -> org.hibernate.type.BasicTypeReference@2bb0e277
2024-11-02 22:25:52 [main] DEBUG o.hibernate.type.BasicTypeRegistry - Adding type registration java.sql.Blob -> org.hibernate.type.BasicTypeReference@2bb0e277
2024-11-02 22:25:52 [main] DEBUG o.hibernate.type.BasicTypeRegistry - Adding type registration materialized_blob -> org.hibernate.type.BasicTypeReference@6f24ce45
2024-11-02 22:25:52 [main] DEBUG o.hibernate.type.BasicTypeRegistry - Adding type registration materialized_blob_wrapper -> org.hibernate.type.BasicTypeReference@e881e46
2024-11-02 22:25:52 [main] DEBUG o.hibernate.type.BasicTypeRegistry - Adding type registration short -> org.hibernate.type.BasicTypeReference@657b3b
2024-11-02 22:25:52 [main] DEBUG o.hibernate.type.BasicTypeRegistry - Adding type registration short -> org.hibernate.type.BasicTypeReference@657b3b
2024-11-02 22:25:52 [main] DEBUG o.hibernate.type.BasicTypeRegistry - Adding type registration java.lang.Short -> org.hibernate.type.BasicTypeReference@657b3b
2024-11-02 22:25:52 [main] DEBUG o.hibernate.type.BasicTypeRegistry - Adding type registration integer -> org.hibernate.type.BasicTypeReference@2cea921a
2024-11-02 22:25:52 [main] DEBUG o.hibernate.type.BasicTypeRegistry - Adding type registration int -> org.hibernate.type.BasicTypeReference@2cea921a
2024-11-02 22:25:52 [main] DEBUG o.hibernate.type.BasicTypeRegistry - Adding type registration java.lang.Integer -> org.hibernate.type.BasicTypeReference@2cea921a
2024-11-02 22:25:52 [main] DEBUG o.hibernate.type.BasicTypeRegistry - Adding type registration long -> org.hibernate.type.BasicTypeReference@65753724
2024-11-02 22:25:52 [main] DEBUG o.hibernate.type.BasicTypeRegistry - Adding type registration long -> org.hibernate.type.BasicTypeReference@65753724
2024-11-02 22:25:52 [main] DEBUG o.hibernate.type.BasicTypeRegistry - Adding type registration java.lang.Long -> org.hibernate.type.BasicTypeReference@65753724
2024-11-02 22:25:52 [main] DEBUG o.hibernate.type.BasicTypeRegistry - Adding type registration float -> org.hibernate.type.BasicTypeReference@2bc16fe2
2024-11-02 22:25:52 [main] DEBUG o.hibernate.type.BasicTypeRegistry - Adding type registration float -> org.hibernate.type.BasicTypeReference@2bc16fe2
2024-11-02 22:25:52 [main] DEBUG o.hibernate.type.BasicTypeRegistry - Adding type registration java.lang.Float -> org.hibernate.type.BasicTypeReference@2bc16fe2
2024-11-02 22:25:52 [main] DEBUG o.hibernate.type.BasicTypeRegistry - Adding type registration double -> org.hibernate.type.BasicTypeReference@d66502
2024-11-02 22:25:52 [main] DEBUG o.hibernate.type.BasicTypeRegistry - Adding type registration double -> org.hibernate.type.BasicTypeReference@d66502
2024-11-02 22:25:52 [main] DEBUG o.hibernate.type.BasicTypeRegistry - Adding type registration java.lang.Double -> org.hibernate.type.BasicTypeReference@d66502
2024-11-02 22:25:52 [main] DEBUG o.hibernate.type.BasicTypeRegistry - Adding type registration big_integer -> org.hibernate.type.BasicTypeReference@78545d40
2024-11-02 22:25:52 [main] DEBUG o.hibernate.type.BasicTypeRegistry - Adding type registration java.math.BigInteger -> org.hibernate.type.BasicTypeReference@78545d40
2024-11-02 22:25:52 [main] DEBUG o.hibernate.type.BasicTypeRegistry - Adding type registration big_decimal -> org.hibernate.type.BasicTypeReference@34549979
2024-11-02 22:25:52 [main] DEBUG o.hibernate.type.BasicTypeRegistry - Adding type registration java.math.BigDecimal -> org.hibernate.type.BasicTypeReference@34549979
2024-11-02 22:25:52 [main] DEBUG o.hibernate.type.BasicTypeRegistry - Adding type registration character -> org.hibernate.type.BasicTypeReference@144a5e6e
2024-11-02 22:25:52 [main] DEBUG o.hibernate.type.BasicTypeRegistry - Adding type registration char -> org.hibernate.type.BasicTypeReference@144a5e6e
2024-11-02 22:25:52 [main] DEBUG o.hibernate.type.BasicTypeRegistry - Adding type registration java.lang.Character -> org.hibernate.type.BasicTypeReference@144a5e6e
2024-11-02 22:25:52 [main] DEBUG o.hibernate.type.BasicTypeRegistry - Adding type registration character_nchar -> org.hibernate.type.BasicTypeReference@2707c790
2024-11-02 22:25:52 [main] DEBUG o.hibernate.type.BasicTypeRegistry - Adding type registration string -> org.hibernate.type.BasicTypeReference@7de3206d
2024-11-02 22:25:52 [main] DEBUG o.hibernate.type.BasicTypeRegistry - Adding type registration java.lang.String -> org.hibernate.type.BasicTypeReference@7de3206d
2024-11-02 22:25:52 [main] DEBUG o.hibernate.type.BasicTypeRegistry - Adding type registration nstring -> org.hibernate.type.BasicTypeReference@6dece1f9
2024-11-02 22:25:52 [main] DEBUG o.hibernate.type.BasicTypeRegistry - Adding type registration characters -> org.hibernate.type.BasicTypeReference@2b936b04
2024-11-02 22:25:52 [main] DEBUG o.hibernate.type.BasicTypeRegistry - Adding type registration char[] -> org.hibernate.type.BasicTypeReference@2b936b04
2024-11-02 22:25:52 [main] DEBUG o.hibernate.type.BasicTypeRegistry - Adding type registration [C -> org.hibernate.type.BasicTypeReference@2b936b04
2024-11-02 22:25:52 [main] DEBUG o.hibernate.type.BasicTypeRegistry - Adding type registration wrapper-characters -> org.hibernate.type.BasicTypeReference@32b112a1
2024-11-02 22:25:52 [main] DEBUG o.hibernate.type.BasicTypeRegistry - Adding type registration text -> org.hibernate.type.BasicTypeReference@5635bcd2
2024-11-02 22:25:52 [main] DEBUG o.hibernate.type.BasicTypeRegistry - Adding type registration ntext -> org.hibernate.type.BasicTypeReference@5c5c7cc4
2024-11-02 22:25:52 [main] DEBUG o.hibernate.type.BasicTypeRegistry - Adding type registration clob -> org.hibernate.type.BasicTypeReference@6c27e700
2024-11-02 22:25:52 [main] DEBUG o.hibernate.type.BasicTypeRegistry - Adding type registration java.sql.Clob -> org.hibernate.type.BasicTypeReference@6c27e700
2024-11-02 22:25:52 [main] DEBUG o.hibernate.type.BasicTypeRegistry - Adding type registration nclob -> org.hibernate.type.BasicTypeReference@56b9d43f
2024-11-02 22:25:52 [main] DEBUG o.hibernate.type.BasicTypeRegistry - Adding type registration java.sql.NClob -> org.hibernate.type.BasicTypeReference@56b9d43f
2024-11-02 22:25:52 [main] DEBUG o.hibernate.type.BasicTypeRegistry - Adding type registration materialized_clob -> org.hibernate.type.BasicTypeReference@2d913116
2024-11-02 22:25:52 [main] DEBUG o.hibernate.type.BasicTypeRegistry - Adding type registration materialized_clob_char_array -> org.hibernate.type.BasicTypeReference@1214d23c
2024-11-02 22:25:52 [main] DEBUG o.hibernate.type.BasicTypeRegistry - Adding type registration materialized_clob_character_array -> org.hibernate.type.BasicTypeReference@41582899
2024-11-02 22:25:52 [main] DEBUG o.hibernate.type.BasicTypeRegistry - Adding type registration materialized_nclob -> org.hibernate.type.BasicTypeReference@595814a1
2024-11-02 22:25:52 [main] DEBUG o.hibernate.type.BasicTypeRegistry - Adding type registration materialized_nclob_character_array -> org.hibernate.type.BasicTypeReference@7de5871d
2024-11-02 22:25:52 [main] DEBUG o.hibernate.type.BasicTypeRegistry - Adding type registration materialized_nclob_char_array -> org.hibernate.type.BasicTypeReference@49d42faf
2024-11-02 22:25:52 [main] DEBUG o.hibernate.type.BasicTypeRegistry - Adding type registration Duration -> org.hibernate.type.BasicTypeReference@4948daec
2024-11-02 22:25:52 [main] DEBUG o.hibernate.type.BasicTypeRegistry - Adding type registration java.time.Duration -> org.hibernate.type.BasicTypeReference@4948daec
2024-11-02 22:25:52 [main] DEBUG o.hibernate.type.BasicTypeRegistry - Adding type registration LocalDateTime -> org.hibernate.type.BasicTypeReference@502c2278
2024-11-02 22:25:52 [main] DEBUG o.hibernate.type.BasicTypeRegistry - Adding type registration java.time.LocalDateTime -> org.hibernate.type.BasicTypeReference@502c2278
2024-11-02 22:25:52 [main] DEBUG o.hibernate.type.BasicTypeRegistry - Adding type registration LocalDate -> org.hibernate.type.BasicTypeReference@1209a0f
2024-11-02 22:25:52 [main] DEBUG o.hibernate.type.BasicTypeRegistry - Adding type registration java.time.LocalDate -> org.hibernate.type.BasicTypeReference@1209a0f
2024-11-02 22:25:52 [main] DEBUG o.hibernate.type.BasicTypeRegistry - Adding type registration LocalTime -> org.hibernate.type.BasicTypeReference@696174d3
2024-11-02 22:25:52 [main] DEBUG o.hibernate.type.BasicTypeRegistry - Adding type registration java.time.LocalTime -> org.hibernate.type.BasicTypeReference@696174d3
2024-11-02 22:25:52 [main] DEBUG o.hibernate.type.BasicTypeRegistry - Adding type registration OffsetDateTime -> org.hibernate.type.BasicTypeReference@66715ca9
2024-11-02 22:25:52 [main] DEBUG o.hibernate.type.BasicTypeRegistry - Adding type registration java.time.OffsetDateTime -> org.hibernate.type.BasicTypeReference@66715ca9
2024-11-02 22:25:52 [main] DEBUG o.hibernate.type.BasicTypeRegistry - Adding type registration OffsetDateTimeWithTimezone -> org.hibernate.type.BasicTypeReference@577f9dfd
2024-11-02 22:25:52 [main] DEBUG o.hibernate.type.BasicTypeRegistry - Adding type registration OffsetDateTimeWithoutTimezone -> org.hibernate.type.BasicTypeReference@520a95ff
2024-11-02 22:25:52 [main] DEBUG o.hibernate.type.BasicTypeRegistry - Adding type registration OffsetTime -> org.hibernate.type.BasicTypeReference@30afb481
2024-11-02 22:25:52 [main] DEBUG o.hibernate.type.BasicTypeRegistry - Adding type registration java.time.OffsetTime -> org.hibernate.type.BasicTypeReference@30afb481
2024-11-02 22:25:52 [main] DEBUG o.hibernate.type.BasicTypeRegistry - Adding type registration OffsetTimeUtc -> org.hibernate.type.BasicTypeReference@5c573229
2024-11-02 22:25:52 [main] DEBUG o.hibernate.type.BasicTypeRegistry - Adding type registration OffsetTimeWithTimezone -> org.hibernate.type.BasicTypeReference@77ecdc2b
2024-11-02 22:25:52 [main] DEBUG o.hibernate.type.BasicTypeRegistry - Adding type registration OffsetTimeWithoutTimezone -> org.hibernate.type.BasicTypeReference@714f1a44
2024-11-02 22:25:52 [main] DEBUG o.hibernate.type.BasicTypeRegistry - Adding type registration ZonedDateTime -> org.hibernate.type.BasicTypeReference@3c09a350
2024-11-02 22:25:52 [main] DEBUG o.hibernate.type.BasicTypeRegistry - Adding type registration java.time.ZonedDateTime -> org.hibernate.type.BasicTypeReference@3c09a350
2024-11-02 22:25:52 [main] DEBUG o.hibernate.type.BasicTypeRegistry - Adding type registration ZonedDateTimeWithTimezone -> org.hibernate.type.BasicTypeReference@592a1882
2024-11-02 22:25:52 [main] DEBUG o.hibernate.type.BasicTypeRegistry - Adding type registration ZonedDateTimeWithoutTimezone -> org.hibernate.type.BasicTypeReference@48368a08
2024-11-02 22:25:52 [main] DEBUG o.hibernate.type.BasicTypeRegistry - Adding type registration date -> org.hibernate.type.BasicTypeReference@41a23470
2024-11-02 22:25:52 [main] DEBUG o.hibernate.type.BasicTypeRegistry - Adding type registration java.sql.Date -> org.hibernate.type.BasicTypeReference@41a23470
2024-11-02 22:25:52 [main] DEBUG o.hibernate.type.BasicTypeRegistry - Adding type registration time -> org.hibernate.type.BasicTypeReference@30c01c37
2024-11-02 22:25:52 [main] DEBUG o.hibernate.type.BasicTypeRegistry - Adding type registration java.sql.Time -> org.hibernate.type.BasicTypeReference@30c01c37
2024-11-02 22:25:52 [main] DEBUG o.hibernate.type.BasicTypeRegistry - Adding type registration timestamp -> org.hibernate.type.BasicTypeReference@39a7eca5
2024-11-02 22:25:52 [main] DEBUG o.hibernate.type.BasicTypeRegistry - Adding type registration java.sql.Timestamp -> org.hibernate.type.BasicTypeReference@39a7eca5
2024-11-02 22:25:52 [main] DEBUG o.hibernate.type.BasicTypeRegistry - Adding type registration java.util.Date -> org.hibernate.type.BasicTypeReference@39a7eca5
2024-11-02 22:25:52 [main] DEBUG o.hibernate.type.BasicTypeRegistry - Adding type registration calendar -> org.hibernate.type.BasicTypeReference@45bd4753
2024-11-02 22:25:52 [main] DEBUG o.hibernate.type.BasicTypeRegistry - Adding type registration java.util.Calendar -> org.hibernate.type.BasicTypeReference@45bd4753
2024-11-02 22:25:52 [main] DEBUG o.hibernate.type.BasicTypeRegistry - Adding type registration java.util.GregorianCalendar -> org.hibernate.type.BasicTypeReference@45bd4753
2024-11-02 22:25:52 [main] DEBUG o.hibernate.type.BasicTypeRegistry - Adding type registration calendar_date -> org.hibernate.type.BasicTypeReference@156cfa20
2024-11-02 22:25:52 [main] DEBUG o.hibernate.type.BasicTypeRegistry - Adding type registration calendar_time -> org.hibernate.type.BasicTypeReference@25fd6d1e
2024-11-02 22:25:52 [main] DEBUG o.hibernate.type.BasicTypeRegistry - Adding type registration instant -> org.hibernate.type.BasicTypeReference@23396fc0
2024-11-02 22:25:52 [main] DEBUG o.hibernate.type.BasicTypeRegistry - Adding type registration java.time.Instant -> org.hibernate.type.BasicTypeReference@23396fc0
2024-11-02 22:25:52 [main] DEBUG o.hibernate.type.BasicTypeRegistry - Adding type registration uuid -> org.hibernate.type.BasicTypeReference@c11332b
2024-11-02 22:25:52 [main] DEBUG o.hibernate.type.BasicTypeRegistry - Adding type registration java.util.UUID -> org.hibernate.type.BasicTypeReference@c11332b
2024-11-02 22:25:52 [main] DEBUG o.hibernate.type.BasicTypeRegistry - Adding type registration pg-uuid -> org.hibernate.type.BasicTypeReference@c11332b
2024-11-02 22:25:52 [main] DEBUG o.hibernate.type.BasicTypeRegistry - Adding type registration uuid-binary -> org.hibernate.type.BasicTypeReference@7e5e6573
2024-11-02 22:25:52 [main] DEBUG o.hibernate.type.BasicTypeRegistry - Adding type registration uuid-char -> org.hibernate.type.BasicTypeReference@3005623b
2024-11-02 22:25:52 [main] DEBUG o.hibernate.type.BasicTypeRegistry - Adding type registration class -> org.hibernate.type.BasicTypeReference@58aa5c94
2024-11-02 22:25:52 [main] DEBUG o.hibernate.type.BasicTypeRegistry - Adding type registration java.lang.Class -> org.hibernate.type.BasicTypeReference@58aa5c94
2024-11-02 22:25:52 [main] DEBUG o.hibernate.type.BasicTypeRegistry - Adding type registration currency -> org.hibernate.type.BasicTypeReference@5d27b4c1
2024-11-02 22:25:52 [main] DEBUG o.hibernate.type.BasicTypeRegistry - Adding type registration Currency -> org.hibernate.type.BasicTypeReference@5d27b4c1
2024-11-02 22:25:52 [main] DEBUG o.hibernate.type.BasicTypeRegistry - Adding type registration java.util.Currency -> org.hibernate.type.BasicTypeReference@5d27b4c1
2024-11-02 22:25:52 [main] DEBUG o.hibernate.type.BasicTypeRegistry - Adding type registration locale -> org.hibernate.type.BasicTypeReference@50df37eb
2024-11-02 22:25:52 [main] DEBUG o.hibernate.type.BasicTypeRegistry - Adding type registration java.util.Locale -> org.hibernate.type.BasicTypeReference@50df37eb
2024-11-02 22:25:52 [main] DEBUG o.hibernate.type.BasicTypeRegistry - Adding type registration serializable -> org.hibernate.type.BasicTypeReference@4b508371
2024-11-02 22:25:52 [main] DEBUG o.hibernate.type.BasicTypeRegistry - Adding type registration java.io.Serializable -> org.hibernate.type.BasicTypeReference@4b508371
2024-11-02 22:25:52 [main] DEBUG o.hibernate.type.BasicTypeRegistry - Adding type registration timezone -> org.hibernate.type.BasicTypeReference@41143873
2024-11-02 22:25:52 [main] DEBUG o.hibernate.type.BasicTypeRegistry - Adding type registration java.util.TimeZone -> org.hibernate.type.BasicTypeReference@41143873
2024-11-02 22:25:52 [main] DEBUG o.hibernate.type.BasicTypeRegistry - Adding type registration ZoneOffset -> org.hibernate.type.BasicTypeReference@21f50d2c
2024-11-02 22:25:52 [main] DEBUG o.hibernate.type.BasicTypeRegistry - Adding type registration java.time.ZoneOffset -> org.hibernate.type.BasicTypeReference@21f50d2c
2024-11-02 22:25:52 [main] DEBUG o.hibernate.type.BasicTypeRegistry - Adding type registration url -> org.hibernate.type.BasicTypeReference@8bc0696
2024-11-02 22:25:52 [main] DEBUG o.hibernate.type.BasicTypeRegistry - Adding type registration java.net.URL -> org.hibernate.type.BasicTypeReference@8bc0696
2024-11-02 22:25:52 [main] DEBUG o.hibernate.type.BasicTypeRegistry - Adding type registration row_version -> org.hibernate.type.BasicTypeReference@473847fb
2024-11-02 22:25:52 [main] DEBUG o.hibernate.type.BasicTypeRegistry - Adding type registration object -> org.hibernate.type.JavaObjectType@59a2d756
2024-11-02 22:25:52 [main] DEBUG o.hibernate.type.BasicTypeRegistry - Adding type registration java.lang.Object -> org.hibernate.type.JavaObjectType@59a2d756
2024-11-02 22:25:52 [main] DEBUG o.hibernate.type.BasicTypeRegistry - Adding type registration null -> org.hibernate.type.NullType@20864cd1
2024-11-02 22:25:52 [main] DEBUG o.hibernate.type.BasicTypeRegistry - Adding type registration imm_date -> org.hibernate.type.BasicTypeReference@5c839677
2024-11-02 22:25:52 [main] DEBUG o.hibernate.type.BasicTypeRegistry - Adding type registration imm_time -> org.hibernate.type.BasicTypeReference@3193e21d
2024-11-02 22:25:52 [main] DEBUG o.hibernate.type.BasicTypeRegistry - Adding type registration imm_timestamp -> org.hibernate.type.BasicTypeReference@6b126187
2024-11-02 22:25:52 [main] DEBUG o.hibernate.type.BasicTypeRegistry - Adding type registration imm_calendar -> org.hibernate.type.BasicTypeReference@2b6262bc
2024-11-02 22:25:52 [main] DEBUG o.hibernate.type.BasicTypeRegistry - Adding type registration imm_calendar_date -> org.hibernate.type.BasicTypeReference@5cffec7
2024-11-02 22:25:52 [main] DEBUG o.hibernate.type.BasicTypeRegistry - Adding type registration imm_calendar_time -> org.hibernate.type.BasicTypeReference@7e81617a
2024-11-02 22:25:52 [main] DEBUG o.hibernate.type.BasicTypeRegistry - Adding type registration imm_binary -> org.hibernate.type.BasicTypeReference@6e73974
2024-11-02 22:25:52 [main] DEBUG o.hibernate.type.BasicTypeRegistry - Adding type registration imm_serializable -> org.hibernate.type.BasicTypeReference@3e28dc96
2024-11-02 22:25:53 [main] INFO  o.s.o.j.p.SpringPersistenceUnitInfo - No LoadTimeWeaver setup: ignoring JPA class transformer
2024-11-02 22:25:53 [main] WARN  org.hibernate.orm.deprecation - HHH90000025: H2Dialect does not need to be specified explicitly using 'hibernate.dialect' (remove the property setting and it will be selected by default)
2024-11-02 22:25:53 [main] DEBUG o.h.t.d.jdbc.spi.JdbcTypeRegistry - addDescriptor(NCharTypeDescriptor) replaced previous registration(CharTypeDescriptor)
2024-11-02 22:25:53 [main] DEBUG o.h.t.d.jdbc.spi.JdbcTypeRegistry - addDescriptor(NVarcharTypeDescriptor) replaced previous registration(VarcharTypeDescriptor)
2024-11-02 22:25:53 [main] DEBUG o.h.t.d.jdbc.spi.JdbcTypeRegistry - addDescriptor(LongNVarcharTypeDescriptor) replaced previous registration(LongVarcharTypeDescriptor)
2024-11-02 22:25:53 [main] DEBUG o.h.t.d.jdbc.spi.JdbcTypeRegistry - addDescriptor(NClobTypeDescriptor(DEFAULT)) replaced previous registration(ClobTypeDescriptor(DEFAULT))
2024-11-02 22:25:53 [main] DEBUG o.h.t.d.jdbc.spi.JdbcTypeRegistry - addDescriptor(2005, ClobTypeDescriptor(STREAM_BINDING)) replaced previous registration(ClobTypeDescriptor(DEFAULT))
2024-11-02 22:25:53 [main] DEBUG o.h.t.d.jdbc.spi.JdbcTypeRegistry - addDescriptor(TimestampUtcDescriptor) replaced previous registration(TimestampUtcDescriptor)
2024-11-02 22:25:53 [main] DEBUG o.hibernate.type.BasicTypeRegistry - Adding type registration Duration -> basicType@1(java.time.Duration,2)
2024-11-02 22:25:53 [main] DEBUG o.hibernate.type.BasicTypeRegistry - Adding type registration java.time.Duration -> basicType@1(java.time.Duration,2)
2024-11-02 22:25:53 [main] DEBUG o.h.type.spi.TypeConfiguration$Scope - Scoping TypeConfiguration [org.hibernate.type.spi.TypeConfiguration@4272d8cf] to MetadataBuildingContext [org.hibernate.boot.internal.MetadataBuildingContextRootImpl@4e96cb04]
2024-11-02 22:25:55 [main] INFO  o.h.e.t.j.p.i.JtaPlatformInitiator - HHH000489: No JTA platform available (set 'hibernate.transaction.jta.platform' to enable JTA platform integration)
2024-11-02 22:25:55 [main] DEBUG o.h.type.spi.TypeConfiguration$Scope - Scoping TypeConfiguration [org.hibernate.type.spi.TypeConfiguration@4272d8cf] to SessionFactoryImplementor [org.hibernate.internal.SessionFactoryImpl@2d527346]
2024-11-02 22:25:55 [main] TRACE o.h.type.spi.TypeConfiguration$Scope - Handling #sessionFactoryCreated from [org.hibernate.internal.SessionFactoryImpl@2d527346] for TypeConfiguration
2024-11-02 22:25:55 [main] INFO  o.s.o.j.LocalContainerEntityManagerFactoryBean - Initialized JPA EntityManagerFactory for persistence unit 'default'
2024-11-02 22:25:56 [main] WARN  o.s.c.LocalVariableTableParameterNameDiscoverer - Using deprecated '-debug' fallback for parameter name resolution. Compile the affected code with '-parameters' instead or avoid its introspection: org.example.Entity.repository.InvestorRepo
2024-11-02 22:25:56 [main] WARN  o.s.c.LocalVariableTableParameterNameDiscoverer - Using deprecated '-debug' fallback for parameter name resolution. Compile the affected code with '-parameters' instead or avoid its introspection: org.example.Entity.repository.InvestmentRepo
2024-11-02 22:25:56 [main] WARN  o.s.b.w.s.c.AnnotationConfigServletWebServerApplicationContext - Exception encountered during context initialization - cancelling refresh attempt: org.springframework.beans.factory.UnsatisfiedDependencyException: Error creating bean with name 'main': Unsatisfied dependency expressed through constructor parameter 0: Error creating bean with name 'investorService' defined in file [C:\Users\Pc\Desktop\CroudInvest\target\classes\org\example\Entity\service\InvestorService.class]: Unsatisfied dependency expressed through constructor parameter 1: Error creating bean with name 'investmentService' defined in file [C:\Users\Pc\Desktop\CroudInvest\target\classes\org\example\Entity\service\InvestmentService.class]: Unsatisfied dependency expressed through constructor parameter 1: Error creating bean with name 'investorService': Requested bean is currently in creation: Is there an unresolvable circular reference?
2024-11-02 22:25:56 [main] INFO  o.s.o.j.LocalContainerEntityManagerFactoryBean - Closing JPA EntityManagerFactory for persistence unit 'default'
2024-11-02 22:25:56 [main] TRACE o.h.type.spi.TypeConfiguration$Scope - Handling #sessionFactoryClosed from [org.hibernate.internal.SessionFactoryImpl@2d527346] for TypeConfiguration
2024-11-02 22:25:56 [main] DEBUG o.h.type.spi.TypeConfiguration$Scope - Un-scoping TypeConfiguration [org.hibernate.type.spi.TypeConfiguration$Scope@1e1d813a] from SessionFactory [org.hibernate.internal.SessionFactoryImpl@2d527346]
2024-11-02 22:25:56 [main] INFO  com.zaxxer.hikari.HikariDataSource - HikariPool-1 - Shutdown initiated...
2024-11-02 22:25:56 [main] INFO  com.zaxxer.hikari.HikariDataSource - HikariPool-1 - Shutdown completed.
2024-11-02 22:25:56 [main] INFO  o.a.catalina.core.StandardService - Stopping service [Tomcat]
2024-11-02 22:25:56 [main] INFO  o.s.b.a.l.ConditionEvaluationReportLogger - 

Error starting ApplicationContext. To display the condition evaluation report re-run your application with 'debug' enabled.
2024-11-02 22:25:56 [main] ERROR o.s.b.d.LoggingFailureAnalysisReporter - 

***************************
APPLICATION FAILED TO START
***************************

Description:

The dependencies of some of the beans in the application context form a cycle:

   main
┌─────┐
|  investorService defined in file [C:\Users\Pc\Desktop\CroudInvest\target\classes\org\example\Entity\service\InvestorService.class]
↑     ↓
|  investmentService defined in file [C:\Users\Pc\Desktop\CroudInvest\target\classes\org\example\Entity\service\InvestmentService.class]
└─────┘


Action:

Relying upon circular references is discouraged and they are prohibited by default. Update your application to remove the dependency cycle between beans. As a last resort, it may be possible to break the cycle automatically by setting spring.main.allow-circular-references to true.

2024-11-02 22:28:04 [main] INFO  org.example.Main - Starting Main using Java 19.0.1 with PID 9336 (C:\Users\Pc\Desktop\CroudInvest\target\classes started by Pc in C:\Users\Pc\Desktop\CroudInvest)
2024-11-02 22:28:04 [main] DEBUG org.example.Main - Running with Spring Boot v3.1.5, Spring v6.0.9
2024-11-02 22:28:04 [main] INFO  org.example.Main - No active profile set, falling back to 1 default profile: "default"
2024-11-02 22:28:06 [main] INFO  o.s.d.r.c.RepositoryConfigurationDelegate - Bootstrapping Spring Data JPA repositories in DEFAULT mode.
2024-11-02 22:28:07 [main] INFO  o.s.d.r.c.RepositoryConfigurationDelegate - Finished Spring Data repository scanning in 190 ms. Found 5 JPA repository interfaces.
2024-11-02 22:28:10 [main] INFO  o.s.b.w.e.tomcat.TomcatWebServer - Tomcat initialized with port(s): 8080 (http)
2024-11-02 22:28:10 [main] INFO  o.a.coyote.http11.Http11NioProtocol - Initializing ProtocolHandler ["http-nio-8080"]
2024-11-02 22:28:10 [main] INFO  o.a.catalina.core.StandardService - Starting service [Tomcat]
2024-11-02 22:28:10 [main] INFO  o.a.catalina.core.StandardEngine - Starting Servlet engine: [Apache Tomcat/10.1.15]
2024-11-02 22:28:10 [main] INFO  o.a.c.c.C.[Tomcat].[localhost].[/] - Initializing Spring embedded WebApplicationContext
2024-11-02 22:28:10 [main] INFO  o.s.b.w.s.c.ServletWebServerApplicationContext - Root WebApplicationContext: initialization completed in 6325 ms
2024-11-02 22:28:10 [main] INFO  com.zaxxer.hikari.HikariDataSource - HikariPool-1 - Starting...
2024-11-02 22:28:11 [main] INFO  com.zaxxer.hikari.pool.HikariPool - HikariPool-1 - Added connection conn0: url=jdbc:h2:file:./data/demo user=SA
2024-11-02 22:28:11 [main] INFO  com.zaxxer.hikari.HikariDataSource - HikariPool-1 - Start completed.
2024-11-02 22:28:11 [main] INFO  o.s.b.a.h.H2ConsoleAutoConfiguration - H2 console available at '/h2-console'. Database available at 'jdbc:h2:file:./data/demo'
2024-11-02 22:28:11 [main] DEBUG org.example.config.jwt.JwtFilter - Filter 'jwtFilter' configured for use
2024-11-02 22:28:11 [main] INFO  o.h.jpa.internal.util.LogHelper - HHH000204: Processing PersistenceUnitInfo [name: default]
2024-11-02 22:28:11 [main] INFO  org.hibernate.Version - HHH000412: Hibernate ORM core version 6.2.13.Final
2024-11-02 22:28:11 [main] INFO  org.hibernate.cfg.Environment - HHH000406: Using bytecode reflection optimizer
2024-11-02 22:28:12 [main] DEBUG o.hibernate.type.BasicTypeRegistry - Adding type registration boolean -> org.hibernate.type.BasicTypeReference@33ebe4f0
2024-11-02 22:28:12 [main] DEBUG o.hibernate.type.BasicTypeRegistry - Adding type registration boolean -> org.hibernate.type.BasicTypeReference@33ebe4f0
2024-11-02 22:28:12 [main] DEBUG o.hibernate.type.BasicTypeRegistry - Adding type registration java.lang.Boolean -> org.hibernate.type.BasicTypeReference@33ebe4f0
2024-11-02 22:28:12 [main] DEBUG o.hibernate.type.BasicTypeRegistry - Adding type registration numeric_boolean -> org.hibernate.type.BasicTypeReference@37cfda1c
2024-11-02 22:28:12 [main] DEBUG o.hibernate.type.BasicTypeRegistry - Adding type registration org.hibernate.type.NumericBooleanConverter -> org.hibernate.type.BasicTypeReference@37cfda1c
2024-11-02 22:28:12 [main] DEBUG o.hibernate.type.BasicTypeRegistry - Adding type registration true_false -> org.hibernate.type.BasicTypeReference@29147c12
2024-11-02 22:28:12 [main] DEBUG o.hibernate.type.BasicTypeRegistry - Adding type registration org.hibernate.type.TrueFalseConverter -> org.hibernate.type.BasicTypeReference@29147c12
2024-11-02 22:28:12 [main] DEBUG o.hibernate.type.BasicTypeRegistry - Adding type registration yes_no -> org.hibernate.type.BasicTypeReference@5f45bc8e
2024-11-02 22:28:12 [main] DEBUG o.hibernate.type.BasicTypeRegistry - Adding type registration org.hibernate.type.YesNoConverter -> org.hibernate.type.BasicTypeReference@5f45bc8e
2024-11-02 22:28:12 [main] DEBUG o.hibernate.type.BasicTypeRegistry - Adding type registration byte -> org.hibernate.type.BasicTypeReference@33e50ff2
2024-11-02 22:28:12 [main] DEBUG o.hibernate.type.BasicTypeRegistry - Adding type registration byte -> org.hibernate.type.BasicTypeReference@33e50ff2
2024-11-02 22:28:12 [main] DEBUG o.hibernate.type.BasicTypeRegistry - Adding type registration java.lang.Byte -> org.hibernate.type.BasicTypeReference@33e50ff2
2024-11-02 22:28:12 [main] DEBUG o.hibernate.type.BasicTypeRegistry - Adding type registration binary -> org.hibernate.type.BasicTypeReference@7ab33ca8
2024-11-02 22:28:12 [main] DEBUG o.hibernate.type.BasicTypeRegistry - Adding type registration byte[] -> org.hibernate.type.BasicTypeReference@7ab33ca8
2024-11-02 22:28:12 [main] DEBUG o.hibernate.type.BasicTypeRegistry - Adding type registration [B -> org.hibernate.type.BasicTypeReference@7ab33ca8
2024-11-02 22:28:12 [main] DEBUG o.hibernate.type.BasicTypeRegistry - Adding type registration binary_wrapper -> org.hibernate.type.BasicTypeReference@704d3b00
2024-11-02 22:28:12 [main] DEBUG o.hibernate.type.BasicTypeRegistry - Adding type registration wrapper-binary -> org.hibernate.type.BasicTypeReference@704d3b00
2024-11-02 22:28:12 [main] DEBUG o.hibernate.type.BasicTypeRegistry - Adding type registration image -> org.hibernate.type.BasicTypeReference@21e484b
2024-11-02 22:28:12 [main] DEBUG o.hibernate.type.BasicTypeRegistry - Adding type registration blob -> org.hibernate.type.BasicTypeReference@191f4d65
2024-11-02 22:28:12 [main] DEBUG o.hibernate.type.BasicTypeRegistry - Adding type registration java.sql.Blob -> org.hibernate.type.BasicTypeReference@191f4d65
2024-11-02 22:28:12 [main] DEBUG o.hibernate.type.BasicTypeRegistry - Adding type registration materialized_blob -> org.hibernate.type.BasicTypeReference@7a2a7492
2024-11-02 22:28:12 [main] DEBUG o.hibernate.type.BasicTypeRegistry - Adding type registration materialized_blob_wrapper -> org.hibernate.type.BasicTypeReference@6326c5ec
2024-11-02 22:28:12 [main] DEBUG o.hibernate.type.BasicTypeRegistry - Adding type registration short -> org.hibernate.type.BasicTypeReference@138a85d3
2024-11-02 22:28:12 [main] DEBUG o.hibernate.type.BasicTypeRegistry - Adding type registration short -> org.hibernate.type.BasicTypeReference@138a85d3
2024-11-02 22:28:12 [main] DEBUG o.hibernate.type.BasicTypeRegistry - Adding type registration java.lang.Short -> org.hibernate.type.BasicTypeReference@138a85d3
2024-11-02 22:28:12 [main] DEBUG o.hibernate.type.BasicTypeRegistry - Adding type registration integer -> org.hibernate.type.BasicTypeReference@709d86a2
2024-11-02 22:28:12 [main] DEBUG o.hibernate.type.BasicTypeRegistry - Adding type registration int -> org.hibernate.type.BasicTypeReference@709d86a2
2024-11-02 22:28:12 [main] DEBUG o.hibernate.type.BasicTypeRegistry - Adding type registration java.lang.Integer -> org.hibernate.type.BasicTypeReference@709d86a2
2024-11-02 22:28:12 [main] DEBUG o.hibernate.type.BasicTypeRegistry - Adding type registration long -> org.hibernate.type.BasicTypeReference@59baf2c7
2024-11-02 22:28:12 [main] DEBUG o.hibernate.type.BasicTypeRegistry - Adding type registration long -> org.hibernate.type.BasicTypeReference@59baf2c7
2024-11-02 22:28:12 [main] DEBUG o.hibernate.type.BasicTypeRegistry - Adding type registration java.lang.Long -> org.hibernate.type.BasicTypeReference@59baf2c7
2024-11-02 22:28:12 [main] DEBUG o.hibernate.type.BasicTypeRegistry - Adding type registration float -> org.hibernate.type.BasicTypeReference@ce655b9
2024-11-02 22:28:12 [main] DEBUG o.hibernate.type.BasicTypeRegistry - Adding type registration float -> org.hibernate.type.BasicTypeReference@ce655b9
2024-11-02 22:28:12 [main] DEBUG o.hibernate.type.BasicTypeRegistry - Adding type registration java.lang.Float -> org.hibernate.type.BasicTypeReference@ce655b9
2024-11-02 22:28:12 [main] DEBUG o.hibernate.type.BasicTypeRegistry - Adding type registration double -> org.hibernate.type.BasicTypeReference@4b85edeb
2024-11-02 22:28:12 [main] DEBUG o.hibernate.type.BasicTypeRegistry - Adding type registration double -> org.hibernate.type.BasicTypeReference@4b85edeb
2024-11-02 22:28:12 [main] DEBUG o.hibernate.type.BasicTypeRegistry - Adding type registration java.lang.Double -> org.hibernate.type.BasicTypeReference@4b85edeb
2024-11-02 22:28:12 [main] DEBUG o.hibernate.type.BasicTypeRegistry - Adding type registration big_integer -> org.hibernate.type.BasicTypeReference@5731caaf
2024-11-02 22:28:12 [main] DEBUG o.hibernate.type.BasicTypeRegistry - Adding type registration java.math.BigInteger -> org.hibernate.type.BasicTypeReference@5731caaf
2024-11-02 22:28:12 [main] DEBUG o.hibernate.type.BasicTypeRegistry - Adding type registration big_decimal -> org.hibernate.type.BasicTypeReference@59933644
2024-11-02 22:28:12 [main] DEBUG o.hibernate.type.BasicTypeRegistry - Adding type registration java.math.BigDecimal -> org.hibernate.type.BasicTypeReference@59933644
2024-11-02 22:28:12 [main] DEBUG o.hibernate.type.BasicTypeRegistry - Adding type registration character -> org.hibernate.type.BasicTypeReference@67e6eb52
2024-11-02 22:28:12 [main] DEBUG o.hibernate.type.BasicTypeRegistry - Adding type registration char -> org.hibernate.type.BasicTypeReference@67e6eb52
2024-11-02 22:28:12 [main] DEBUG o.hibernate.type.BasicTypeRegistry - Adding type registration java.lang.Character -> org.hibernate.type.BasicTypeReference@67e6eb52
2024-11-02 22:28:12 [main] DEBUG o.hibernate.type.BasicTypeRegistry - Adding type registration character_nchar -> org.hibernate.type.BasicTypeReference@3e8b8f0
2024-11-02 22:28:12 [main] DEBUG o.hibernate.type.BasicTypeRegistry - Adding type registration string -> org.hibernate.type.BasicTypeReference@5ad57e90
2024-11-02 22:28:12 [main] DEBUG o.hibernate.type.BasicTypeRegistry - Adding type registration java.lang.String -> org.hibernate.type.BasicTypeReference@5ad57e90
2024-11-02 22:28:12 [main] DEBUG o.hibernate.type.BasicTypeRegistry - Adding type registration nstring -> org.hibernate.type.BasicTypeReference@1a345298
2024-11-02 22:28:12 [main] DEBUG o.hibernate.type.BasicTypeRegistry - Adding type registration characters -> org.hibernate.type.BasicTypeReference@4ad896f7
2024-11-02 22:28:12 [main] DEBUG o.hibernate.type.BasicTypeRegistry - Adding type registration char[] -> org.hibernate.type.BasicTypeReference@4ad896f7
2024-11-02 22:28:12 [main] DEBUG o.hibernate.type.BasicTypeRegistry - Adding type registration [C -> org.hibernate.type.BasicTypeReference@4ad896f7
2024-11-02 22:28:12 [main] DEBUG o.hibernate.type.BasicTypeRegistry - Adding type registration wrapper-characters -> org.hibernate.type.BasicTypeReference@c318864
2024-11-02 22:28:12 [main] DEBUG o.hibernate.type.BasicTypeRegistry - Adding type registration text -> org.hibernate.type.BasicTypeReference@7d61468c
2024-11-02 22:28:12 [main] DEBUG o.hibernate.type.BasicTypeRegistry - Adding type registration ntext -> org.hibernate.type.BasicTypeReference@45796b2a
2024-11-02 22:28:12 [main] DEBUG o.hibernate.type.BasicTypeRegistry - Adding type registration clob -> org.hibernate.type.BasicTypeReference@4b98225c
2024-11-02 22:28:12 [main] DEBUG o.hibernate.type.BasicTypeRegistry - Adding type registration java.sql.Clob -> org.hibernate.type.BasicTypeReference@4b98225c
2024-11-02 22:28:12 [main] DEBUG o.hibernate.type.BasicTypeRegistry - Adding type registration nclob -> org.hibernate.type.BasicTypeReference@4beae1e3
2024-11-02 22:28:12 [main] DEBUG o.hibernate.type.BasicTypeRegistry - Adding type registration java.sql.NClob -> org.hibernate.type.BasicTypeReference@4beae1e3
2024-11-02 22:28:12 [main] DEBUG o.hibernate.type.BasicTypeRegistry - Adding type registration materialized_clob -> org.hibernate.type.BasicTypeReference@3c488b34
2024-11-02 22:28:12 [main] DEBUG o.hibernate.type.BasicTypeRegistry - Adding type registration materialized_clob_char_array -> org.hibernate.type.BasicTypeReference@32e697ac
2024-11-02 22:28:12 [main] DEBUG o.hibernate.type.BasicTypeRegistry - Adding type registration materialized_clob_character_array -> org.hibernate.type.BasicTypeReference@3866c96e
2024-11-02 22:28:12 [main] DEBUG o.hibernate.type.BasicTypeRegistry - Adding type registration materialized_nclob -> org.hibernate.type.BasicTypeReference@241fc278
2024-11-02 22:28:12 [main] DEBUG o.hibernate.type.BasicTypeRegistry - Adding type registration materialized_nclob_character_array -> org.hibernate.type.BasicTypeReference@5c76fce4
2024-11-02 22:28:12 [main] DEBUG o.hibernate.type.BasicTypeRegistry - Adding type registration materialized_nclob_char_array -> org.hibernate.type.BasicTypeReference@5aab5b31
2024-11-02 22:28:12 [main] DEBUG o.hibernate.type.BasicTypeRegistry - Adding type registration Duration -> org.hibernate.type.BasicTypeReference@5408d4b3
2024-11-02 22:28:12 [main] DEBUG o.hibernate.type.BasicTypeRegistry - Adding type registration java.time.Duration -> org.hibernate.type.BasicTypeReference@5408d4b3
2024-11-02 22:28:12 [main] DEBUG o.hibernate.type.BasicTypeRegistry - Adding type registration LocalDateTime -> org.hibernate.type.BasicTypeReference@eded048
2024-11-02 22:28:12 [main] DEBUG o.hibernate.type.BasicTypeRegistry - Adding type registration java.time.LocalDateTime -> org.hibernate.type.BasicTypeReference@eded048
2024-11-02 22:28:12 [main] DEBUG o.hibernate.type.BasicTypeRegistry - Adding type registration LocalDate -> org.hibernate.type.BasicTypeReference@65a48cab
2024-11-02 22:28:12 [main] DEBUG o.hibernate.type.BasicTypeRegistry - Adding type registration java.time.LocalDate -> org.hibernate.type.BasicTypeReference@65a48cab
2024-11-02 22:28:12 [main] DEBUG o.hibernate.type.BasicTypeRegistry - Adding type registration LocalTime -> org.hibernate.type.BasicTypeReference@655621fd
2024-11-02 22:28:12 [main] DEBUG o.hibernate.type.BasicTypeRegistry - Adding type registration java.time.LocalTime -> org.hibernate.type.BasicTypeReference@655621fd
2024-11-02 22:28:12 [main] DEBUG o.hibernate.type.BasicTypeRegistry - Adding type registration OffsetDateTime -> org.hibernate.type.BasicTypeReference@77e9dca8
2024-11-02 22:28:12 [main] DEBUG o.hibernate.type.BasicTypeRegistry - Adding type registration java.time.OffsetDateTime -> org.hibernate.type.BasicTypeReference@77e9dca8
2024-11-02 22:28:12 [main] DEBUG o.hibernate.type.BasicTypeRegistry - Adding type registration OffsetDateTimeWithTimezone -> org.hibernate.type.BasicTypeReference@fcd0e8d
2024-11-02 22:28:12 [main] DEBUG o.hibernate.type.BasicTypeRegistry - Adding type registration OffsetDateTimeWithoutTimezone -> org.hibernate.type.BasicTypeReference@4e4d0a0b
2024-11-02 22:28:12 [main] DEBUG o.hibernate.type.BasicTypeRegistry - Adding type registration OffsetTime -> org.hibernate.type.BasicTypeReference@1a4083f6
2024-11-02 22:28:12 [main] DEBUG o.hibernate.type.BasicTypeRegistry - Adding type registration java.time.OffsetTime -> org.hibernate.type.BasicTypeReference@1a4083f6
2024-11-02 22:28:12 [main] DEBUG o.hibernate.type.BasicTypeRegistry - Adding type registration OffsetTimeUtc -> org.hibernate.type.BasicTypeReference@23f5008a
2024-11-02 22:28:12 [main] DEBUG o.hibernate.type.BasicTypeRegistry - Adding type registration OffsetTimeWithTimezone -> org.hibernate.type.BasicTypeReference@44abdb1f
2024-11-02 22:28:12 [main] DEBUG o.hibernate.type.BasicTypeRegistry - Adding type registration OffsetTimeWithoutTimezone -> org.hibernate.type.BasicTypeReference@62108cd3
2024-11-02 22:28:12 [main] DEBUG o.hibernate.type.BasicTypeRegistry - Adding type registration ZonedDateTime -> org.hibernate.type.BasicTypeReference@7cd1ec54
2024-11-02 22:28:12 [main] DEBUG o.hibernate.type.BasicTypeRegistry - Adding type registration java.time.ZonedDateTime -> org.hibernate.type.BasicTypeReference@7cd1ec54
2024-11-02 22:28:12 [main] DEBUG o.hibernate.type.BasicTypeRegistry - Adding type registration ZonedDateTimeWithTimezone -> org.hibernate.type.BasicTypeReference@77ab5214
2024-11-02 22:28:12 [main] DEBUG o.hibernate.type.BasicTypeRegistry - Adding type registration ZonedDateTimeWithoutTimezone -> org.hibernate.type.BasicTypeReference@6d420cdd
2024-11-02 22:28:12 [main] DEBUG o.hibernate.type.BasicTypeRegistry - Adding type registration date -> org.hibernate.type.BasicTypeReference@bd273b2
2024-11-02 22:28:12 [main] DEBUG o.hibernate.type.BasicTypeRegistry - Adding type registration java.sql.Date -> org.hibernate.type.BasicTypeReference@bd273b2
2024-11-02 22:28:12 [main] DEBUG o.hibernate.type.BasicTypeRegistry - Adding type registration time -> org.hibernate.type.BasicTypeReference@78128dd0
2024-11-02 22:28:12 [main] DEBUG o.hibernate.type.BasicTypeRegistry - Adding type registration java.sql.Time -> org.hibernate.type.BasicTypeReference@78128dd0
2024-11-02 22:28:12 [main] DEBUG o.hibernate.type.BasicTypeRegistry - Adding type registration timestamp -> org.hibernate.type.BasicTypeReference@55044b34
2024-11-02 22:28:12 [main] DEBUG o.hibernate.type.BasicTypeRegistry - Adding type registration java.sql.Timestamp -> org.hibernate.type.BasicTypeReference@55044b34
2024-11-02 22:28:12 [main] DEBUG o.hibernate.type.BasicTypeRegistry - Adding type registration java.util.Date -> org.hibernate.type.BasicTypeReference@55044b34
2024-11-02 22:28:12 [main] DEBUG o.hibernate.type.BasicTypeRegistry - Adding type registration calendar -> org.hibernate.type.BasicTypeReference@28dd81ad
2024-11-02 22:28:12 [main] DEBUG o.hibernate.type.BasicTypeRegistry - Adding type registration java.util.Calendar -> org.hibernate.type.BasicTypeReference@28dd81ad
2024-11-02 22:28:12 [main] DEBUG o.hibernate.type.BasicTypeRegistry - Adding type registration java.util.GregorianCalendar -> org.hibernate.type.BasicTypeReference@28dd81ad
2024-11-02 22:28:12 [main] DEBUG o.hibernate.type.BasicTypeRegistry - Adding type registration calendar_date -> org.hibernate.type.BasicTypeReference@300a38e7
2024-11-02 22:28:12 [main] DEBUG o.hibernate.type.BasicTypeRegistry - Adding type registration calendar_time -> org.hibernate.type.BasicTypeReference@5c9a4f3b
2024-11-02 22:28:12 [main] DEBUG o.hibernate.type.BasicTypeRegistry - Adding type registration instant -> org.hibernate.type.BasicTypeReference@2bb0e277
2024-11-02 22:28:12 [main] DEBUG o.hibernate.type.BasicTypeRegistry - Adding type registration java.time.Instant -> org.hibernate.type.BasicTypeReference@2bb0e277
2024-11-02 22:28:12 [main] DEBUG o.hibernate.type.BasicTypeRegistry - Adding type registration uuid -> org.hibernate.type.BasicTypeReference@6f24ce45
2024-11-02 22:28:12 [main] DEBUG o.hibernate.type.BasicTypeRegistry - Adding type registration java.util.UUID -> org.hibernate.type.BasicTypeReference@6f24ce45
2024-11-02 22:28:12 [main] DEBUG o.hibernate.type.BasicTypeRegistry - Adding type registration pg-uuid -> org.hibernate.type.BasicTypeReference@6f24ce45
2024-11-02 22:28:12 [main] DEBUG o.hibernate.type.BasicTypeRegistry - Adding type registration uuid-binary -> org.hibernate.type.BasicTypeReference@e881e46
2024-11-02 22:28:12 [main] DEBUG o.hibernate.type.BasicTypeRegistry - Adding type registration uuid-char -> org.hibernate.type.BasicTypeReference@657b3b
2024-11-02 22:28:12 [main] DEBUG o.hibernate.type.BasicTypeRegistry - Adding type registration class -> org.hibernate.type.BasicTypeReference@2cea921a
2024-11-02 22:28:12 [main] DEBUG o.hibernate.type.BasicTypeRegistry - Adding type registration java.lang.Class -> org.hibernate.type.BasicTypeReference@2cea921a
2024-11-02 22:28:12 [main] DEBUG o.hibernate.type.BasicTypeRegistry - Adding type registration currency -> org.hibernate.type.BasicTypeReference@65753724
2024-11-02 22:28:12 [main] DEBUG o.hibernate.type.BasicTypeRegistry - Adding type registration Currency -> org.hibernate.type.BasicTypeReference@65753724
2024-11-02 22:28:12 [main] DEBUG o.hibernate.type.BasicTypeRegistry - Adding type registration java.util.Currency -> org.hibernate.type.BasicTypeReference@65753724
2024-11-02 22:28:12 [main] DEBUG o.hibernate.type.BasicTypeRegistry - Adding type registration locale -> org.hibernate.type.BasicTypeReference@2bc16fe2
2024-11-02 22:28:12 [main] DEBUG o.hibernate.type.BasicTypeRegistry - Adding type registration java.util.Locale -> org.hibernate.type.BasicTypeReference@2bc16fe2
2024-11-02 22:28:12 [main] DEBUG o.hibernate.type.BasicTypeRegistry - Adding type registration serializable -> org.hibernate.type.BasicTypeReference@d66502
2024-11-02 22:28:12 [main] DEBUG o.hibernate.type.BasicTypeRegistry - Adding type registration java.io.Serializable -> org.hibernate.type.BasicTypeReference@d66502
2024-11-02 22:28:12 [main] DEBUG o.hibernate.type.BasicTypeRegistry - Adding type registration timezone -> org.hibernate.type.BasicTypeReference@78545d40
2024-11-02 22:28:12 [main] DEBUG o.hibernate.type.BasicTypeRegistry - Adding type registration java.util.TimeZone -> org.hibernate.type.BasicTypeReference@78545d40
2024-11-02 22:28:12 [main] DEBUG o.hibernate.type.BasicTypeRegistry - Adding type registration ZoneOffset -> org.hibernate.type.BasicTypeReference@34549979
2024-11-02 22:28:12 [main] DEBUG o.hibernate.type.BasicTypeRegistry - Adding type registration java.time.ZoneOffset -> org.hibernate.type.BasicTypeReference@34549979
2024-11-02 22:28:12 [main] DEBUG o.hibernate.type.BasicTypeRegistry - Adding type registration url -> org.hibernate.type.BasicTypeReference@144a5e6e
2024-11-02 22:28:12 [main] DEBUG o.hibernate.type.BasicTypeRegistry - Adding type registration java.net.URL -> org.hibernate.type.BasicTypeReference@144a5e6e
2024-11-02 22:28:12 [main] DEBUG o.hibernate.type.BasicTypeRegistry - Adding type registration row_version -> org.hibernate.type.BasicTypeReference@2707c790
2024-11-02 22:28:12 [main] DEBUG o.hibernate.type.BasicTypeRegistry - Adding type registration object -> org.hibernate.type.JavaObjectType@21b744ec
2024-11-02 22:28:12 [main] DEBUG o.hibernate.type.BasicTypeRegistry - Adding type registration java.lang.Object -> org.hibernate.type.JavaObjectType@21b744ec
2024-11-02 22:28:12 [main] DEBUG o.hibernate.type.BasicTypeRegistry - Adding type registration null -> org.hibernate.type.NullType@3d3930fe
2024-11-02 22:28:12 [main] DEBUG o.hibernate.type.BasicTypeRegistry - Adding type registration imm_date -> org.hibernate.type.BasicTypeReference@5e51ec2e
2024-11-02 22:28:12 [main] DEBUG o.hibernate.type.BasicTypeRegistry - Adding type registration imm_time -> org.hibernate.type.BasicTypeReference@15f2a43f
2024-11-02 22:28:12 [main] DEBUG o.hibernate.type.BasicTypeRegistry - Adding type registration imm_timestamp -> org.hibernate.type.BasicTypeReference@382faf51
2024-11-02 22:28:12 [main] DEBUG o.hibernate.type.BasicTypeRegistry - Adding type registration imm_calendar -> org.hibernate.type.BasicTypeReference@69ce14e6
2024-11-02 22:28:12 [main] DEBUG o.hibernate.type.BasicTypeRegistry - Adding type registration imm_calendar_date -> org.hibernate.type.BasicTypeReference@699d96bc
2024-11-02 22:28:12 [main] DEBUG o.hibernate.type.BasicTypeRegistry - Adding type registration imm_calendar_time -> org.hibernate.type.BasicTypeReference@b5de9ac
2024-11-02 22:28:12 [main] DEBUG o.hibernate.type.BasicTypeRegistry - Adding type registration imm_binary -> org.hibernate.type.BasicTypeReference@4ecd8ab1
2024-11-02 22:28:12 [main] DEBUG o.hibernate.type.BasicTypeRegistry - Adding type registration imm_serializable -> org.hibernate.type.BasicTypeReference@57bdceaa
2024-11-02 22:28:13 [main] INFO  o.s.o.j.p.SpringPersistenceUnitInfo - No LoadTimeWeaver setup: ignoring JPA class transformer
2024-11-02 22:28:13 [main] WARN  org.hibernate.orm.deprecation - HHH90000025: H2Dialect does not need to be specified explicitly using 'hibernate.dialect' (remove the property setting and it will be selected by default)
2024-11-02 22:28:13 [main] DEBUG o.h.t.d.jdbc.spi.JdbcTypeRegistry - addDescriptor(NCharTypeDescriptor) replaced previous registration(CharTypeDescriptor)
2024-11-02 22:28:13 [main] DEBUG o.h.t.d.jdbc.spi.JdbcTypeRegistry - addDescriptor(NVarcharTypeDescriptor) replaced previous registration(VarcharTypeDescriptor)
2024-11-02 22:28:13 [main] DEBUG o.h.t.d.jdbc.spi.JdbcTypeRegistry - addDescriptor(LongNVarcharTypeDescriptor) replaced previous registration(LongVarcharTypeDescriptor)
2024-11-02 22:28:13 [main] DEBUG o.h.t.d.jdbc.spi.JdbcTypeRegistry - addDescriptor(NClobTypeDescriptor(DEFAULT)) replaced previous registration(ClobTypeDescriptor(DEFAULT))
2024-11-02 22:28:13 [main] DEBUG o.h.t.d.jdbc.spi.JdbcTypeRegistry - addDescriptor(2005, ClobTypeDescriptor(STREAM_BINDING)) replaced previous registration(ClobTypeDescriptor(DEFAULT))
2024-11-02 22:28:13 [main] DEBUG o.h.t.d.jdbc.spi.JdbcTypeRegistry - addDescriptor(TimestampUtcDescriptor) replaced previous registration(TimestampUtcDescriptor)
2024-11-02 22:28:13 [main] DEBUG o.hibernate.type.BasicTypeRegistry - Adding type registration Duration -> basicType@1(java.time.Duration,2)
2024-11-02 22:28:13 [main] DEBUG o.hibernate.type.BasicTypeRegistry - Adding type registration java.time.Duration -> basicType@1(java.time.Duration,2)
2024-11-02 22:28:13 [main] DEBUG o.h.type.spi.TypeConfiguration$Scope - Scoping TypeConfiguration [org.hibernate.type.spi.TypeConfiguration@73a49597] to MetadataBuildingContext [org.hibernate.boot.internal.MetadataBuildingContextRootImpl@5eb2972f]
2024-11-02 22:28:15 [main] INFO  o.h.e.t.j.p.i.JtaPlatformInitiator - HHH000489: No JTA platform available (set 'hibernate.transaction.jta.platform' to enable JTA platform integration)
2024-11-02 22:28:15 [main] DEBUG o.h.type.spi.TypeConfiguration$Scope - Scoping TypeConfiguration [org.hibernate.type.spi.TypeConfiguration@73a49597] to SessionFactoryImplementor [org.hibernate.internal.SessionFactoryImpl@7e27b77a]
2024-11-02 22:28:15 [main] TRACE o.h.type.spi.TypeConfiguration$Scope - Handling #sessionFactoryCreated from [org.hibernate.internal.SessionFactoryImpl@7e27b77a] for TypeConfiguration
2024-11-02 22:28:15 [main] INFO  o.s.o.j.LocalContainerEntityManagerFactoryBean - Initialized JPA EntityManagerFactory for persistence unit 'default'
2024-11-02 22:28:16 [main] WARN  o.s.c.LocalVariableTableParameterNameDiscoverer - Using deprecated '-debug' fallback for parameter name resolution. Compile the affected code with '-parameters' instead or avoid its introspection: org.example.Entity.repository.InvestorRepo
2024-11-02 22:28:16 [main] WARN  o.s.c.LocalVariableTableParameterNameDiscoverer - Using deprecated '-debug' fallback for parameter name resolution. Compile the affected code with '-parameters' instead or avoid its introspection: org.example.Entity.repository.InvestmentRepo
2024-11-02 22:28:16 [main] WARN  o.s.b.w.s.c.AnnotationConfigServletWebServerApplicationContext - Exception encountered during context initialization - cancelling refresh attempt: org.springframework.beans.factory.UnsatisfiedDependencyException: Error creating bean with name 'main': Unsatisfied dependency expressed through constructor parameter 0: Error creating bean with name 'investorService' defined in file [C:\Users\Pc\Desktop\CroudInvest\target\classes\org\example\Entity\service\InvestorService.class]: Unsatisfied dependency expressed through constructor parameter 1: Error creating bean with name 'investmentService' defined in file [C:\Users\Pc\Desktop\CroudInvest\target\classes\org\example\Entity\service\InvestmentService.class]: Unsatisfied dependency expressed through constructor parameter 1: Error creating bean with name 'investorService': Requested bean is currently in creation: Is there an unresolvable circular reference?
2024-11-02 22:28:16 [main] INFO  o.s.o.j.LocalContainerEntityManagerFactoryBean - Closing JPA EntityManagerFactory for persistence unit 'default'
2024-11-02 22:28:16 [main] TRACE o.h.type.spi.TypeConfiguration$Scope - Handling #sessionFactoryClosed from [org.hibernate.internal.SessionFactoryImpl@7e27b77a] for TypeConfiguration
2024-11-02 22:28:16 [main] DEBUG o.h.type.spi.TypeConfiguration$Scope - Un-scoping TypeConfiguration [org.hibernate.type.spi.TypeConfiguration$Scope@258ac1e6] from SessionFactory [org.hibernate.internal.SessionFactoryImpl@7e27b77a]
2024-11-02 22:28:16 [main] INFO  com.zaxxer.hikari.HikariDataSource - HikariPool-1 - Shutdown initiated...
2024-11-02 22:28:16 [main] INFO  com.zaxxer.hikari.HikariDataSource - HikariPool-1 - Shutdown completed.
2024-11-02 22:28:16 [main] INFO  o.a.catalina.core.StandardService - Stopping service [Tomcat]
2024-11-02 22:28:16 [main] INFO  o.s.b.a.l.ConditionEvaluationReportLogger - 

Error starting ApplicationContext. To display the condition evaluation report re-run your application with 'debug' enabled.
2024-11-02 22:28:16 [main] ERROR o.s.b.d.LoggingFailureAnalysisReporter - 

***************************
APPLICATION FAILED TO START
***************************

Description:

The dependencies of some of the beans in the application context form a cycle:

   main
┌─────┐
|  investorService defined in file [C:\Users\Pc\Desktop\CroudInvest\target\classes\org\example\Entity\service\InvestorService.class]
↑     ↓
|  investmentService defined in file [C:\Users\Pc\Desktop\CroudInvest\target\classes\org\example\Entity\service\InvestmentService.class]
└─────┘


Action:

Relying upon circular references is discouraged and they are prohibited by default. Update your application to remove the dependency cycle between beans. As a last resort, it may be possible to break the cycle automatically by setting spring.main.allow-circular-references to true.

2024-11-02 22:30:07 [main] INFO  org.example.Main - Starting Main using Java 19.0.1 with PID 8456 (C:\Users\Pc\Desktop\CroudInvest\target\classes started by Pc in C:\Users\Pc\Desktop\CroudInvest)
2024-11-02 22:30:07 [main] DEBUG org.example.Main - Running with Spring Boot v3.1.5, Spring v6.0.9
2024-11-02 22:30:07 [main] INFO  org.example.Main - No active profile set, falling back to 1 default profile: "default"
2024-11-02 22:30:10 [main] INFO  o.s.d.r.c.RepositoryConfigurationDelegate - Bootstrapping Spring Data JPA repositories in DEFAULT mode.
2024-11-02 22:30:10 [main] INFO  o.s.d.r.c.RepositoryConfigurationDelegate - Finished Spring Data repository scanning in 215 ms. Found 5 JPA repository interfaces.
2024-11-02 22:30:12 [main] INFO  o.s.b.w.e.tomcat.TomcatWebServer - Tomcat initialized with port(s): 8080 (http)
2024-11-02 22:30:12 [main] INFO  o.a.coyote.http11.Http11NioProtocol - Initializing ProtocolHandler ["http-nio-8080"]
2024-11-02 22:30:12 [main] INFO  o.a.catalina.core.StandardService - Starting service [Tomcat]
2024-11-02 22:30:12 [main] INFO  o.a.catalina.core.StandardEngine - Starting Servlet engine: [Apache Tomcat/10.1.15]
2024-11-02 22:30:13 [main] INFO  o.a.c.c.C.[Tomcat].[localhost].[/] - Initializing Spring embedded WebApplicationContext
2024-11-02 22:30:13 [main] INFO  o.s.b.w.s.c.ServletWebServerApplicationContext - Root WebApplicationContext: initialization completed in 5281 ms
2024-11-02 22:30:13 [main] INFO  com.zaxxer.hikari.HikariDataSource - HikariPool-1 - Starting...
2024-11-02 22:30:14 [main] INFO  com.zaxxer.hikari.pool.HikariPool - HikariPool-1 - Added connection conn0: url=jdbc:h2:file:./data/demo user=SA
2024-11-02 22:30:14 [main] INFO  com.zaxxer.hikari.HikariDataSource - HikariPool-1 - Start completed.
2024-11-02 22:30:14 [main] INFO  o.s.b.a.h.H2ConsoleAutoConfiguration - H2 console available at '/h2-console'. Database available at 'jdbc:h2:file:./data/demo'
2024-11-02 22:30:14 [main] DEBUG org.example.config.jwt.JwtFilter - Filter 'jwtFilter' configured for use
2024-11-02 22:30:14 [main] INFO  o.h.jpa.internal.util.LogHelper - HHH000204: Processing PersistenceUnitInfo [name: default]
2024-11-02 22:30:14 [main] INFO  org.hibernate.Version - HHH000412: Hibernate ORM core version 6.2.13.Final
2024-11-02 22:30:14 [main] INFO  org.hibernate.cfg.Environment - HHH000406: Using bytecode reflection optimizer
2024-11-02 22:30:15 [main] DEBUG o.hibernate.type.BasicTypeRegistry - Adding type registration boolean -> org.hibernate.type.BasicTypeReference@74eec640
2024-11-02 22:30:15 [main] DEBUG o.hibernate.type.BasicTypeRegistry - Adding type registration boolean -> org.hibernate.type.BasicTypeReference@74eec640
2024-11-02 22:30:15 [main] DEBUG o.hibernate.type.BasicTypeRegistry - Adding type registration java.lang.Boolean -> org.hibernate.type.BasicTypeReference@74eec640
2024-11-02 22:30:15 [main] DEBUG o.hibernate.type.BasicTypeRegistry - Adding type registration numeric_boolean -> org.hibernate.type.BasicTypeReference@3973b6d4
2024-11-02 22:30:15 [main] DEBUG o.hibernate.type.BasicTypeRegistry - Adding type registration org.hibernate.type.NumericBooleanConverter -> org.hibernate.type.BasicTypeReference@3973b6d4
2024-11-02 22:30:15 [main] DEBUG o.hibernate.type.BasicTypeRegistry - Adding type registration true_false -> org.hibernate.type.BasicTypeReference@18dd7767
2024-11-02 22:30:15 [main] DEBUG o.hibernate.type.BasicTypeRegistry - Adding type registration org.hibernate.type.TrueFalseConverter -> org.hibernate.type.BasicTypeReference@18dd7767
2024-11-02 22:30:15 [main] DEBUG o.hibernate.type.BasicTypeRegistry - Adding type registration yes_no -> org.hibernate.type.BasicTypeReference@9205c0a
2024-11-02 22:30:15 [main] DEBUG o.hibernate.type.BasicTypeRegistry - Adding type registration org.hibernate.type.YesNoConverter -> org.hibernate.type.BasicTypeReference@9205c0a
2024-11-02 22:30:15 [main] DEBUG o.hibernate.type.BasicTypeRegistry - Adding type registration byte -> org.hibernate.type.BasicTypeReference@bfe47a8
2024-11-02 22:30:15 [main] DEBUG o.hibernate.type.BasicTypeRegistry - Adding type registration byte -> org.hibernate.type.BasicTypeReference@bfe47a8
2024-11-02 22:30:15 [main] DEBUG o.hibernate.type.BasicTypeRegistry - Adding type registration java.lang.Byte -> org.hibernate.type.BasicTypeReference@bfe47a8
2024-11-02 22:30:15 [main] DEBUG o.hibernate.type.BasicTypeRegistry - Adding type registration binary -> org.hibernate.type.BasicTypeReference@2f1f9515
2024-11-02 22:30:15 [main] DEBUG o.hibernate.type.BasicTypeRegistry - Adding type registration byte[] -> org.hibernate.type.BasicTypeReference@2f1f9515
2024-11-02 22:30:15 [main] DEBUG o.hibernate.type.BasicTypeRegistry - Adding type registration [B -> org.hibernate.type.BasicTypeReference@2f1f9515
2024-11-02 22:30:15 [main] DEBUG o.hibernate.type.BasicTypeRegistry - Adding type registration binary_wrapper -> org.hibernate.type.BasicTypeReference@5c8ab9de
2024-11-02 22:30:15 [main] DEBUG o.hibernate.type.BasicTypeRegistry - Adding type registration wrapper-binary -> org.hibernate.type.BasicTypeReference@5c8ab9de
2024-11-02 22:30:15 [main] DEBUG o.hibernate.type.BasicTypeRegistry - Adding type registration image -> org.hibernate.type.BasicTypeReference@57416e49
2024-11-02 22:30:15 [main] DEBUG o.hibernate.type.BasicTypeRegistry - Adding type registration blob -> org.hibernate.type.BasicTypeReference@2e7bb00e
2024-11-02 22:30:15 [main] DEBUG o.hibernate.type.BasicTypeRegistry - Adding type registration java.sql.Blob -> org.hibernate.type.BasicTypeReference@2e7bb00e
2024-11-02 22:30:15 [main] DEBUG o.hibernate.type.BasicTypeRegistry - Adding type registration materialized_blob -> org.hibernate.type.BasicTypeReference@7d1f3fe9
2024-11-02 22:30:15 [main] DEBUG o.hibernate.type.BasicTypeRegistry - Adding type registration materialized_blob_wrapper -> org.hibernate.type.BasicTypeReference@74d22ddd
2024-11-02 22:30:15 [main] DEBUG o.hibernate.type.BasicTypeRegistry - Adding type registration short -> org.hibernate.type.BasicTypeReference@283d3628
2024-11-02 22:30:15 [main] DEBUG o.hibernate.type.BasicTypeRegistry - Adding type registration short -> org.hibernate.type.BasicTypeReference@283d3628
2024-11-02 22:30:15 [main] DEBUG o.hibernate.type.BasicTypeRegistry - Adding type registration java.lang.Short -> org.hibernate.type.BasicTypeReference@283d3628
2024-11-02 22:30:15 [main] DEBUG o.hibernate.type.BasicTypeRegistry - Adding type registration integer -> org.hibernate.type.BasicTypeReference@5b3518e1
2024-11-02 22:30:15 [main] DEBUG o.hibernate.type.BasicTypeRegistry - Adding type registration int -> org.hibernate.type.BasicTypeReference@5b3518e1
2024-11-02 22:30:15 [main] DEBUG o.hibernate.type.BasicTypeRegistry - Adding type registration java.lang.Integer -> org.hibernate.type.BasicTypeReference@5b3518e1
2024-11-02 22:30:15 [main] DEBUG o.hibernate.type.BasicTypeRegistry - Adding type registration long -> org.hibernate.type.BasicTypeReference@5fd18419
2024-11-02 22:30:15 [main] DEBUG o.hibernate.type.BasicTypeRegistry - Adding type registration long -> org.hibernate.type.BasicTypeReference@5fd18419
2024-11-02 22:30:15 [main] DEBUG o.hibernate.type.BasicTypeRegistry - Adding type registration java.lang.Long -> org.hibernate.type.BasicTypeReference@5fd18419
2024-11-02 22:30:15 [main] DEBUG o.hibernate.type.BasicTypeRegistry - Adding type registration float -> org.hibernate.type.BasicTypeReference@3a88f6fb
2024-11-02 22:30:15 [main] DEBUG o.hibernate.type.BasicTypeRegistry - Adding type registration float -> org.hibernate.type.BasicTypeReference@3a88f6fb
2024-11-02 22:30:15 [main] DEBUG o.hibernate.type.BasicTypeRegistry - Adding type registration java.lang.Float -> org.hibernate.type.BasicTypeReference@3a88f6fb
2024-11-02 22:30:15 [main] DEBUG o.hibernate.type.BasicTypeRegistry - Adding type registration double -> org.hibernate.type.BasicTypeReference@7b451bf4
2024-11-02 22:30:15 [main] DEBUG o.hibernate.type.BasicTypeRegistry - Adding type registration double -> org.hibernate.type.BasicTypeReference@7b451bf4
2024-11-02 22:30:15 [main] DEBUG o.hibernate.type.BasicTypeRegistry - Adding type registration java.lang.Double -> org.hibernate.type.BasicTypeReference@7b451bf4
2024-11-02 22:30:15 [main] DEBUG o.hibernate.type.BasicTypeRegistry - Adding type registration big_integer -> org.hibernate.type.BasicTypeReference@844e66d
2024-11-02 22:30:15 [main] DEBUG o.hibernate.type.BasicTypeRegistry - Adding type registration java.math.BigInteger -> org.hibernate.type.BasicTypeReference@844e66d
2024-11-02 22:30:15 [main] DEBUG o.hibernate.type.BasicTypeRegistry - Adding type registration big_decimal -> org.hibernate.type.BasicTypeReference@5b665a30
2024-11-02 22:30:15 [main] DEBUG o.hibernate.type.BasicTypeRegistry - Adding type registration java.math.BigDecimal -> org.hibernate.type.BasicTypeReference@5b665a30
2024-11-02 22:30:15 [main] DEBUG o.hibernate.type.BasicTypeRegistry - Adding type registration character -> org.hibernate.type.BasicTypeReference@26a45089
2024-11-02 22:30:15 [main] DEBUG o.hibernate.type.BasicTypeRegistry - Adding type registration char -> org.hibernate.type.BasicTypeReference@26a45089
2024-11-02 22:30:15 [main] DEBUG o.hibernate.type.BasicTypeRegistry - Adding type registration java.lang.Character -> org.hibernate.type.BasicTypeReference@26a45089
2024-11-02 22:30:15 [main] DEBUG o.hibernate.type.BasicTypeRegistry - Adding type registration character_nchar -> org.hibernate.type.BasicTypeReference@75ed7512
2024-11-02 22:30:15 [main] DEBUG o.hibernate.type.BasicTypeRegistry - Adding type registration string -> org.hibernate.type.BasicTypeReference@5ab5924c
2024-11-02 22:30:15 [main] DEBUG o.hibernate.type.BasicTypeRegistry - Adding type registration java.lang.String -> org.hibernate.type.BasicTypeReference@5ab5924c
2024-11-02 22:30:15 [main] DEBUG o.hibernate.type.BasicTypeRegistry - Adding type registration nstring -> org.hibernate.type.BasicTypeReference@33ebe4f0
2024-11-02 22:30:15 [main] DEBUG o.hibernate.type.BasicTypeRegistry - Adding type registration characters -> org.hibernate.type.BasicTypeReference@37cfda1c
2024-11-02 22:30:15 [main] DEBUG o.hibernate.type.BasicTypeRegistry - Adding type registration char[] -> org.hibernate.type.BasicTypeReference@37cfda1c
2024-11-02 22:30:15 [main] DEBUG o.hibernate.type.BasicTypeRegistry - Adding type registration [C -> org.hibernate.type.BasicTypeReference@37cfda1c
2024-11-02 22:30:15 [main] DEBUG o.hibernate.type.BasicTypeRegistry - Adding type registration wrapper-characters -> org.hibernate.type.BasicTypeReference@29147c12
2024-11-02 22:30:15 [main] DEBUG o.hibernate.type.BasicTypeRegistry - Adding type registration text -> org.hibernate.type.BasicTypeReference@5f45bc8e
2024-11-02 22:30:15 [main] DEBUG o.hibernate.type.BasicTypeRegistry - Adding type registration ntext -> org.hibernate.type.BasicTypeReference@33e50ff2
2024-11-02 22:30:15 [main] DEBUG o.hibernate.type.BasicTypeRegistry - Adding type registration clob -> org.hibernate.type.BasicTypeReference@7ab33ca8
2024-11-02 22:30:15 [main] DEBUG o.hibernate.type.BasicTypeRegistry - Adding type registration java.sql.Clob -> org.hibernate.type.BasicTypeReference@7ab33ca8
2024-11-02 22:30:15 [main] DEBUG o.hibernate.type.BasicTypeRegistry - Adding type registration nclob -> org.hibernate.type.BasicTypeReference@704d3b00
2024-11-02 22:30:15 [main] DEBUG o.hibernate.type.BasicTypeRegistry - Adding type registration java.sql.NClob -> org.hibernate.type.BasicTypeReference@704d3b00
2024-11-02 22:30:15 [main] DEBUG o.hibernate.type.BasicTypeRegistry - Adding type registration materialized_clob -> org.hibernate.type.BasicTypeReference@21e484b
2024-11-02 22:30:15 [main] DEBUG o.hibernate.type.BasicTypeRegistry - Adding type registration materialized_clob_char_array -> org.hibernate.type.BasicTypeReference@191f4d65
2024-11-02 22:30:15 [main] DEBUG o.hibernate.type.BasicTypeRegistry - Adding type registration materialized_clob_character_array -> org.hibernate.type.BasicTypeReference@7a2a7492
2024-11-02 22:30:15 [main] DEBUG o.hibernate.type.BasicTypeRegistry - Adding type registration materialized_nclob -> org.hibernate.type.BasicTypeReference@6326c5ec
2024-11-02 22:30:15 [main] DEBUG o.hibernate.type.BasicTypeRegistry - Adding type registration materialized_nclob_character_array -> org.hibernate.type.BasicTypeReference@138a85d3
2024-11-02 22:30:15 [main] DEBUG o.hibernate.type.BasicTypeRegistry - Adding type registration materialized_nclob_char_array -> org.hibernate.type.BasicTypeReference@709d86a2
2024-11-02 22:30:15 [main] DEBUG o.hibernate.type.BasicTypeRegistry - Adding type registration Duration -> org.hibernate.type.BasicTypeReference@59baf2c7
2024-11-02 22:30:15 [main] DEBUG o.hibernate.type.BasicTypeRegistry - Adding type registration java.time.Duration -> org.hibernate.type.BasicTypeReference@59baf2c7
2024-11-02 22:30:15 [main] DEBUG o.hibernate.type.BasicTypeRegistry - Adding type registration LocalDateTime -> org.hibernate.type.BasicTypeReference@ce655b9
2024-11-02 22:30:15 [main] DEBUG o.hibernate.type.BasicTypeRegistry - Adding type registration java.time.LocalDateTime -> org.hibernate.type.BasicTypeReference@ce655b9
2024-11-02 22:30:15 [main] DEBUG o.hibernate.type.BasicTypeRegistry - Adding type registration LocalDate -> org.hibernate.type.BasicTypeReference@4b85edeb
2024-11-02 22:30:15 [main] DEBUG o.hibernate.type.BasicTypeRegistry - Adding type registration java.time.LocalDate -> org.hibernate.type.BasicTypeReference@4b85edeb
2024-11-02 22:30:15 [main] DEBUG o.hibernate.type.BasicTypeRegistry - Adding type registration LocalTime -> org.hibernate.type.BasicTypeReference@5731caaf
2024-11-02 22:30:15 [main] DEBUG o.hibernate.type.BasicTypeRegistry - Adding type registration java.time.LocalTime -> org.hibernate.type.BasicTypeReference@5731caaf
2024-11-02 22:30:15 [main] DEBUG o.hibernate.type.BasicTypeRegistry - Adding type registration OffsetDateTime -> org.hibernate.type.BasicTypeReference@59933644
2024-11-02 22:30:15 [main] DEBUG o.hibernate.type.BasicTypeRegistry - Adding type registration java.time.OffsetDateTime -> org.hibernate.type.BasicTypeReference@59933644
2024-11-02 22:30:15 [main] DEBUG o.hibernate.type.BasicTypeRegistry - Adding type registration OffsetDateTimeWithTimezone -> org.hibernate.type.BasicTypeReference@67e6eb52
2024-11-02 22:30:15 [main] DEBUG o.hibernate.type.BasicTypeRegistry - Adding type registration OffsetDateTimeWithoutTimezone -> org.hibernate.type.BasicTypeReference@3e8b8f0
2024-11-02 22:30:15 [main] DEBUG o.hibernate.type.BasicTypeRegistry - Adding type registration OffsetTime -> org.hibernate.type.BasicTypeReference@5ad57e90
2024-11-02 22:30:15 [main] DEBUG o.hibernate.type.BasicTypeRegistry - Adding type registration java.time.OffsetTime -> org.hibernate.type.BasicTypeReference@5ad57e90
2024-11-02 22:30:15 [main] DEBUG o.hibernate.type.BasicTypeRegistry - Adding type registration OffsetTimeUtc -> org.hibernate.type.BasicTypeReference@1a345298
2024-11-02 22:30:15 [main] DEBUG o.hibernate.type.BasicTypeRegistry - Adding type registration OffsetTimeWithTimezone -> org.hibernate.type.BasicTypeReference@4ad896f7
2024-11-02 22:30:15 [main] DEBUG o.hibernate.type.BasicTypeRegistry - Adding type registration OffsetTimeWithoutTimezone -> org.hibernate.type.BasicTypeReference@c318864
2024-11-02 22:30:15 [main] DEBUG o.hibernate.type.BasicTypeRegistry - Adding type registration ZonedDateTime -> org.hibernate.type.BasicTypeReference@7d61468c
2024-11-02 22:30:15 [main] DEBUG o.hibernate.type.BasicTypeRegistry - Adding type registration java.time.ZonedDateTime -> org.hibernate.type.BasicTypeReference@7d61468c
2024-11-02 22:30:15 [main] DEBUG o.hibernate.type.BasicTypeRegistry - Adding type registration ZonedDateTimeWithTimezone -> org.hibernate.type.BasicTypeReference@45796b2a
2024-11-02 22:30:15 [main] DEBUG o.hibernate.type.BasicTypeRegistry - Adding type registration ZonedDateTimeWithoutTimezone -> org.hibernate.type.BasicTypeReference@4b98225c
2024-11-02 22:30:15 [main] DEBUG o.hibernate.type.BasicTypeRegistry - Adding type registration date -> org.hibernate.type.BasicTypeReference@4beae1e3
2024-11-02 22:30:15 [main] DEBUG o.hibernate.type.BasicTypeRegistry - Adding type registration java.sql.Date -> org.hibernate.type.BasicTypeReference@4beae1e3
2024-11-02 22:30:15 [main] DEBUG o.hibernate.type.BasicTypeRegistry - Adding type registration time -> org.hibernate.type.BasicTypeReference@3c488b34
2024-11-02 22:30:15 [main] DEBUG o.hibernate.type.BasicTypeRegistry - Adding type registration java.sql.Time -> org.hibernate.type.BasicTypeReference@3c488b34
2024-11-02 22:30:15 [main] DEBUG o.hibernate.type.BasicTypeRegistry - Adding type registration timestamp -> org.hibernate.type.BasicTypeReference@32e697ac
2024-11-02 22:30:15 [main] DEBUG o.hibernate.type.BasicTypeRegistry - Adding type registration java.sql.Timestamp -> org.hibernate.type.BasicTypeReference@32e697ac
2024-11-02 22:30:15 [main] DEBUG o.hibernate.type.BasicTypeRegistry - Adding type registration java.util.Date -> org.hibernate.type.BasicTypeReference@32e697ac
2024-11-02 22:30:15 [main] DEBUG o.hibernate.type.BasicTypeRegistry - Adding type registration calendar -> org.hibernate.type.BasicTypeReference@3866c96e
2024-11-02 22:30:15 [main] DEBUG o.hibernate.type.BasicTypeRegistry - Adding type registration java.util.Calendar -> org.hibernate.type.BasicTypeReference@3866c96e
2024-11-02 22:30:15 [main] DEBUG o.hibernate.type.BasicTypeRegistry - Adding type registration java.util.GregorianCalendar -> org.hibernate.type.BasicTypeReference@3866c96e
2024-11-02 22:30:15 [main] DEBUG o.hibernate.type.BasicTypeRegistry - Adding type registration calendar_date -> org.hibernate.type.BasicTypeReference@241fc278
2024-11-02 22:30:15 [main] DEBUG o.hibernate.type.BasicTypeRegistry - Adding type registration calendar_time -> org.hibernate.type.BasicTypeReference@5c76fce4
2024-11-02 22:30:15 [main] DEBUG o.hibernate.type.BasicTypeRegistry - Adding type registration instant -> org.hibernate.type.BasicTypeReference@5aab5b31
2024-11-02 22:30:15 [main] DEBUG o.hibernate.type.BasicTypeRegistry - Adding type registration java.time.Instant -> org.hibernate.type.BasicTypeReference@5aab5b31
2024-11-02 22:30:15 [main] DEBUG o.hibernate.type.BasicTypeRegistry - Adding type registration uuid -> org.hibernate.type.BasicTypeReference@5408d4b3
2024-11-02 22:30:15 [main] DEBUG o.hibernate.type.BasicTypeRegistry - Adding type registration java.util.UUID -> org.hibernate.type.BasicTypeReference@5408d4b3
2024-11-02 22:30:15 [main] DEBUG o.hibernate.type.BasicTypeRegistry - Adding type registration pg-uuid -> org.hibernate.type.BasicTypeReference@5408d4b3
2024-11-02 22:30:15 [main] DEBUG o.hibernate.type.BasicTypeRegistry - Adding type registration uuid-binary -> org.hibernate.type.BasicTypeReference@eded048
2024-11-02 22:30:15 [main] DEBUG o.hibernate.type.BasicTypeRegistry - Adding type registration uuid-char -> org.hibernate.type.BasicTypeReference@65a48cab
2024-11-02 22:30:15 [main] DEBUG o.hibernate.type.BasicTypeRegistry - Adding type registration class -> org.hibernate.type.BasicTypeReference@655621fd
2024-11-02 22:30:15 [main] DEBUG o.hibernate.type.BasicTypeRegistry - Adding type registration java.lang.Class -> org.hibernate.type.BasicTypeReference@655621fd
2024-11-02 22:30:15 [main] DEBUG o.hibernate.type.BasicTypeRegistry - Adding type registration currency -> org.hibernate.type.BasicTypeReference@77e9dca8
2024-11-02 22:30:15 [main] DEBUG o.hibernate.type.BasicTypeRegistry - Adding type registration Currency -> org.hibernate.type.BasicTypeReference@77e9dca8
2024-11-02 22:30:15 [main] DEBUG o.hibernate.type.BasicTypeRegistry - Adding type registration java.util.Currency -> org.hibernate.type.BasicTypeReference@77e9dca8
2024-11-02 22:30:15 [main] DEBUG o.hibernate.type.BasicTypeRegistry - Adding type registration locale -> org.hibernate.type.BasicTypeReference@fcd0e8d
2024-11-02 22:30:15 [main] DEBUG o.hibernate.type.BasicTypeRegistry - Adding type registration java.util.Locale -> org.hibernate.type.BasicTypeReference@fcd0e8d
2024-11-02 22:30:15 [main] DEBUG o.hibernate.type.BasicTypeRegistry - Adding type registration serializable -> org.hibernate.type.BasicTypeReference@4e4d0a0b
2024-11-02 22:30:15 [main] DEBUG o.hibernate.type.BasicTypeRegistry - Adding type registration java.io.Serializable -> org.hibernate.type.BasicTypeReference@4e4d0a0b
2024-11-02 22:30:15 [main] DEBUG o.hibernate.type.BasicTypeRegistry - Adding type registration timezone -> org.hibernate.type.BasicTypeReference@1a4083f6
2024-11-02 22:30:15 [main] DEBUG o.hibernate.type.BasicTypeRegistry - Adding type registration java.util.TimeZone -> org.hibernate.type.BasicTypeReference@1a4083f6
2024-11-02 22:30:15 [main] DEBUG o.hibernate.type.BasicTypeRegistry - Adding type registration ZoneOffset -> org.hibernate.type.BasicTypeReference@23f5008a
2024-11-02 22:30:15 [main] DEBUG o.hibernate.type.BasicTypeRegistry - Adding type registration java.time.ZoneOffset -> org.hibernate.type.BasicTypeReference@23f5008a
2024-11-02 22:30:15 [main] DEBUG o.hibernate.type.BasicTypeRegistry - Adding type registration url -> org.hibernate.type.BasicTypeReference@44abdb1f
2024-11-02 22:30:15 [main] DEBUG o.hibernate.type.BasicTypeRegistry - Adding type registration java.net.URL -> org.hibernate.type.BasicTypeReference@44abdb1f
2024-11-02 22:30:15 [main] DEBUG o.hibernate.type.BasicTypeRegistry - Adding type registration row_version -> org.hibernate.type.BasicTypeReference@62108cd3
2024-11-02 22:30:15 [main] DEBUG o.hibernate.type.BasicTypeRegistry - Adding type registration object -> org.hibernate.type.JavaObjectType@41143873
2024-11-02 22:30:15 [main] DEBUG o.hibernate.type.BasicTypeRegistry - Adding type registration java.lang.Object -> org.hibernate.type.JavaObjectType@41143873
2024-11-02 22:30:15 [main] DEBUG o.hibernate.type.BasicTypeRegistry - Adding type registration null -> org.hibernate.type.NullType@74707df8
2024-11-02 22:30:15 [main] DEBUG o.hibernate.type.BasicTypeRegistry - Adding type registration imm_date -> org.hibernate.type.BasicTypeReference@12c76d6e
2024-11-02 22:30:15 [main] DEBUG o.hibernate.type.BasicTypeRegistry - Adding type registration imm_time -> org.hibernate.type.BasicTypeReference@46702c26
2024-11-02 22:30:15 [main] DEBUG o.hibernate.type.BasicTypeRegistry - Adding type registration imm_timestamp -> org.hibernate.type.BasicTypeReference@e3ed455
2024-11-02 22:30:15 [main] DEBUG o.hibernate.type.BasicTypeRegistry - Adding type registration imm_calendar -> org.hibernate.type.BasicTypeReference@27bb74e1
2024-11-02 22:30:15 [main] DEBUG o.hibernate.type.BasicTypeRegistry - Adding type registration imm_calendar_date -> org.hibernate.type.BasicTypeReference@606d6d2c
2024-11-02 22:30:15 [main] DEBUG o.hibernate.type.BasicTypeRegistry - Adding type registration imm_calendar_time -> org.hibernate.type.BasicTypeReference@2e3cd732
2024-11-02 22:30:15 [main] DEBUG o.hibernate.type.BasicTypeRegistry - Adding type registration imm_binary -> org.hibernate.type.BasicTypeReference@56d822dc
2024-11-02 22:30:15 [main] DEBUG o.hibernate.type.BasicTypeRegistry - Adding type registration imm_serializable -> org.hibernate.type.BasicTypeReference@2ab8589a
2024-11-02 22:30:15 [main] INFO  o.s.o.j.p.SpringPersistenceUnitInfo - No LoadTimeWeaver setup: ignoring JPA class transformer
2024-11-02 22:30:15 [main] WARN  org.hibernate.orm.deprecation - HHH90000025: H2Dialect does not need to be specified explicitly using 'hibernate.dialect' (remove the property setting and it will be selected by default)
2024-11-02 22:30:15 [main] DEBUG o.h.t.d.jdbc.spi.JdbcTypeRegistry - addDescriptor(NCharTypeDescriptor) replaced previous registration(CharTypeDescriptor)
2024-11-02 22:30:15 [main] DEBUG o.h.t.d.jdbc.spi.JdbcTypeRegistry - addDescriptor(NVarcharTypeDescriptor) replaced previous registration(VarcharTypeDescriptor)
2024-11-02 22:30:15 [main] DEBUG o.h.t.d.jdbc.spi.JdbcTypeRegistry - addDescriptor(LongNVarcharTypeDescriptor) replaced previous registration(LongVarcharTypeDescriptor)
2024-11-02 22:30:15 [main] DEBUG o.h.t.d.jdbc.spi.JdbcTypeRegistry - addDescriptor(NClobTypeDescriptor(DEFAULT)) replaced previous registration(ClobTypeDescriptor(DEFAULT))
2024-11-02 22:30:15 [main] DEBUG o.h.t.d.jdbc.spi.JdbcTypeRegistry - addDescriptor(2005, ClobTypeDescriptor(STREAM_BINDING)) replaced previous registration(ClobTypeDescriptor(DEFAULT))
2024-11-02 22:30:15 [main] DEBUG o.h.t.d.jdbc.spi.JdbcTypeRegistry - addDescriptor(TimestampUtcDescriptor) replaced previous registration(TimestampUtcDescriptor)
2024-11-02 22:30:15 [main] DEBUG o.hibernate.type.BasicTypeRegistry - Adding type registration Duration -> basicType@1(java.time.Duration,2)
2024-11-02 22:30:15 [main] DEBUG o.hibernate.type.BasicTypeRegistry - Adding type registration java.time.Duration -> basicType@1(java.time.Duration,2)
2024-11-02 22:30:15 [main] DEBUG o.h.type.spi.TypeConfiguration$Scope - Scoping TypeConfiguration [org.hibernate.type.spi.TypeConfiguration@5f20b6fe] to MetadataBuildingContext [org.hibernate.boot.internal.MetadataBuildingContextRootImpl@31880efa]
2024-11-02 22:30:18 [main] INFO  o.h.e.t.j.p.i.JtaPlatformInitiator - HHH000489: No JTA platform available (set 'hibernate.transaction.jta.platform' to enable JTA platform integration)
2024-11-02 22:30:18 [main] DEBUG o.h.type.spi.TypeConfiguration$Scope - Scoping TypeConfiguration [org.hibernate.type.spi.TypeConfiguration@5f20b6fe] to SessionFactoryImplementor [org.hibernate.internal.SessionFactoryImpl@42095996]
2024-11-02 22:30:18 [main] TRACE o.h.type.spi.TypeConfiguration$Scope - Handling #sessionFactoryCreated from [org.hibernate.internal.SessionFactoryImpl@42095996] for TypeConfiguration
2024-11-02 22:30:18 [main] INFO  o.s.o.j.LocalContainerEntityManagerFactoryBean - Initialized JPA EntityManagerFactory for persistence unit 'default'
2024-11-02 22:30:19 [main] WARN  o.s.c.LocalVariableTableParameterNameDiscoverer - Using deprecated '-debug' fallback for parameter name resolution. Compile the affected code with '-parameters' instead or avoid its introspection: org.example.Entity.repository.InvestorRepo
2024-11-02 22:30:19 [main] WARN  o.s.c.LocalVariableTableParameterNameDiscoverer - Using deprecated '-debug' fallback for parameter name resolution. Compile the affected code with '-parameters' instead or avoid its introspection: org.example.Entity.repository.InvestmentRepo
2024-11-02 22:30:20 [main] WARN  o.s.c.LocalVariableTableParameterNameDiscoverer - Using deprecated '-debug' fallback for parameter name resolution. Compile the affected code with '-parameters' instead or avoid its introspection: org.example.Entity.repository.BusinessRepo
2024-11-02 22:30:20 [main] WARN  o.s.c.LocalVariableTableParameterNameDiscoverer - Using deprecated '-debug' fallback for parameter name resolution. Compile the affected code with '-parameters' instead or avoid its introspection: org.example.Entity.repository.CardRepo
2024-11-02 22:30:20 [main] INFO  o.a.k.c.admin.AdminClientConfig - AdminClientConfig values: 
	auto.include.jmx.reporter = true
	bootstrap.servers = [localhost:9092]
	client.dns.lookup = use_all_dns_ips
	client.id = 
	connections.max.idle.ms = 300000
	default.api.timeout.ms = 60000
	metadata.max.age.ms = 300000
	metric.reporters = []
	metrics.num.samples = 2
	metrics.recording.level = INFO
	metrics.sample.window.ms = 30000
	receive.buffer.bytes = 65536
	reconnect.backoff.max.ms = 1000
	reconnect.backoff.ms = 50
	request.timeout.ms = 30000
	retries = 2147483647
	retry.backoff.ms = 100
	sasl.client.callback.handler.class = null
	sasl.jaas.config = null
	sasl.kerberos.kinit.cmd = /usr/bin/kinit
	sasl.kerberos.min.time.before.relogin = 60000
	sasl.kerberos.service.name = null
	sasl.kerberos.ticket.renew.jitter = 0.05
	sasl.kerberos.ticket.renew.window.factor = 0.8
	sasl.login.callback.handler.class = null
	sasl.login.class = null
	sasl.login.connect.timeout.ms = null
	sasl.login.read.timeout.ms = null
	sasl.login.refresh.buffer.seconds = 300
	sasl.login.refresh.min.period.seconds = 60
	sasl.login.refresh.window.factor = 0.8
	sasl.login.refresh.window.jitter = 0.05
	sasl.login.retry.backoff.max.ms = 10000
	sasl.login.retry.backoff.ms = 100
	sasl.mechanism = GSSAPI
	sasl.oauthbearer.clock.skew.seconds = 30
	sasl.oauthbearer.expected.audience = null
	sasl.oauthbearer.expected.issuer = null
	sasl.oauthbearer.jwks.endpoint.refresh.ms = 3600000
	sasl.oauthbearer.jwks.endpoint.retry.backoff.max.ms = 10000
	sasl.oauthbearer.jwks.endpoint.retry.backoff.ms = 100
	sasl.oauthbearer.jwks.endpoint.url = null
	sasl.oauthbearer.scope.claim.name = scope
	sasl.oauthbearer.sub.claim.name = sub
	sasl.oauthbearer.token.endpoint.url = null
	security.protocol = PLAINTEXT
	security.providers = null
	send.buffer.bytes = 131072
	socket.connection.setup.timeout.max.ms = 30000
	socket.connection.setup.timeout.ms = 10000
	ssl.cipher.suites = null
	ssl.enabled.protocols = [TLSv1.2, TLSv1.3]
	ssl.endpoint.identification.algorithm = https
	ssl.engine.factory.class = null
	ssl.key.password = null
	ssl.keymanager.algorithm = SunX509
	ssl.keystore.certificate.chain = null
	ssl.keystore.key = null
	ssl.keystore.location = null
	ssl.keystore.password = null
	ssl.keystore.type = JKS
	ssl.protocol = TLSv1.3
	ssl.provider = null
	ssl.secure.random.implementation = null
	ssl.trustmanager.algorithm = PKIX
	ssl.truststore.certificates = null
	ssl.truststore.location = null
	ssl.truststore.password = null
	ssl.truststore.type = JKS

2024-11-02 22:30:20 [main] INFO  o.a.kafka.common.utils.AppInfoParser - Kafka version: 3.5.1
2024-11-02 22:30:20 [main] INFO  o.a.kafka.common.utils.AppInfoParser - Kafka commitId: 2c6fb6c54472e90a
2024-11-02 22:30:20 [main] INFO  o.a.kafka.common.utils.AppInfoParser - Kafka startTimeMs: 1730568620766
2024-11-02 22:30:20 [kafka-admin-client-thread | adminclient-1] INFO  o.apache.kafka.clients.NetworkClient - [AdminClient clientId=adminclient-1] Node -1 disconnected.
2024-11-02 22:30:20 [kafka-admin-client-thread | adminclient-1] WARN  o.apache.kafka.clients.NetworkClient - [AdminClient clientId=adminclient-1] Connection to node -1 (localhost/127.0.0.1:9092) could not be established. Broker may not be available.
2024-11-02 22:30:20 [kafka-admin-client-thread | adminclient-1] INFO  o.apache.kafka.clients.NetworkClient - [AdminClient clientId=adminclient-1] Node -1 disconnected.
2024-11-02 22:30:20 [kafka-admin-client-thread | adminclient-1] WARN  o.apache.kafka.clients.NetworkClient - [AdminClient clientId=adminclient-1] Connection to node -1 (localhost/127.0.0.1:9092) could not be established. Broker may not be available.
2024-11-02 22:30:21 [kafka-admin-client-thread | adminclient-1] INFO  o.apache.kafka.clients.NetworkClient - [AdminClient clientId=adminclient-1] Node -1 disconnected.
2024-11-02 22:30:21 [kafka-admin-client-thread | adminclient-1] WARN  o.apache.kafka.clients.NetworkClient - [AdminClient clientId=adminclient-1] Connection to node -1 (localhost/127.0.0.1:9092) could not be established. Broker may not be available.
2024-11-02 22:30:21 [kafka-admin-client-thread | adminclient-1] INFO  o.apache.kafka.clients.NetworkClient - [AdminClient clientId=adminclient-1] Node -1 disconnected.
2024-11-02 22:30:21 [kafka-admin-client-thread | adminclient-1] WARN  o.apache.kafka.clients.NetworkClient - [AdminClient clientId=adminclient-1] Connection to node -1 (localhost/127.0.0.1:9092) could not be established. Broker may not be available.
2024-11-02 22:30:21 [kafka-admin-client-thread | adminclient-1] INFO  o.apache.kafka.clients.NetworkClient - [AdminClient clientId=adminclient-1] Node -1 disconnected.
2024-11-02 22:30:21 [kafka-admin-client-thread | adminclient-1] WARN  o.apache.kafka.clients.NetworkClient - [AdminClient clientId=adminclient-1] Connection to node -1 (localhost/127.0.0.1:9092) could not be established. Broker may not be available.
2024-11-02 22:30:22 [kafka-admin-client-thread | adminclient-1] INFO  o.apache.kafka.clients.NetworkClient - [AdminClient clientId=adminclient-1] Node -1 disconnected.
2024-11-02 22:30:22 [kafka-admin-client-thread | adminclient-1] WARN  o.apache.kafka.clients.NetworkClient - [AdminClient clientId=adminclient-1] Connection to node -1 (localhost/127.0.0.1:9092) could not be established. Broker may not be available.
2024-11-02 22:30:23 [kafka-admin-client-thread | adminclient-1] INFO  o.apache.kafka.clients.NetworkClient - [AdminClient clientId=adminclient-1] Node -1 disconnected.
2024-11-02 22:30:23 [kafka-admin-client-thread | adminclient-1] WARN  o.apache.kafka.clients.NetworkClient - [AdminClient clientId=adminclient-1] Connection to node -1 (localhost/127.0.0.1:9092) could not be established. Broker may not be available.
2024-11-02 22:30:24 [kafka-admin-client-thread | adminclient-1] INFO  o.apache.kafka.clients.NetworkClient - [AdminClient clientId=adminclient-1] Node -1 disconnected.
2024-11-02 22:30:24 [kafka-admin-client-thread | adminclient-1] WARN  o.apache.kafka.clients.NetworkClient - [AdminClient clientId=adminclient-1] Connection to node -1 (localhost/127.0.0.1:9092) could not be established. Broker may not be available.
2024-11-02 22:30:25 [kafka-admin-client-thread | adminclient-1] INFO  o.apache.kafka.clients.NetworkClient - [AdminClient clientId=adminclient-1] Node -1 disconnected.
2024-11-02 22:30:25 [kafka-admin-client-thread | adminclient-1] WARN  o.apache.kafka.clients.NetworkClient - [AdminClient clientId=adminclient-1] Connection to node -1 (localhost/127.0.0.1:9092) could not be established. Broker may not be available.
2024-11-02 22:30:26 [kafka-admin-client-thread | adminclient-1] INFO  o.apache.kafka.clients.NetworkClient - [AdminClient clientId=adminclient-1] Node -1 disconnected.
2024-11-02 22:30:26 [kafka-admin-client-thread | adminclient-1] WARN  o.apache.kafka.clients.NetworkClient - [AdminClient clientId=adminclient-1] Connection to node -1 (localhost/127.0.0.1:9092) could not be established. Broker may not be available.
2024-11-02 22:30:27 [kafka-admin-client-thread | adminclient-1] INFO  o.apache.kafka.clients.NetworkClient - [AdminClient clientId=adminclient-1] Node -1 disconnected.
2024-11-02 22:30:27 [kafka-admin-client-thread | adminclient-1] WARN  o.apache.kafka.clients.NetworkClient - [AdminClient clientId=adminclient-1] Connection to node -1 (localhost/127.0.0.1:9092) could not be established. Broker may not be available.
2024-11-02 22:30:28 [kafka-admin-client-thread | adminclient-1] INFO  o.apache.kafka.clients.NetworkClient - [AdminClient clientId=adminclient-1] Node -1 disconnected.
2024-11-02 22:30:28 [kafka-admin-client-thread | adminclient-1] WARN  o.apache.kafka.clients.NetworkClient - [AdminClient clientId=adminclient-1] Connection to node -1 (localhost/127.0.0.1:9092) could not be established. Broker may not be available.
2024-11-02 22:30:29 [kafka-admin-client-thread | adminclient-1] INFO  o.apache.kafka.clients.NetworkClient - [AdminClient clientId=adminclient-1] Node -1 disconnected.
2024-11-02 22:30:29 [kafka-admin-client-thread | adminclient-1] WARN  o.apache.kafka.clients.NetworkClient - [AdminClient clientId=adminclient-1] Connection to node -1 (localhost/127.0.0.1:9092) could not be established. Broker may not be available.
2024-11-02 22:30:31 [kafka-admin-client-thread | adminclient-1] INFO  o.apache.kafka.clients.NetworkClient - [AdminClient clientId=adminclient-1] Node -1 disconnected.
2024-11-02 22:30:31 [kafka-admin-client-thread | adminclient-1] WARN  o.apache.kafka.clients.NetworkClient - [AdminClient clientId=adminclient-1] Connection to node -1 (localhost/127.0.0.1:9092) could not be established. Broker may not be available.
2024-11-02 22:30:32 [kafka-admin-client-thread | adminclient-1] INFO  o.apache.kafka.clients.NetworkClient - [AdminClient clientId=adminclient-1] Node -1 disconnected.
2024-11-02 22:30:32 [kafka-admin-client-thread | adminclient-1] WARN  o.apache.kafka.clients.NetworkClient - [AdminClient clientId=adminclient-1] Connection to node -1 (localhost/127.0.0.1:9092) could not be established. Broker may not be available.
2024-11-02 22:30:33 [kafka-admin-client-thread | adminclient-1] INFO  o.apache.kafka.clients.NetworkClient - [AdminClient clientId=adminclient-1] Node -1 disconnected.
2024-11-02 22:30:33 [kafka-admin-client-thread | adminclient-1] WARN  o.apache.kafka.clients.NetworkClient - [AdminClient clientId=adminclient-1] Connection to node -1 (localhost/127.0.0.1:9092) could not be established. Broker may not be available.
2024-11-02 22:30:34 [kafka-admin-client-thread | adminclient-1] INFO  o.apache.kafka.clients.NetworkClient - [AdminClient clientId=adminclient-1] Node -1 disconnected.
2024-11-02 22:30:34 [kafka-admin-client-thread | adminclient-1] WARN  o.apache.kafka.clients.NetworkClient - [AdminClient clientId=adminclient-1] Connection to node -1 (localhost/127.0.0.1:9092) could not be established. Broker may not be available.
2024-11-02 22:30:35 [kafka-admin-client-thread | adminclient-1] INFO  o.apache.kafka.clients.NetworkClient - [AdminClient clientId=adminclient-1] Node -1 disconnected.
2024-11-02 22:30:35 [kafka-admin-client-thread | adminclient-1] WARN  o.apache.kafka.clients.NetworkClient - [AdminClient clientId=adminclient-1] Connection to node -1 (localhost/127.0.0.1:9092) could not be established. Broker may not be available.
2024-11-02 22:30:36 [kafka-admin-client-thread | adminclient-1] INFO  o.apache.kafka.clients.NetworkClient - [AdminClient clientId=adminclient-1] Node -1 disconnected.
2024-11-02 22:30:36 [kafka-admin-client-thread | adminclient-1] WARN  o.apache.kafka.clients.NetworkClient - [AdminClient clientId=adminclient-1] Connection to node -1 (localhost/127.0.0.1:9092) could not be established. Broker may not be available.
2024-11-02 22:30:37 [kafka-admin-client-thread | adminclient-1] INFO  o.apache.kafka.clients.NetworkClient - [AdminClient clientId=adminclient-1] Node -1 disconnected.
2024-11-02 22:30:37 [kafka-admin-client-thread | adminclient-1] WARN  o.apache.kafka.clients.NetworkClient - [AdminClient clientId=adminclient-1] Connection to node -1 (localhost/127.0.0.1:9092) could not be established. Broker may not be available.
2024-11-02 22:30:38 [kafka-admin-client-thread | adminclient-1] INFO  o.apache.kafka.clients.NetworkClient - [AdminClient clientId=adminclient-1] Node -1 disconnected.
2024-11-02 22:30:38 [kafka-admin-client-thread | adminclient-1] WARN  o.apache.kafka.clients.NetworkClient - [AdminClient clientId=adminclient-1] Connection to node -1 (localhost/127.0.0.1:9092) could not be established. Broker may not be available.
2024-11-02 22:30:39 [kafka-admin-client-thread | adminclient-1] INFO  o.apache.kafka.clients.NetworkClient - [AdminClient clientId=adminclient-1] Node -1 disconnected.
2024-11-02 22:30:39 [kafka-admin-client-thread | adminclient-1] WARN  o.apache.kafka.clients.NetworkClient - [AdminClient clientId=adminclient-1] Connection to node -1 (localhost/127.0.0.1:9092) could not be established. Broker may not be available.
2024-11-02 22:30:40 [kafka-admin-client-thread | adminclient-1] INFO  o.apache.kafka.clients.NetworkClient - [AdminClient clientId=adminclient-1] Node -1 disconnected.
2024-11-02 22:30:40 [kafka-admin-client-thread | adminclient-1] WARN  o.apache.kafka.clients.NetworkClient - [AdminClient clientId=adminclient-1] Connection to node -1 (localhost/127.0.0.1:9092) could not be established. Broker may not be available.
2024-11-02 22:30:41 [kafka-admin-client-thread | adminclient-1] INFO  o.apache.kafka.clients.NetworkClient - [AdminClient clientId=adminclient-1] Node -1 disconnected.
2024-11-02 22:30:41 [kafka-admin-client-thread | adminclient-1] WARN  o.apache.kafka.clients.NetworkClient - [AdminClient clientId=adminclient-1] Connection to node -1 (localhost/127.0.0.1:9092) could not be established. Broker may not be available.
2024-11-02 22:30:42 [kafka-admin-client-thread | adminclient-1] INFO  o.apache.kafka.clients.NetworkClient - [AdminClient clientId=adminclient-1] Node -1 disconnected.
2024-11-02 22:30:42 [kafka-admin-client-thread | adminclient-1] WARN  o.apache.kafka.clients.NetworkClient - [AdminClient clientId=adminclient-1] Connection to node -1 (localhost/127.0.0.1:9092) could not be established. Broker may not be available.
2024-11-02 22:30:43 [kafka-admin-client-thread | adminclient-1] INFO  o.apache.kafka.clients.NetworkClient - [AdminClient clientId=adminclient-1] Node -1 disconnected.
2024-11-02 22:30:43 [kafka-admin-client-thread | adminclient-1] WARN  o.apache.kafka.clients.NetworkClient - [AdminClient clientId=adminclient-1] Connection to node -1 (localhost/127.0.0.1:9092) could not be established. Broker may not be available.
2024-11-02 22:30:44 [kafka-admin-client-thread | adminclient-1] INFO  o.apache.kafka.clients.NetworkClient - [AdminClient clientId=adminclient-1] Node -1 disconnected.
2024-11-02 22:30:44 [kafka-admin-client-thread | adminclient-1] WARN  o.apache.kafka.clients.NetworkClient - [AdminClient clientId=adminclient-1] Connection to node -1 (localhost/127.0.0.1:9092) could not be established. Broker may not be available.
2024-11-02 22:30:45 [kafka-admin-client-thread | adminclient-1] INFO  o.apache.kafka.clients.NetworkClient - [AdminClient clientId=adminclient-1] Node -1 disconnected.
2024-11-02 22:30:45 [kafka-admin-client-thread | adminclient-1] WARN  o.apache.kafka.clients.NetworkClient - [AdminClient clientId=adminclient-1] Connection to node -1 (localhost/127.0.0.1:9092) could not be established. Broker may not be available.
2024-11-02 22:30:46 [kafka-admin-client-thread | adminclient-1] INFO  o.apache.kafka.clients.NetworkClient - [AdminClient clientId=adminclient-1] Node -1 disconnected.
2024-11-02 22:30:46 [kafka-admin-client-thread | adminclient-1] WARN  o.apache.kafka.clients.NetworkClient - [AdminClient clientId=adminclient-1] Connection to node -1 (localhost/127.0.0.1:9092) could not be established. Broker may not be available.
2024-11-02 22:30:47 [kafka-admin-client-thread | adminclient-1] INFO  o.apache.kafka.clients.NetworkClient - [AdminClient clientId=adminclient-1] Node -1 disconnected.
2024-11-02 22:30:47 [kafka-admin-client-thread | adminclient-1] WARN  o.apache.kafka.clients.NetworkClient - [AdminClient clientId=adminclient-1] Connection to node -1 (localhost/127.0.0.1:9092) could not be established. Broker may not be available.
2024-11-02 22:30:48 [kafka-admin-client-thread | adminclient-1] INFO  o.apache.kafka.clients.NetworkClient - [AdminClient clientId=adminclient-1] Node -1 disconnected.
2024-11-02 22:30:48 [kafka-admin-client-thread | adminclient-1] WARN  o.apache.kafka.clients.NetworkClient - [AdminClient clientId=adminclient-1] Connection to node -1 (localhost/127.0.0.1:9092) could not be established. Broker may not be available.
2024-11-02 22:30:49 [kafka-admin-client-thread | adminclient-1] INFO  o.apache.kafka.clients.NetworkClient - [AdminClient clientId=adminclient-1] Node -1 disconnected.
2024-11-02 22:30:49 [kafka-admin-client-thread | adminclient-1] WARN  o.apache.kafka.clients.NetworkClient - [AdminClient clientId=adminclient-1] Connection to node -1 (localhost/127.0.0.1:9092) could not be established. Broker may not be available.
2024-11-02 22:30:50 [kafka-admin-client-thread | adminclient-1] INFO  o.apache.kafka.clients.NetworkClient - [AdminClient clientId=adminclient-1] Node -1 disconnected.
2024-11-02 22:30:50 [kafka-admin-client-thread | adminclient-1] WARN  o.apache.kafka.clients.NetworkClient - [AdminClient clientId=adminclient-1] Connection to node -1 (localhost/127.0.0.1:9092) could not be established. Broker may not be available.
2024-11-02 22:30:50 [kafka-admin-client-thread | adminclient-1] INFO  o.a.k.c.a.i.AdminMetadataManager - [AdminClient clientId=adminclient-1] Metadata update failed
org.apache.kafka.common.errors.TimeoutException: Timed out waiting for a node assignment. Call: fetchMetadata
2024-11-02 22:30:51 [kafka-admin-client-thread | adminclient-1] INFO  o.apache.kafka.clients.NetworkClient - [AdminClient clientId=adminclient-1] Node -1 disconnected.
2024-11-02 22:30:51 [kafka-admin-client-thread | adminclient-1] WARN  o.apache.kafka.clients.NetworkClient - [AdminClient clientId=adminclient-1] Connection to node -1 (localhost/127.0.0.1:9092) could not be established. Broker may not be available.
2024-11-02 22:30:52 [kafka-admin-client-thread | adminclient-1] INFO  o.apache.kafka.clients.NetworkClient - [AdminClient clientId=adminclient-1] Node -1 disconnected.
2024-11-02 22:30:52 [kafka-admin-client-thread | adminclient-1] WARN  o.apache.kafka.clients.NetworkClient - [AdminClient clientId=adminclient-1] Connection to node -1 (localhost/127.0.0.1:9092) could not be established. Broker may not be available.
2024-11-02 22:30:53 [kafka-admin-client-thread | adminclient-1] INFO  o.apache.kafka.clients.NetworkClient - [AdminClient clientId=adminclient-1] Node -1 disconnected.
2024-11-02 22:30:53 [kafka-admin-client-thread | adminclient-1] WARN  o.apache.kafka.clients.NetworkClient - [AdminClient clientId=adminclient-1] Connection to node -1 (localhost/127.0.0.1:9092) could not be established. Broker may not be available.
2024-11-02 22:30:54 [kafka-admin-client-thread | adminclient-1] INFO  o.apache.kafka.clients.NetworkClient - [AdminClient clientId=adminclient-1] Node -1 disconnected.
2024-11-02 22:30:54 [kafka-admin-client-thread | adminclient-1] WARN  o.apache.kafka.clients.NetworkClient - [AdminClient clientId=adminclient-1] Connection to node -1 (localhost/127.0.0.1:9092) could not be established. Broker may not be available.
2024-11-02 22:30:55 [kafka-admin-client-thread | adminclient-1] INFO  o.apache.kafka.clients.NetworkClient - [AdminClient clientId=adminclient-1] Node -1 disconnected.
2024-11-02 22:30:55 [kafka-admin-client-thread | adminclient-1] WARN  o.apache.kafka.clients.NetworkClient - [AdminClient clientId=adminclient-1] Connection to node -1 (localhost/127.0.0.1:9092) could not be established. Broker may not be available.
2024-11-02 22:30:57 [kafka-admin-client-thread | adminclient-1] INFO  o.apache.kafka.clients.NetworkClient - [AdminClient clientId=adminclient-1] Node -1 disconnected.
2024-11-02 22:30:57 [kafka-admin-client-thread | adminclient-1] WARN  o.apache.kafka.clients.NetworkClient - [AdminClient clientId=adminclient-1] Connection to node -1 (localhost/127.0.0.1:9092) could not be established. Broker may not be available.
2024-11-02 22:30:57 [kafka-admin-client-thread | adminclient-1] INFO  o.apache.kafka.clients.NetworkClient - [AdminClient clientId=adminclient-1] Node -1 disconnected.
2024-11-02 22:30:57 [kafka-admin-client-thread | adminclient-1] WARN  o.apache.kafka.clients.NetworkClient - [AdminClient clientId=adminclient-1] Connection to node -1 (localhost/127.0.0.1:9092) could not be established. Broker may not be available.
2024-11-02 22:30:58 [kafka-admin-client-thread | adminclient-1] INFO  o.apache.kafka.clients.NetworkClient - [AdminClient clientId=adminclient-1] Node -1 disconnected.
2024-11-02 22:30:58 [kafka-admin-client-thread | adminclient-1] WARN  o.apache.kafka.clients.NetworkClient - [AdminClient clientId=adminclient-1] Connection to node -1 (localhost/127.0.0.1:9092) could not be established. Broker may not be available.
2024-11-02 22:30:59 [kafka-admin-client-thread | adminclient-1] INFO  o.apache.kafka.clients.NetworkClient - [AdminClient clientId=adminclient-1] Node -1 disconnected.
2024-11-02 22:30:59 [kafka-admin-client-thread | adminclient-1] WARN  o.apache.kafka.clients.NetworkClient - [AdminClient clientId=adminclient-1] Connection to node -1 (localhost/127.0.0.1:9092) could not be established. Broker may not be available.
2024-11-02 22:31:00 [kafka-admin-client-thread | adminclient-1] INFO  o.apache.kafka.clients.NetworkClient - [AdminClient clientId=adminclient-1] Node -1 disconnected.
2024-11-02 22:31:00 [kafka-admin-client-thread | adminclient-1] WARN  o.apache.kafka.clients.NetworkClient - [AdminClient clientId=adminclient-1] Connection to node -1 (localhost/127.0.0.1:9092) could not be established. Broker may not be available.
2024-11-02 22:31:01 [kafka-admin-client-thread | adminclient-1] INFO  o.apache.kafka.clients.NetworkClient - [AdminClient clientId=adminclient-1] Node -1 disconnected.
2024-11-02 22:31:01 [kafka-admin-client-thread | adminclient-1] WARN  o.apache.kafka.clients.NetworkClient - [AdminClient clientId=adminclient-1] Connection to node -1 (localhost/127.0.0.1:9092) could not be established. Broker may not be available.
2024-11-02 22:31:02 [kafka-admin-client-thread | adminclient-1] INFO  o.apache.kafka.clients.NetworkClient - [AdminClient clientId=adminclient-1] Node -1 disconnected.
2024-11-02 22:31:02 [kafka-admin-client-thread | adminclient-1] WARN  o.apache.kafka.clients.NetworkClient - [AdminClient clientId=adminclient-1] Connection to node -1 (localhost/127.0.0.1:9092) could not be established. Broker may not be available.
2024-11-02 22:31:03 [kafka-admin-client-thread | adminclient-1] INFO  o.apache.kafka.clients.NetworkClient - [AdminClient clientId=adminclient-1] Node -1 disconnected.
2024-11-02 22:31:03 [kafka-admin-client-thread | adminclient-1] WARN  o.apache.kafka.clients.NetworkClient - [AdminClient clientId=adminclient-1] Connection to node -1 (localhost/127.0.0.1:9092) could not be established. Broker may not be available.
2024-11-02 22:31:04 [kafka-admin-client-thread | adminclient-1] INFO  o.apache.kafka.clients.NetworkClient - [AdminClient clientId=adminclient-1] Node -1 disconnected.
2024-11-02 22:31:04 [kafka-admin-client-thread | adminclient-1] WARN  o.apache.kafka.clients.NetworkClient - [AdminClient clientId=adminclient-1] Connection to node -1 (localhost/127.0.0.1:9092) could not be established. Broker may not be available.
2024-11-02 22:31:05 [kafka-admin-client-thread | adminclient-1] INFO  o.apache.kafka.clients.NetworkClient - [AdminClient clientId=adminclient-1] Node -1 disconnected.
2024-11-02 22:31:05 [kafka-admin-client-thread | adminclient-1] WARN  o.apache.kafka.clients.NetworkClient - [AdminClient clientId=adminclient-1] Connection to node -1 (localhost/127.0.0.1:9092) could not be established. Broker may not be available.
2024-11-02 22:31:07 [kafka-admin-client-thread | adminclient-1] INFO  o.apache.kafka.clients.NetworkClient - [AdminClient clientId=adminclient-1] Node -1 disconnected.
2024-11-02 22:31:07 [kafka-admin-client-thread | adminclient-1] WARN  o.apache.kafka.clients.NetworkClient - [AdminClient clientId=adminclient-1] Connection to node -1 (localhost/127.0.0.1:9092) could not be established. Broker may not be available.
2024-11-02 22:31:08 [kafka-admin-client-thread | adminclient-1] INFO  o.apache.kafka.clients.NetworkClient - [AdminClient clientId=adminclient-1] Node -1 disconnected.
2024-11-02 22:31:08 [kafka-admin-client-thread | adminclient-1] WARN  o.apache.kafka.clients.NetworkClient - [AdminClient clientId=adminclient-1] Connection to node -1 (localhost/127.0.0.1:9092) could not be established. Broker may not be available.
2024-11-02 22:31:09 [kafka-admin-client-thread | adminclient-1] INFO  o.apache.kafka.clients.NetworkClient - [AdminClient clientId=adminclient-1] Node -1 disconnected.
2024-11-02 22:31:09 [kafka-admin-client-thread | adminclient-1] WARN  o.apache.kafka.clients.NetworkClient - [AdminClient clientId=adminclient-1] Connection to node -1 (localhost/127.0.0.1:9092) could not be established. Broker may not be available.
2024-11-02 22:31:10 [kafka-admin-client-thread | adminclient-1] INFO  o.apache.kafka.clients.NetworkClient - [AdminClient clientId=adminclient-1] Node -1 disconnected.
2024-11-02 22:31:10 [kafka-admin-client-thread | adminclient-1] WARN  o.apache.kafka.clients.NetworkClient - [AdminClient clientId=adminclient-1] Connection to node -1 (localhost/127.0.0.1:9092) could not be established. Broker may not be available.
2024-11-02 22:31:10 [kafka-admin-client-thread | adminclient-1] INFO  o.apache.kafka.clients.NetworkClient - [AdminClient clientId=adminclient-1] Node -1 disconnected.
2024-11-02 22:31:10 [kafka-admin-client-thread | adminclient-1] WARN  o.apache.kafka.clients.NetworkClient - [AdminClient clientId=adminclient-1] Connection to node -1 (localhost/127.0.0.1:9092) could not be established. Broker may not be available.
2024-11-02 22:31:11 [kafka-admin-client-thread | adminclient-1] INFO  o.apache.kafka.clients.NetworkClient - [AdminClient clientId=adminclient-1] Node -1 disconnected.
2024-11-02 22:31:11 [kafka-admin-client-thread | adminclient-1] WARN  o.apache.kafka.clients.NetworkClient - [AdminClient clientId=adminclient-1] Connection to node -1 (localhost/127.0.0.1:9092) could not be established. Broker may not be available.
2024-11-02 22:31:12 [kafka-admin-client-thread | adminclient-1] INFO  o.apache.kafka.clients.NetworkClient - [AdminClient clientId=adminclient-1] Node -1 disconnected.
2024-11-02 22:31:12 [kafka-admin-client-thread | adminclient-1] WARN  o.apache.kafka.clients.NetworkClient - [AdminClient clientId=adminclient-1] Connection to node -1 (localhost/127.0.0.1:9092) could not be established. Broker may not be available.
2024-11-02 22:31:13 [kafka-admin-client-thread | adminclient-1] INFO  o.apache.kafka.clients.NetworkClient - [AdminClient clientId=adminclient-1] Node -1 disconnected.
2024-11-02 22:31:13 [kafka-admin-client-thread | adminclient-1] WARN  o.apache.kafka.clients.NetworkClient - [AdminClient clientId=adminclient-1] Connection to node -1 (localhost/127.0.0.1:9092) could not be established. Broker may not be available.
2024-11-02 22:31:14 [kafka-admin-client-thread | adminclient-1] INFO  o.apache.kafka.clients.NetworkClient - [AdminClient clientId=adminclient-1] Node -1 disconnected.
2024-11-02 22:31:14 [kafka-admin-client-thread | adminclient-1] WARN  o.apache.kafka.clients.NetworkClient - [AdminClient clientId=adminclient-1] Connection to node -1 (localhost/127.0.0.1:9092) could not be established. Broker may not be available.
2024-11-02 22:31:15 [kafka-admin-client-thread | adminclient-1] INFO  o.apache.kafka.clients.NetworkClient - [AdminClient clientId=adminclient-1] Node -1 disconnected.
2024-11-02 22:31:15 [kafka-admin-client-thread | adminclient-1] WARN  o.apache.kafka.clients.NetworkClient - [AdminClient clientId=adminclient-1] Connection to node -1 (localhost/127.0.0.1:9092) could not be established. Broker may not be available.
2024-11-02 22:31:16 [kafka-admin-client-thread | adminclient-1] INFO  o.apache.kafka.clients.NetworkClient - [AdminClient clientId=adminclient-1] Node -1 disconnected.
2024-11-02 22:31:16 [kafka-admin-client-thread | adminclient-1] WARN  o.apache.kafka.clients.NetworkClient - [AdminClient clientId=adminclient-1] Connection to node -1 (localhost/127.0.0.1:9092) could not be established. Broker may not be available.
2024-11-02 22:31:17 [kafka-admin-client-thread | adminclient-1] INFO  o.apache.kafka.clients.NetworkClient - [AdminClient clientId=adminclient-1] Node -1 disconnected.
2024-11-02 22:31:17 [kafka-admin-client-thread | adminclient-1] WARN  o.apache.kafka.clients.NetworkClient - [AdminClient clientId=adminclient-1] Connection to node -1 (localhost/127.0.0.1:9092) could not be established. Broker may not be available.
2024-11-02 22:31:18 [kafka-admin-client-thread | adminclient-1] INFO  o.apache.kafka.clients.NetworkClient - [AdminClient clientId=adminclient-1] Node -1 disconnected.
2024-11-02 22:31:18 [kafka-admin-client-thread | adminclient-1] WARN  o.apache.kafka.clients.NetworkClient - [AdminClient clientId=adminclient-1] Connection to node -1 (localhost/127.0.0.1:9092) could not be established. Broker may not be available.
2024-11-02 22:31:19 [kafka-admin-client-thread | adminclient-1] INFO  o.apache.kafka.clients.NetworkClient - [AdminClient clientId=adminclient-1] Node -1 disconnected.
2024-11-02 22:31:19 [kafka-admin-client-thread | adminclient-1] WARN  o.apache.kafka.clients.NetworkClient - [AdminClient clientId=adminclient-1] Connection to node -1 (localhost/127.0.0.1:9092) could not be established. Broker may not be available.
2024-11-02 22:31:20 [kafka-admin-client-thread | adminclient-1] INFO  o.a.k.c.a.i.AdminMetadataManager - [AdminClient clientId=adminclient-1] Metadata update failed
org.apache.kafka.common.errors.TimeoutException: Timed out waiting for a node assignment. Call: fetchMetadata
2024-11-02 22:31:20 [kafka-admin-client-thread | adminclient-1] INFO  o.apache.kafka.clients.NetworkClient - [AdminClient clientId=adminclient-1] Node -1 disconnected.
2024-11-02 22:31:20 [kafka-admin-client-thread | adminclient-1] WARN  o.apache.kafka.clients.NetworkClient - [AdminClient clientId=adminclient-1] Connection to node -1 (localhost/127.0.0.1:9092) could not be established. Broker may not be available.
2024-11-02 22:31:20 [kafka-admin-client-thread | adminclient-1] INFO  o.a.kafka.common.utils.AppInfoParser - App info kafka.admin.client for adminclient-1 unregistered
2024-11-02 22:31:20 [kafka-admin-client-thread | adminclient-1] INFO  o.a.k.c.a.i.AdminMetadataManager - [AdminClient clientId=adminclient-1] Metadata update failed
org.apache.kafka.common.errors.TimeoutException: The AdminClient thread has exited. Call: fetchMetadata
2024-11-02 22:31:20 [kafka-admin-client-thread | adminclient-1] INFO  o.a.k.clients.admin.KafkaAdminClient - [AdminClient clientId=adminclient-1] Timed out 1 remaining operation(s) during close.
2024-11-02 22:31:20 [kafka-admin-client-thread | adminclient-1] INFO  o.a.kafka.common.metrics.Metrics - Metrics scheduler closed
2024-11-02 22:31:20 [kafka-admin-client-thread | adminclient-1] INFO  o.a.kafka.common.metrics.Metrics - Closing reporter org.apache.kafka.common.metrics.JmxReporter
2024-11-02 22:31:20 [kafka-admin-client-thread | adminclient-1] INFO  o.a.kafka.common.metrics.Metrics - Metrics reporters closed
2024-11-02 22:31:21 [main] WARN  o.s.b.a.s.s.UserDetailsServiceAutoConfiguration - 

Using generated security password: ca874917-06d1-4cc9-b54b-8c064ed6eaf6

This generated password is for development use only. Your security configuration must be updated before running your application in production.

2024-11-02 22:31:21 [main] INFO  o.s.s.web.DefaultSecurityFilterChain - Will secure any request with [org.springframework.security.web.session.DisableEncodeUrlFilter@caee26e, org.springframework.security.web.context.request.async.WebAsyncManagerIntegrationFilter@a703934, org.springframework.security.web.context.SecurityContextHolderFilter@df0b348, org.springframework.security.web.header.HeaderWriterFilter@5d729af6, org.springframework.security.web.authentication.logout.LogoutFilter@149fab7f, org.springframework.security.web.savedrequest.RequestCacheAwareFilter@72dc7f0a, org.springframework.security.web.servletapi.SecurityContextHolderAwareRequestFilter@18ada4e1, org.springframework.security.web.authentication.AnonymousAuthenticationFilter@7df994ec, org.springframework.security.web.access.ExceptionTranslationFilter@68cc6fa4, org.springframework.security.web.access.intercept.FilterSecurityInterceptor@172ca6a]
2024-11-02 22:31:22 [main] INFO  o.a.coyote.http11.Http11NioProtocol - Starting ProtocolHandler ["http-nio-8080"]
2024-11-02 22:31:23 [main] INFO  o.s.b.w.e.tomcat.TomcatWebServer - Tomcat started on port(s): 8080 (http) with context path ''
2024-11-02 22:31:23 [main] INFO  o.a.k.c.consumer.ConsumerConfig - ConsumerConfig values: 
	allow.auto.create.topics = true
	auto.commit.interval.ms = 5000
	auto.include.jmx.reporter = true
	auto.offset.reset = latest
	bootstrap.servers = [localhost:9092]
	check.crcs = true
	client.dns.lookup = use_all_dns_ips
	client.id = consumer-investment-topic-1
	client.rack = 
	connections.max.idle.ms = 540000
	default.api.timeout.ms = 60000
	enable.auto.commit = false
	exclude.internal.topics = true
	fetch.max.bytes = 52428800
	fetch.max.wait.ms = 500
	fetch.min.bytes = 1
	group.id = investment-topic
	group.instance.id = null
	heartbeat.interval.ms = 3000
	interceptor.classes = []
	internal.leave.group.on.close = true
	internal.throw.on.fetch.stable.offset.unsupported = false
	isolation.level = read_uncommitted
	key.deserializer = class org.apache.kafka.common.serialization.StringDeserializer
	max.partition.fetch.bytes = 1048576
	max.poll.interval.ms = 300000
	max.poll.records = 500
	metadata.max.age.ms = 300000
	metric.reporters = []
	metrics.num.samples = 2
	metrics.recording.level = INFO
	metrics.sample.window.ms = 30000
	partition.assignment.strategy = [class org.apache.kafka.clients.consumer.RangeAssignor, class org.apache.kafka.clients.consumer.CooperativeStickyAssignor]
	receive.buffer.bytes = 65536
	reconnect.backoff.max.ms = 1000
	reconnect.backoff.ms = 50
	request.timeout.ms = 30000
	retry.backoff.ms = 100
	sasl.client.callback.handler.class = null
	sasl.jaas.config = null
	sasl.kerberos.kinit.cmd = /usr/bin/kinit
	sasl.kerberos.min.time.before.relogin = 60000
	sasl.kerberos.service.name = null
	sasl.kerberos.ticket.renew.jitter = 0.05
	sasl.kerberos.ticket.renew.window.factor = 0.8
	sasl.login.callback.handler.class = null
	sasl.login.class = null
	sasl.login.connect.timeout.ms = null
	sasl.login.read.timeout.ms = null
	sasl.login.refresh.buffer.seconds = 300
	sasl.login.refresh.min.period.seconds = 60
	sasl.login.refresh.window.factor = 0.8
	sasl.login.refresh.window.jitter = 0.05
	sasl.login.retry.backoff.max.ms = 10000
	sasl.login.retry.backoff.ms = 100
	sasl.mechanism = GSSAPI
	sasl.oauthbearer.clock.skew.seconds = 30
	sasl.oauthbearer.expected.audience = null
	sasl.oauthbearer.expected.issuer = null
	sasl.oauthbearer.jwks.endpoint.refresh.ms = 3600000
	sasl.oauthbearer.jwks.endpoint.retry.backoff.max.ms = 10000
	sasl.oauthbearer.jwks.endpoint.retry.backoff.ms = 100
	sasl.oauthbearer.jwks.endpoint.url = null
	sasl.oauthbearer.scope.claim.name = scope
	sasl.oauthbearer.sub.claim.name = sub
	sasl.oauthbearer.token.endpoint.url = null
	security.protocol = PLAINTEXT
	security.providers = null
	send.buffer.bytes = 131072
	session.timeout.ms = 45000
	socket.connection.setup.timeout.max.ms = 30000
	socket.connection.setup.timeout.ms = 10000
	ssl.cipher.suites = null
	ssl.enabled.protocols = [TLSv1.2, TLSv1.3]
	ssl.endpoint.identification.algorithm = https
	ssl.engine.factory.class = null
	ssl.key.password = null
	ssl.keymanager.algorithm = SunX509
	ssl.keystore.certificate.chain = null
	ssl.keystore.key = null
	ssl.keystore.location = null
	ssl.keystore.password = null
	ssl.keystore.type = JKS
	ssl.protocol = TLSv1.3
	ssl.provider = null
	ssl.secure.random.implementation = null
	ssl.trustmanager.algorithm = PKIX
	ssl.truststore.certificates = null
	ssl.truststore.location = null
	ssl.truststore.password = null
	ssl.truststore.type = JKS
	value.deserializer = class org.apache.kafka.common.serialization.ByteArrayDeserializer

2024-11-02 22:31:23 [main] INFO  o.a.kafka.common.utils.AppInfoParser - Kafka version: 3.5.1
2024-11-02 22:31:23 [main] INFO  o.a.kafka.common.utils.AppInfoParser - Kafka commitId: 2c6fb6c54472e90a
2024-11-02 22:31:23 [main] INFO  o.a.kafka.common.utils.AppInfoParser - Kafka startTimeMs: 1730568683243
2024-11-02 22:31:23 [main] INFO  o.a.k.clients.consumer.KafkaConsumer - [Consumer clientId=consumer-investment-topic-1, groupId=investment-topic] Subscribed to topic(s): investment-topic
2024-11-02 22:31:23 [main] INFO  o.a.k.c.consumer.ConsumerConfig - ConsumerConfig values: 
	allow.auto.create.topics = true
	auto.commit.interval.ms = 5000
	auto.include.jmx.reporter = true
	auto.offset.reset = latest
	bootstrap.servers = [localhost:9092]
	check.crcs = true
	client.dns.lookup = use_all_dns_ips
	client.id = consumer-investment-topic-2
	client.rack = 
	connections.max.idle.ms = 540000
	default.api.timeout.ms = 60000
	enable.auto.commit = false
	exclude.internal.topics = true
	fetch.max.bytes = 52428800
	fetch.max.wait.ms = 500
	fetch.min.bytes = 1
	group.id = investment-topic
	group.instance.id = null
	heartbeat.interval.ms = 3000
	interceptor.classes = []
	internal.leave.group.on.close = true
	internal.throw.on.fetch.stable.offset.unsupported = false
	isolation.level = read_uncommitted
	key.deserializer = class org.apache.kafka.common.serialization.StringDeserializer
	max.partition.fetch.bytes = 1048576
	max.poll.interval.ms = 300000
	max.poll.records = 500
	metadata.max.age.ms = 300000
	metric.reporters = []
	metrics.num.samples = 2
	metrics.recording.level = INFO
	metrics.sample.window.ms = 30000
	partition.assignment.strategy = [class org.apache.kafka.clients.consumer.RangeAssignor, class org.apache.kafka.clients.consumer.CooperativeStickyAssignor]
	receive.buffer.bytes = 65536
	reconnect.backoff.max.ms = 1000
	reconnect.backoff.ms = 50
	request.timeout.ms = 30000
	retry.backoff.ms = 100
	sasl.client.callback.handler.class = null
	sasl.jaas.config = null
	sasl.kerberos.kinit.cmd = /usr/bin/kinit
	sasl.kerberos.min.time.before.relogin = 60000
	sasl.kerberos.service.name = null
	sasl.kerberos.ticket.renew.jitter = 0.05
	sasl.kerberos.ticket.renew.window.factor = 0.8
	sasl.login.callback.handler.class = null
	sasl.login.class = null
	sasl.login.connect.timeout.ms = null
	sasl.login.read.timeout.ms = null
	sasl.login.refresh.buffer.seconds = 300
	sasl.login.refresh.min.period.seconds = 60
	sasl.login.refresh.window.factor = 0.8
	sasl.login.refresh.window.jitter = 0.05
	sasl.login.retry.backoff.max.ms = 10000
	sasl.login.retry.backoff.ms = 100
	sasl.mechanism = GSSAPI
	sasl.oauthbearer.clock.skew.seconds = 30
	sasl.oauthbearer.expected.audience = null
	sasl.oauthbearer.expected.issuer = null
	sasl.oauthbearer.jwks.endpoint.refresh.ms = 3600000
	sasl.oauthbearer.jwks.endpoint.retry.backoff.max.ms = 10000
	sasl.oauthbearer.jwks.endpoint.retry.backoff.ms = 100
	sasl.oauthbearer.jwks.endpoint.url = null
	sasl.oauthbearer.scope.claim.name = scope
	sasl.oauthbearer.sub.claim.name = sub
	sasl.oauthbearer.token.endpoint.url = null
	security.protocol = PLAINTEXT
	security.providers = null
	send.buffer.bytes = 131072
	session.timeout.ms = 45000
	socket.connection.setup.timeout.max.ms = 30000
	socket.connection.setup.timeout.ms = 10000
	ssl.cipher.suites = null
	ssl.enabled.protocols = [TLSv1.2, TLSv1.3]
	ssl.endpoint.identification.algorithm = https
	ssl.engine.factory.class = null
	ssl.key.password = null
	ssl.keymanager.algorithm = SunX509
	ssl.keystore.certificate.chain = null
	ssl.keystore.key = null
	ssl.keystore.location = null
	ssl.keystore.password = null
	ssl.keystore.type = JKS
	ssl.protocol = TLSv1.3
	ssl.provider = null
	ssl.secure.random.implementation = null
	ssl.trustmanager.algorithm = PKIX
	ssl.truststore.certificates = null
	ssl.truststore.location = null
	ssl.truststore.password = null
	ssl.truststore.type = JKS
	value.deserializer = class org.apache.kafka.common.serialization.ByteArrayDeserializer

2024-11-02 22:31:23 [main] INFO  o.a.kafka.common.utils.AppInfoParser - Kafka version: 3.5.1
2024-11-02 22:31:23 [main] INFO  o.a.kafka.common.utils.AppInfoParser - Kafka commitId: 2c6fb6c54472e90a
2024-11-02 22:31:23 [main] INFO  o.a.kafka.common.utils.AppInfoParser - Kafka startTimeMs: 1730568683315
2024-11-02 22:31:23 [main] INFO  o.a.k.clients.consumer.KafkaConsumer - [Consumer clientId=consumer-investment-topic-2, groupId=investment-topic] Subscribed to topic(s): investment-topic
2024-11-02 22:31:23 [main] INFO  o.a.k.c.consumer.ConsumerConfig - ConsumerConfig values: 
	allow.auto.create.topics = true
	auto.commit.interval.ms = 5000
	auto.include.jmx.reporter = true
	auto.offset.reset = latest
	bootstrap.servers = [localhost:9092]
	check.crcs = true
	client.dns.lookup = use_all_dns_ips
	client.id = consumer-group-1-3
	client.rack = 
	connections.max.idle.ms = 540000
	default.api.timeout.ms = 60000
	enable.auto.commit = false
	exclude.internal.topics = true
	fetch.max.bytes = 52428800
	fetch.max.wait.ms = 500
	fetch.min.bytes = 1
	group.id = group-1
	group.instance.id = null
	heartbeat.interval.ms = 3000
	interceptor.classes = []
	internal.leave.group.on.close = true
	internal.throw.on.fetch.stable.offset.unsupported = false
	isolation.level = read_uncommitted
	key.deserializer = class org.apache.kafka.common.serialization.StringDeserializer
	max.partition.fetch.bytes = 1048576
	max.poll.interval.ms = 300000
	max.poll.records = 500
	metadata.max.age.ms = 300000
	metric.reporters = []
	metrics.num.samples = 2
	metrics.recording.level = INFO
	metrics.sample.window.ms = 30000
	partition.assignment.strategy = [class org.apache.kafka.clients.consumer.RangeAssignor, class org.apache.kafka.clients.consumer.CooperativeStickyAssignor]
	receive.buffer.bytes = 65536
	reconnect.backoff.max.ms = 1000
	reconnect.backoff.ms = 50
	request.timeout.ms = 30000
	retry.backoff.ms = 100
	sasl.client.callback.handler.class = null
	sasl.jaas.config = null
	sasl.kerberos.kinit.cmd = /usr/bin/kinit
	sasl.kerberos.min.time.before.relogin = 60000
	sasl.kerberos.service.name = null
	sasl.kerberos.ticket.renew.jitter = 0.05
	sasl.kerberos.ticket.renew.window.factor = 0.8
	sasl.login.callback.handler.class = null
	sasl.login.class = null
	sasl.login.connect.timeout.ms = null
	sasl.login.read.timeout.ms = null
	sasl.login.refresh.buffer.seconds = 300
	sasl.login.refresh.min.period.seconds = 60
	sasl.login.refresh.window.factor = 0.8
	sasl.login.refresh.window.jitter = 0.05
	sasl.login.retry.backoff.max.ms = 10000
	sasl.login.retry.backoff.ms = 100
	sasl.mechanism = GSSAPI
	sasl.oauthbearer.clock.skew.seconds = 30
	sasl.oauthbearer.expected.audience = null
	sasl.oauthbearer.expected.issuer = null
	sasl.oauthbearer.jwks.endpoint.refresh.ms = 3600000
	sasl.oauthbearer.jwks.endpoint.retry.backoff.max.ms = 10000
	sasl.oauthbearer.jwks.endpoint.retry.backoff.ms = 100
	sasl.oauthbearer.jwks.endpoint.url = null
	sasl.oauthbearer.scope.claim.name = scope
	sasl.oauthbearer.sub.claim.name = sub
	sasl.oauthbearer.token.endpoint.url = null
	security.protocol = PLAINTEXT
	security.providers = null
	send.buffer.bytes = 131072
	session.timeout.ms = 45000
	socket.connection.setup.timeout.max.ms = 30000
	socket.connection.setup.timeout.ms = 10000
	ssl.cipher.suites = null
	ssl.enabled.protocols = [TLSv1.2, TLSv1.3]
	ssl.endpoint.identification.algorithm = https
	ssl.engine.factory.class = null
	ssl.key.password = null
	ssl.keymanager.algorithm = SunX509
	ssl.keystore.certificate.chain = null
	ssl.keystore.key = null
	ssl.keystore.location = null
	ssl.keystore.password = null
	ssl.keystore.type = JKS
	ssl.protocol = TLSv1.3
	ssl.provider = null
	ssl.secure.random.implementation = null
	ssl.trustmanager.algorithm = PKIX
	ssl.truststore.certificates = null
	ssl.truststore.location = null
	ssl.truststore.password = null
	ssl.truststore.type = JKS
	value.deserializer = class org.apache.kafka.common.serialization.ByteArrayDeserializer

2024-11-02 22:31:23 [main] INFO  o.a.kafka.common.utils.AppInfoParser - Kafka version: 3.5.1
2024-11-02 22:31:23 [main] INFO  o.a.kafka.common.utils.AppInfoParser - Kafka commitId: 2c6fb6c54472e90a
2024-11-02 22:31:23 [main] INFO  o.a.kafka.common.utils.AppInfoParser - Kafka startTimeMs: 1730568683342
2024-11-02 22:31:23 [main] INFO  o.a.k.clients.consumer.KafkaConsumer - [Consumer clientId=consumer-group-1-3, groupId=group-1] Subscribed to topic(s): investment-topic
2024-11-02 22:31:23 [main] INFO  o.a.k.c.consumer.ConsumerConfig - ConsumerConfig values: 
	allow.auto.create.topics = true
	auto.commit.interval.ms = 5000
	auto.include.jmx.reporter = true
	auto.offset.reset = latest
	bootstrap.servers = [localhost:9092]
	check.crcs = true
	client.dns.lookup = use_all_dns_ips
	client.id = consumer-group-1-4
	client.rack = 
	connections.max.idle.ms = 540000
	default.api.timeout.ms = 60000
	enable.auto.commit = false
	exclude.internal.topics = true
	fetch.max.bytes = 52428800
	fetch.max.wait.ms = 500
	fetch.min.bytes = 1
	group.id = group-1
	group.instance.id = null
	heartbeat.interval.ms = 3000
	interceptor.classes = []
	internal.leave.group.on.close = true
	internal.throw.on.fetch.stable.offset.unsupported = false
	isolation.level = read_uncommitted
	key.deserializer = class org.apache.kafka.common.serialization.StringDeserializer
	max.partition.fetch.bytes = 1048576
	max.poll.interval.ms = 300000
	max.poll.records = 500
	metadata.max.age.ms = 300000
	metric.reporters = []
	metrics.num.samples = 2
	metrics.recording.level = INFO
	metrics.sample.window.ms = 30000
	partition.assignment.strategy = [class org.apache.kafka.clients.consumer.RangeAssignor, class org.apache.kafka.clients.consumer.CooperativeStickyAssignor]
	receive.buffer.bytes = 65536
	reconnect.backoff.max.ms = 1000
	reconnect.backoff.ms = 50
	request.timeout.ms = 30000
	retry.backoff.ms = 100
	sasl.client.callback.handler.class = null
	sasl.jaas.config = null
	sasl.kerberos.kinit.cmd = /usr/bin/kinit
	sasl.kerberos.min.time.before.relogin = 60000
	sasl.kerberos.service.name = null
	sasl.kerberos.ticket.renew.jitter = 0.05
	sasl.kerberos.ticket.renew.window.factor = 0.8
	sasl.login.callback.handler.class = null
	sasl.login.class = null
	sasl.login.connect.timeout.ms = null
	sasl.login.read.timeout.ms = null
	sasl.login.refresh.buffer.seconds = 300
	sasl.login.refresh.min.period.seconds = 60
	sasl.login.refresh.window.factor = 0.8
	sasl.login.refresh.window.jitter = 0.05
	sasl.login.retry.backoff.max.ms = 10000
	sasl.login.retry.backoff.ms = 100
	sasl.mechanism = GSSAPI
	sasl.oauthbearer.clock.skew.seconds = 30
	sasl.oauthbearer.expected.audience = null
	sasl.oauthbearer.expected.issuer = null
	sasl.oauthbearer.jwks.endpoint.refresh.ms = 3600000
	sasl.oauthbearer.jwks.endpoint.retry.backoff.max.ms = 10000
	sasl.oauthbearer.jwks.endpoint.retry.backoff.ms = 100
	sasl.oauthbearer.jwks.endpoint.url = null
	sasl.oauthbearer.scope.claim.name = scope
	sasl.oauthbearer.sub.claim.name = sub
	sasl.oauthbearer.token.endpoint.url = null
	security.protocol = PLAINTEXT
	security.providers = null
	send.buffer.bytes = 131072
	session.timeout.ms = 45000
	socket.connection.setup.timeout.max.ms = 30000
	socket.connection.setup.timeout.ms = 10000
	ssl.cipher.suites = null
	ssl.enabled.protocols = [TLSv1.2, TLSv1.3]
	ssl.endpoint.identification.algorithm = https
	ssl.engine.factory.class = null
	ssl.key.password = null
	ssl.keymanager.algorithm = SunX509
	ssl.keystore.certificate.chain = null
	ssl.keystore.key = null
	ssl.keystore.location = null
	ssl.keystore.password = null
	ssl.keystore.type = JKS
	ssl.protocol = TLSv1.3
	ssl.provider = null
	ssl.secure.random.implementation = null
	ssl.trustmanager.algorithm = PKIX
	ssl.truststore.certificates = null
	ssl.truststore.location = null
	ssl.truststore.password = null
	ssl.truststore.type = JKS
	value.deserializer = class org.apache.kafka.common.serialization.ByteArrayDeserializer

2024-11-02 22:31:23 [main] INFO  o.a.kafka.common.utils.AppInfoParser - Kafka version: 3.5.1
2024-11-02 22:31:23 [main] INFO  o.a.kafka.common.utils.AppInfoParser - Kafka commitId: 2c6fb6c54472e90a
2024-11-02 22:31:23 [main] INFO  o.a.kafka.common.utils.AppInfoParser - Kafka startTimeMs: 1730568683364
2024-11-02 22:31:23 [main] INFO  o.a.k.clients.consumer.KafkaConsumer - [Consumer clientId=consumer-group-1-4, groupId=group-1] Subscribed to topic(s): investment-topic
2024-11-02 22:31:23 [main] INFO  o.a.k.c.consumer.ConsumerConfig - ConsumerConfig values: 
	allow.auto.create.topics = true
	auto.commit.interval.ms = 5000
	auto.include.jmx.reporter = true
	auto.offset.reset = latest
	bootstrap.servers = [localhost:9092]
	check.crcs = true
	client.dns.lookup = use_all_dns_ips
	client.id = consumer-group-1-5
	client.rack = 
	connections.max.idle.ms = 540000
	default.api.timeout.ms = 60000
	enable.auto.commit = false
	exclude.internal.topics = true
	fetch.max.bytes = 52428800
	fetch.max.wait.ms = 500
	fetch.min.bytes = 1
	group.id = group-1
	group.instance.id = null
	heartbeat.interval.ms = 3000
	interceptor.classes = []
	internal.leave.group.on.close = true
	internal.throw.on.fetch.stable.offset.unsupported = false
	isolation.level = read_uncommitted
	key.deserializer = class org.apache.kafka.common.serialization.StringDeserializer
	max.partition.fetch.bytes = 1048576
	max.poll.interval.ms = 300000
	max.poll.records = 500
	metadata.max.age.ms = 300000
	metric.reporters = []
	metrics.num.samples = 2
	metrics.recording.level = INFO
	metrics.sample.window.ms = 30000
	partition.assignment.strategy = [class org.apache.kafka.clients.consumer.RangeAssignor, class org.apache.kafka.clients.consumer.CooperativeStickyAssignor]
	receive.buffer.bytes = 65536
	reconnect.backoff.max.ms = 1000
	reconnect.backoff.ms = 50
	request.timeout.ms = 30000
	retry.backoff.ms = 100
	sasl.client.callback.handler.class = null
	sasl.jaas.config = null
	sasl.kerberos.kinit.cmd = /usr/bin/kinit
	sasl.kerberos.min.time.before.relogin = 60000
	sasl.kerberos.service.name = null
	sasl.kerberos.ticket.renew.jitter = 0.05
	sasl.kerberos.ticket.renew.window.factor = 0.8
	sasl.login.callback.handler.class = null
	sasl.login.class = null
	sasl.login.connect.timeout.ms = null
	sasl.login.read.timeout.ms = null
	sasl.login.refresh.buffer.seconds = 300
	sasl.login.refresh.min.period.seconds = 60
	sasl.login.refresh.window.factor = 0.8
	sasl.login.refresh.window.jitter = 0.05
	sasl.login.retry.backoff.max.ms = 10000
	sasl.login.retry.backoff.ms = 100
	sasl.mechanism = GSSAPI
	sasl.oauthbearer.clock.skew.seconds = 30
	sasl.oauthbearer.expected.audience = null
	sasl.oauthbearer.expected.issuer = null
	sasl.oauthbearer.jwks.endpoint.refresh.ms = 3600000
	sasl.oauthbearer.jwks.endpoint.retry.backoff.max.ms = 10000
	sasl.oauthbearer.jwks.endpoint.retry.backoff.ms = 100
	sasl.oauthbearer.jwks.endpoint.url = null
	sasl.oauthbearer.scope.claim.name = scope
	sasl.oauthbearer.sub.claim.name = sub
	sasl.oauthbearer.token.endpoint.url = null
	security.protocol = PLAINTEXT
	security.providers = null
	send.buffer.bytes = 131072
	session.timeout.ms = 45000
	socket.connection.setup.timeout.max.ms = 30000
	socket.connection.setup.timeout.ms = 10000
	ssl.cipher.suites = null
	ssl.enabled.protocols = [TLSv1.2, TLSv1.3]
	ssl.endpoint.identification.algorithm = https
	ssl.engine.factory.class = null
	ssl.key.password = null
	ssl.keymanager.algorithm = SunX509
	ssl.keystore.certificate.chain = null
	ssl.keystore.key = null
	ssl.keystore.location = null
	ssl.keystore.password = null
	ssl.keystore.type = JKS
	ssl.protocol = TLSv1.3
	ssl.provider = null
	ssl.secure.random.implementation = null
	ssl.trustmanager.algorithm = PKIX
	ssl.truststore.certificates = null
	ssl.truststore.location = null
	ssl.truststore.password = null
	ssl.truststore.type = JKS
	value.deserializer = class org.apache.kafka.common.serialization.ByteArrayDeserializer

2024-11-02 22:31:23 [main] INFO  o.a.kafka.common.utils.AppInfoParser - Kafka version: 3.5.1
2024-11-02 22:31:23 [main] INFO  o.a.kafka.common.utils.AppInfoParser - Kafka commitId: 2c6fb6c54472e90a
2024-11-02 22:31:23 [main] INFO  o.a.kafka.common.utils.AppInfoParser - Kafka startTimeMs: 1730568683382
2024-11-02 22:31:23 [main] INFO  o.a.k.clients.consumer.KafkaConsumer - [Consumer clientId=consumer-group-1-5, groupId=group-1] Subscribed to topic(s): payment-topic
2024-11-02 22:31:23 [main] INFO  o.a.k.c.consumer.ConsumerConfig - ConsumerConfig values: 
	allow.auto.create.topics = true
	auto.commit.interval.ms = 5000
	auto.include.jmx.reporter = true
	auto.offset.reset = latest
	bootstrap.servers = [localhost:9092]
	check.crcs = true
	client.dns.lookup = use_all_dns_ips
	client.id = consumer-group-1-6
	client.rack = 
	connections.max.idle.ms = 540000
	default.api.timeout.ms = 60000
	enable.auto.commit = false
	exclude.internal.topics = true
	fetch.max.bytes = 52428800
	fetch.max.wait.ms = 500
	fetch.min.bytes = 1
	group.id = group-1
	group.instance.id = null
	heartbeat.interval.ms = 3000
	interceptor.classes = []
	internal.leave.group.on.close = true
	internal.throw.on.fetch.stable.offset.unsupported = false
	isolation.level = read_uncommitted
	key.deserializer = class org.apache.kafka.common.serialization.StringDeserializer
	max.partition.fetch.bytes = 1048576
	max.poll.interval.ms = 300000
	max.poll.records = 500
	metadata.max.age.ms = 300000
	metric.reporters = []
	metrics.num.samples = 2
	metrics.recording.level = INFO
	metrics.sample.window.ms = 30000
	partition.assignment.strategy = [class org.apache.kafka.clients.consumer.RangeAssignor, class org.apache.kafka.clients.consumer.CooperativeStickyAssignor]
	receive.buffer.bytes = 65536
	reconnect.backoff.max.ms = 1000
	reconnect.backoff.ms = 50
	request.timeout.ms = 30000
	retry.backoff.ms = 100
	sasl.client.callback.handler.class = null
	sasl.jaas.config = null
	sasl.kerberos.kinit.cmd = /usr/bin/kinit
	sasl.kerberos.min.time.before.relogin = 60000
	sasl.kerberos.service.name = null
	sasl.kerberos.ticket.renew.jitter = 0.05
	sasl.kerberos.ticket.renew.window.factor = 0.8
	sasl.login.callback.handler.class = null
	sasl.login.class = null
	sasl.login.connect.timeout.ms = null
	sasl.login.read.timeout.ms = null
	sasl.login.refresh.buffer.seconds = 300
	sasl.login.refresh.min.period.seconds = 60
	sasl.login.refresh.window.factor = 0.8
	sasl.login.refresh.window.jitter = 0.05
	sasl.login.retry.backoff.max.ms = 10000
	sasl.login.retry.backoff.ms = 100
	sasl.mechanism = GSSAPI
	sasl.oauthbearer.clock.skew.seconds = 30
	sasl.oauthbearer.expected.audience = null
	sasl.oauthbearer.expected.issuer = null
	sasl.oauthbearer.jwks.endpoint.refresh.ms = 3600000
	sasl.oauthbearer.jwks.endpoint.retry.backoff.max.ms = 10000
	sasl.oauthbearer.jwks.endpoint.retry.backoff.ms = 100
	sasl.oauthbearer.jwks.endpoint.url = null
	sasl.oauthbearer.scope.claim.name = scope
	sasl.oauthbearer.sub.claim.name = sub
	sasl.oauthbearer.token.endpoint.url = null
	security.protocol = PLAINTEXT
	security.providers = null
	send.buffer.bytes = 131072
	session.timeout.ms = 45000
	socket.connection.setup.timeout.max.ms = 30000
	socket.connection.setup.timeout.ms = 10000
	ssl.cipher.suites = null
	ssl.enabled.protocols = [TLSv1.2, TLSv1.3]
	ssl.endpoint.identification.algorithm = https
	ssl.engine.factory.class = null
	ssl.key.password = null
	ssl.keymanager.algorithm = SunX509
	ssl.keystore.certificate.chain = null
	ssl.keystore.key = null
	ssl.keystore.location = null
	ssl.keystore.password = null
	ssl.keystore.type = JKS
	ssl.protocol = TLSv1.3
	ssl.provider = null
	ssl.secure.random.implementation = null
	ssl.trustmanager.algorithm = PKIX
	ssl.truststore.certificates = null
	ssl.truststore.location = null
	ssl.truststore.password = null
	ssl.truststore.type = JKS
	value.deserializer = class org.apache.kafka.common.serialization.ByteArrayDeserializer

2024-11-02 22:31:23 [main] INFO  o.a.kafka.common.utils.AppInfoParser - Kafka version: 3.5.1
2024-11-02 22:31:23 [main] INFO  o.a.kafka.common.utils.AppInfoParser - Kafka commitId: 2c6fb6c54472e90a
2024-11-02 22:31:23 [main] INFO  o.a.kafka.common.utils.AppInfoParser - Kafka startTimeMs: 1730568683398
2024-11-02 22:31:23 [main] INFO  o.a.k.clients.consumer.KafkaConsumer - [Consumer clientId=consumer-group-1-6, groupId=group-1] Subscribed to topic(s): payment-topic
2024-11-02 22:31:23 [main] INFO  org.example.Main - Started Main in 76.858 seconds (process running for 78.834)
2024-11-02 22:31:23 [org.springframework.kafka.KafkaListenerEndpointContainer#1-0-C-1] INFO  o.apache.kafka.clients.NetworkClient - [Consumer clientId=consumer-group-1-5, groupId=group-1] Node -1 disconnected.
2024-11-02 22:31:23 [org.springframework.kafka.KafkaListenerEndpointContainer#1-0-C-1] WARN  o.apache.kafka.clients.NetworkClient - [Consumer clientId=consumer-group-1-5, groupId=group-1] Connection to node -1 (localhost/127.0.0.1:9092) could not be established. Broker may not be available.
2024-11-02 22:31:23 [org.springframework.kafka.KafkaListenerEndpointContainer#1-0-C-1] WARN  o.apache.kafka.clients.NetworkClient - [Consumer clientId=consumer-group-1-5, groupId=group-1] Bootstrap broker localhost:9092 (id: -1 rack: null) disconnected
2024-11-02 22:31:23 [investment-topic-0-C-1] INFO  o.apache.kafka.clients.NetworkClient - [Consumer clientId=consumer-investment-topic-1, groupId=investment-topic] Node -1 disconnected.
2024-11-02 22:31:23 [investment-topic-0-C-1] WARN  o.apache.kafka.clients.NetworkClient - [Consumer clientId=consumer-investment-topic-1, groupId=investment-topic] Connection to node -1 (localhost/127.0.0.1:9092) could not be established. Broker may not be available.
2024-11-02 22:31:23 [investment-topic-1-C-1] INFO  o.apache.kafka.clients.NetworkClient - [Consumer clientId=consumer-investment-topic-2, groupId=investment-topic] Node -1 disconnected.
2024-11-02 22:31:23 [org.springframework.kafka.KafkaListenerEndpointContainer#0-1-C-1] INFO  o.apache.kafka.clients.NetworkClient - [Consumer clientId=consumer-group-1-4, groupId=group-1] Node -1 disconnected.
2024-11-02 22:31:23 [investment-topic-1-C-1] WARN  o.apache.kafka.clients.NetworkClient - [Consumer clientId=consumer-investment-topic-2, groupId=investment-topic] Connection to node -1 (localhost/127.0.0.1:9092) could not be established. Broker may not be available.
2024-11-02 22:31:23 [org.springframework.kafka.KafkaListenerEndpointContainer#0-1-C-1] WARN  o.apache.kafka.clients.NetworkClient - [Consumer clientId=consumer-group-1-4, groupId=group-1] Connection to node -1 (localhost/127.0.0.1:9092) could not be established. Broker may not be available.
2024-11-02 22:31:23 [investment-topic-1-C-1] WARN  o.apache.kafka.clients.NetworkClient - [Consumer clientId=consumer-investment-topic-2, groupId=investment-topic] Bootstrap broker localhost:9092 (id: -1 rack: null) disconnected
2024-11-02 22:31:23 [org.springframework.kafka.KafkaListenerEndpointContainer#0-0-C-1] INFO  o.apache.kafka.clients.NetworkClient - [Consumer clientId=consumer-group-1-3, groupId=group-1] Node -1 disconnected.
2024-11-02 22:31:23 [org.springframework.kafka.KafkaListenerEndpointContainer#0-1-C-1] WARN  o.apache.kafka.clients.NetworkClient - [Consumer clientId=consumer-group-1-4, groupId=group-1] Bootstrap broker localhost:9092 (id: -1 rack: null) disconnected
2024-11-02 22:31:23 [org.springframework.kafka.KafkaListenerEndpointContainer#1-1-C-1] INFO  o.apache.kafka.clients.NetworkClient - [Consumer clientId=consumer-group-1-6, groupId=group-1] Node -1 disconnected.
2024-11-02 22:31:23 [org.springframework.kafka.KafkaListenerEndpointContainer#0-0-C-1] WARN  o.apache.kafka.clients.NetworkClient - [Consumer clientId=consumer-group-1-3, groupId=group-1] Connection to node -1 (localhost/127.0.0.1:9092) could not be established. Broker may not be available.
2024-11-02 22:31:23 [org.springframework.kafka.KafkaListenerEndpointContainer#1-1-C-1] WARN  o.apache.kafka.clients.NetworkClient - [Consumer clientId=consumer-group-1-6, groupId=group-1] Connection to node -1 (localhost/127.0.0.1:9092) could not be established. Broker may not be available.
2024-11-02 22:31:23 [investment-topic-0-C-1] WARN  o.apache.kafka.clients.NetworkClient - [Consumer clientId=consumer-investment-topic-1, groupId=investment-topic] Bootstrap broker localhost:9092 (id: -1 rack: null) disconnected
2024-11-02 22:31:23 [org.springframework.kafka.KafkaListenerEndpointContainer#1-1-C-1] WARN  o.apache.kafka.clients.NetworkClient - [Consumer clientId=consumer-group-1-6, groupId=group-1] Bootstrap broker localhost:9092 (id: -1 rack: null) disconnected
2024-11-02 22:31:23 [org.springframework.kafka.KafkaListenerEndpointContainer#0-0-C-1] WARN  o.apache.kafka.clients.NetworkClient - [Consumer clientId=consumer-group-1-3, groupId=group-1] Bootstrap broker localhost:9092 (id: -1 rack: null) disconnected
2024-11-02 22:31:23 [org.springframework.kafka.KafkaListenerEndpointContainer#1-0-C-1] INFO  o.apache.kafka.clients.NetworkClient - [Consumer clientId=consumer-group-1-5, groupId=group-1] Node -1 disconnected.
2024-11-02 22:31:23 [org.springframework.kafka.KafkaListenerEndpointContainer#1-0-C-1] WARN  o.apache.kafka.clients.NetworkClient - [Consumer clientId=consumer-group-1-5, groupId=group-1] Connection to node -1 (localhost/127.0.0.1:9092) could not be established. Broker may not be available.
2024-11-02 22:31:23 [org.springframework.kafka.KafkaListenerEndpointContainer#1-0-C-1] WARN  o.apache.kafka.clients.NetworkClient - [Consumer clientId=consumer-group-1-5, groupId=group-1] Bootstrap broker localhost:9092 (id: -1 rack: null) disconnected
2024-11-02 22:31:23 [org.springframework.kafka.KafkaListenerEndpointContainer#0-1-C-1] INFO  o.apache.kafka.clients.NetworkClient - [Consumer clientId=consumer-group-1-4, groupId=group-1] Node -1 disconnected.
2024-11-02 22:31:23 [org.springframework.kafka.KafkaListenerEndpointContainer#0-1-C-1] WARN  o.apache.kafka.clients.NetworkClient - [Consumer clientId=consumer-group-1-4, groupId=group-1] Connection to node -1 (localhost/127.0.0.1:9092) could not be established. Broker may not be available.
2024-11-02 22:31:23 [investment-topic-0-C-1] INFO  o.apache.kafka.clients.NetworkClient - [Consumer clientId=consumer-investment-topic-1, groupId=investment-topic] Node -1 disconnected.
2024-11-02 22:31:23 [investment-topic-1-C-1] INFO  o.apache.kafka.clients.NetworkClient - [Consumer clientId=consumer-investment-topic-2, groupId=investment-topic] Node -1 disconnected.
2024-11-02 22:31:23 [investment-topic-0-C-1] WARN  o.apache.kafka.clients.NetworkClient - [Consumer clientId=consumer-investment-topic-1, groupId=investment-topic] Connection to node -1 (localhost/127.0.0.1:9092) could not be established. Broker may not be available.
2024-11-02 22:31:23 [org.springframework.kafka.KafkaListenerEndpointContainer#0-1-C-1] WARN  o.apache.kafka.clients.NetworkClient - [Consumer clientId=consumer-group-1-4, groupId=group-1] Bootstrap broker localhost:9092 (id: -1 rack: null) disconnected
2024-11-02 22:31:23 [investment-topic-0-C-1] WARN  o.apache.kafka.clients.NetworkClient - [Consumer clientId=consumer-investment-topic-1, groupId=investment-topic] Bootstrap broker localhost:9092 (id: -1 rack: null) disconnected
2024-11-02 22:31:23 [investment-topic-1-C-1] WARN  o.apache.kafka.clients.NetworkClient - [Consumer clientId=consumer-investment-topic-2, groupId=investment-topic] Connection to node -1 (localhost/127.0.0.1:9092) could not be established. Broker may not be available.
2024-11-02 22:31:23 [investment-topic-1-C-1] WARN  o.apache.kafka.clients.NetworkClient - [Consumer clientId=consumer-investment-topic-2, groupId=investment-topic] Bootstrap broker localhost:9092 (id: -1 rack: null) disconnected
2024-11-02 22:31:23 [org.springframework.kafka.KafkaListenerEndpointContainer#1-1-C-1] INFO  o.apache.kafka.clients.NetworkClient - [Consumer clientId=consumer-group-1-6, groupId=group-1] Node -1 disconnected.
2024-11-02 22:31:23 [org.springframework.kafka.KafkaListenerEndpointContainer#0-0-C-1] INFO  o.apache.kafka.clients.NetworkClient - [Consumer clientId=consumer-group-1-3, groupId=group-1] Node -1 disconnected.
2024-11-02 22:31:23 [org.springframework.kafka.KafkaListenerEndpointContainer#0-0-C-1] WARN  o.apache.kafka.clients.NetworkClient - [Consumer clientId=consumer-group-1-3, groupId=group-1] Connection to node -1 (localhost/127.0.0.1:9092) could not be established. Broker may not be available.
2024-11-02 22:31:23 [org.springframework.kafka.KafkaListenerEndpointContainer#1-1-C-1] WARN  o.apache.kafka.clients.NetworkClient - [Consumer clientId=consumer-group-1-6, groupId=group-1] Connection to node -1 (localhost/127.0.0.1:9092) could not be established. Broker may not be available.
2024-11-02 22:31:23 [org.springframework.kafka.KafkaListenerEndpointContainer#0-0-C-1] WARN  o.apache.kafka.clients.NetworkClient - [Consumer clientId=consumer-group-1-3, groupId=group-1] Bootstrap broker localhost:9092 (id: -1 rack: null) disconnected
2024-11-02 22:31:23 [org.springframework.kafka.KafkaListenerEndpointContainer#1-1-C-1] WARN  o.apache.kafka.clients.NetworkClient - [Consumer clientId=consumer-group-1-6, groupId=group-1] Bootstrap broker localhost:9092 (id: -1 rack: null) disconnected
2024-11-02 22:31:24 [org.springframework.kafka.KafkaListenerEndpointContainer#1-0-C-1] INFO  o.apache.kafka.clients.NetworkClient - [Consumer clientId=consumer-group-1-5, groupId=group-1] Node -1 disconnected.
2024-11-02 22:31:24 [org.springframework.kafka.KafkaListenerEndpointContainer#1-0-C-1] WARN  o.apache.kafka.clients.NetworkClient - [Consumer clientId=consumer-group-1-5, groupId=group-1] Connection to node -1 (localhost/127.0.0.1:9092) could not be established. Broker may not be available.
2024-11-02 22:31:24 [org.springframework.kafka.KafkaListenerEndpointContainer#0-1-C-1] INFO  o.apache.kafka.clients.NetworkClient - [Consumer clientId=consumer-group-1-4, groupId=group-1] Node -1 disconnected.
2024-11-02 22:31:24 [org.springframework.kafka.KafkaListenerEndpointContainer#1-0-C-1] WARN  o.apache.kafka.clients.NetworkClient - [Consumer clientId=consumer-group-1-5, groupId=group-1] Bootstrap broker localhost:9092 (id: -1 rack: null) disconnected
2024-11-02 22:31:24 [org.springframework.kafka.KafkaListenerEndpointContainer#0-1-C-1] WARN  o.apache.kafka.clients.NetworkClient - [Consumer clientId=consumer-group-1-4, groupId=group-1] Connection to node -1 (localhost/127.0.0.1:9092) could not be established. Broker may not be available.
2024-11-02 22:31:24 [org.springframework.kafka.KafkaListenerEndpointContainer#0-1-C-1] WARN  o.apache.kafka.clients.NetworkClient - [Consumer clientId=consumer-group-1-4, groupId=group-1] Bootstrap broker localhost:9092 (id: -1 rack: null) disconnected
2024-11-02 22:31:24 [investment-topic-0-C-1] INFO  o.apache.kafka.clients.NetworkClient - [Consumer clientId=consumer-investment-topic-1, groupId=investment-topic] Node -1 disconnected.
2024-11-02 22:31:24 [investment-topic-0-C-1] WARN  o.apache.kafka.clients.NetworkClient - [Consumer clientId=consumer-investment-topic-1, groupId=investment-topic] Connection to node -1 (localhost/127.0.0.1:9092) could not be established. Broker may not be available.
2024-11-02 22:31:24 [investment-topic-0-C-1] WARN  o.apache.kafka.clients.NetworkClient - [Consumer clientId=consumer-investment-topic-1, groupId=investment-topic] Bootstrap broker localhost:9092 (id: -1 rack: null) disconnected
2024-11-02 22:31:24 [org.springframework.kafka.KafkaListenerEndpointContainer#1-1-C-1] INFO  o.apache.kafka.clients.NetworkClient - [Consumer clientId=consumer-group-1-6, groupId=group-1] Node -1 disconnected.
2024-11-02 22:31:24 [investment-topic-1-C-1] INFO  o.apache.kafka.clients.NetworkClient - [Consumer clientId=consumer-investment-topic-2, groupId=investment-topic] Node -1 disconnected.
2024-11-02 22:31:24 [org.springframework.kafka.KafkaListenerEndpointContainer#1-1-C-1] WARN  o.apache.kafka.clients.NetworkClient - [Consumer clientId=consumer-group-1-6, groupId=group-1] Connection to node -1 (localhost/127.0.0.1:9092) could not be established. Broker may not be available.
2024-11-02 22:31:24 [investment-topic-1-C-1] WARN  o.apache.kafka.clients.NetworkClient - [Consumer clientId=consumer-investment-topic-2, groupId=investment-topic] Connection to node -1 (localhost/127.0.0.1:9092) could not be established. Broker may not be available.
2024-11-02 22:31:24 [org.springframework.kafka.KafkaListenerEndpointContainer#1-1-C-1] WARN  o.apache.kafka.clients.NetworkClient - [Consumer clientId=consumer-group-1-6, groupId=group-1] Bootstrap broker localhost:9092 (id: -1 rack: null) disconnected
2024-11-02 22:31:24 [investment-topic-1-C-1] WARN  o.apache.kafka.clients.NetworkClient - [Consumer clientId=consumer-investment-topic-2, groupId=investment-topic] Bootstrap broker localhost:9092 (id: -1 rack: null) disconnected
2024-11-02 22:31:24 [org.springframework.kafka.KafkaListenerEndpointContainer#0-0-C-1] INFO  o.apache.kafka.clients.NetworkClient - [Consumer clientId=consumer-group-1-3, groupId=group-1] Node -1 disconnected.
2024-11-02 22:31:24 [org.springframework.kafka.KafkaListenerEndpointContainer#0-0-C-1] WARN  o.apache.kafka.clients.NetworkClient - [Consumer clientId=consumer-group-1-3, groupId=group-1] Connection to node -1 (localhost/127.0.0.1:9092) could not be established. Broker may not be available.
2024-11-02 22:31:24 [org.springframework.kafka.KafkaListenerEndpointContainer#0-0-C-1] WARN  o.apache.kafka.clients.NetworkClient - [Consumer clientId=consumer-group-1-3, groupId=group-1] Bootstrap broker localhost:9092 (id: -1 rack: null) disconnected
2024-11-02 22:31:24 [investment-topic-0-C-1] INFO  o.apache.kafka.clients.NetworkClient - [Consumer clientId=consumer-investment-topic-1, groupId=investment-topic] Node -1 disconnected.
2024-11-02 22:31:24 [investment-topic-0-C-1] WARN  o.apache.kafka.clients.NetworkClient - [Consumer clientId=consumer-investment-topic-1, groupId=investment-topic] Connection to node -1 (localhost/127.0.0.1:9092) could not be established. Broker may not be available.
2024-11-02 22:31:24 [investment-topic-0-C-1] WARN  o.apache.kafka.clients.NetworkClient - [Consumer clientId=consumer-investment-topic-1, groupId=investment-topic] Bootstrap broker localhost:9092 (id: -1 rack: null) disconnected
2024-11-02 22:31:24 [org.springframework.kafka.KafkaListenerEndpointContainer#0-1-C-1] INFO  o.apache.kafka.clients.NetworkClient - [Consumer clientId=consumer-group-1-4, groupId=group-1] Node -1 disconnected.
2024-11-02 22:31:24 [org.springframework.kafka.KafkaListenerEndpointContainer#1-0-C-1] INFO  o.apache.kafka.clients.NetworkClient - [Consumer clientId=consumer-group-1-5, groupId=group-1] Node -1 disconnected.
2024-11-02 22:31:24 [org.springframework.kafka.KafkaListenerEndpointContainer#0-1-C-1] WARN  o.apache.kafka.clients.NetworkClient - [Consumer clientId=consumer-group-1-4, groupId=group-1] Connection to node -1 (localhost/127.0.0.1:9092) could not be established. Broker may not be available.
2024-11-02 22:31:24 [org.springframework.kafka.KafkaListenerEndpointContainer#1-0-C-1] WARN  o.apache.kafka.clients.NetworkClient - [Consumer clientId=consumer-group-1-5, groupId=group-1] Connection to node -1 (localhost/127.0.0.1:9092) could not be established. Broker may not be available.
2024-11-02 22:31:24 [org.springframework.kafka.KafkaListenerEndpointContainer#0-1-C-1] WARN  o.apache.kafka.clients.NetworkClient - [Consumer clientId=consumer-group-1-4, groupId=group-1] Bootstrap broker localhost:9092 (id: -1 rack: null) disconnected
2024-11-02 22:31:24 [org.springframework.kafka.KafkaListenerEndpointContainer#1-0-C-1] WARN  o.apache.kafka.clients.NetworkClient - [Consumer clientId=consumer-group-1-5, groupId=group-1] Bootstrap broker localhost:9092 (id: -1 rack: null) disconnected
2024-11-02 22:31:24 [org.springframework.kafka.KafkaListenerEndpointContainer#0-0-C-1] INFO  o.apache.kafka.clients.NetworkClient - [Consumer clientId=consumer-group-1-3, groupId=group-1] Node -1 disconnected.
2024-11-02 22:31:24 [org.springframework.kafka.KafkaListenerEndpointContainer#0-0-C-1] WARN  o.apache.kafka.clients.NetworkClient - [Consumer clientId=consumer-group-1-3, groupId=group-1] Connection to node -1 (localhost/127.0.0.1:9092) could not be established. Broker may not be available.
2024-11-02 22:31:24 [org.springframework.kafka.KafkaListenerEndpointContainer#0-0-C-1] WARN  o.apache.kafka.clients.NetworkClient - [Consumer clientId=consumer-group-1-3, groupId=group-1] Bootstrap broker localhost:9092 (id: -1 rack: null) disconnected
2024-11-02 22:31:24 [investment-topic-1-C-1] INFO  o.apache.kafka.clients.NetworkClient - [Consumer clientId=consumer-investment-topic-2, groupId=investment-topic] Node -1 disconnected.
2024-11-02 22:31:24 [org.springframework.kafka.KafkaListenerEndpointContainer#1-1-C-1] INFO  o.apache.kafka.clients.NetworkClient - [Consumer clientId=consumer-group-1-6, groupId=group-1] Node -1 disconnected.
2024-11-02 22:31:24 [investment-topic-1-C-1] WARN  o.apache.kafka.clients.NetworkClient - [Consumer clientId=consumer-investment-topic-2, groupId=investment-topic] Connection to node -1 (localhost/127.0.0.1:9092) could not be established. Broker may not be available.
2024-11-02 22:31:24 [org.springframework.kafka.KafkaListenerEndpointContainer#1-1-C-1] WARN  o.apache.kafka.clients.NetworkClient - [Consumer clientId=consumer-group-1-6, groupId=group-1] Connection to node -1 (localhost/127.0.0.1:9092) could not be established. Broker may not be available.
2024-11-02 22:31:24 [investment-topic-1-C-1] WARN  o.apache.kafka.clients.NetworkClient - [Consumer clientId=consumer-investment-topic-2, groupId=investment-topic] Bootstrap broker localhost:9092 (id: -1 rack: null) disconnected
2024-11-02 22:31:24 [org.springframework.kafka.KafkaListenerEndpointContainer#1-1-C-1] WARN  o.apache.kafka.clients.NetworkClient - [Consumer clientId=consumer-group-1-6, groupId=group-1] Bootstrap broker localhost:9092 (id: -1 rack: null) disconnected
2024-11-02 22:31:24 [investment-topic-0-C-1] INFO  o.apache.kafka.clients.NetworkClient - [Consumer clientId=consumer-investment-topic-1, groupId=investment-topic] Node -1 disconnected.
2024-11-02 22:31:24 [investment-topic-0-C-1] WARN  o.apache.kafka.clients.NetworkClient - [Consumer clientId=consumer-investment-topic-1, groupId=investment-topic] Connection to node -1 (localhost/127.0.0.1:9092) could not be established. Broker may not be available.
2024-11-02 22:31:24 [investment-topic-0-C-1] WARN  o.apache.kafka.clients.NetworkClient - [Consumer clientId=consumer-investment-topic-1, groupId=investment-topic] Bootstrap broker localhost:9092 (id: -1 rack: null) disconnected
2024-11-02 22:31:24 [org.springframework.kafka.KafkaListenerEndpointContainer#1-0-C-1] INFO  o.apache.kafka.clients.NetworkClient - [Consumer clientId=consumer-group-1-5, groupId=group-1] Node -1 disconnected.
2024-11-02 22:31:24 [org.springframework.kafka.KafkaListenerEndpointContainer#1-0-C-1] WARN  o.apache.kafka.clients.NetworkClient - [Consumer clientId=consumer-group-1-5, groupId=group-1] Connection to node -1 (localhost/127.0.0.1:9092) could not be established. Broker may not be available.
2024-11-02 22:31:24 [org.springframework.kafka.KafkaListenerEndpointContainer#1-0-C-1] WARN  o.apache.kafka.clients.NetworkClient - [Consumer clientId=consumer-group-1-5, groupId=group-1] Bootstrap broker localhost:9092 (id: -1 rack: null) disconnected
2024-11-02 22:31:24 [org.springframework.kafka.KafkaListenerEndpointContainer#0-0-C-1] INFO  o.apache.kafka.clients.NetworkClient - [Consumer clientId=consumer-group-1-3, groupId=group-1] Node -1 disconnected.
2024-11-02 22:31:24 [org.springframework.kafka.KafkaListenerEndpointContainer#1-1-C-1] INFO  o.apache.kafka.clients.NetworkClient - [Consumer clientId=consumer-group-1-6, groupId=group-1] Node -1 disconnected.
2024-11-02 22:31:24 [org.springframework.kafka.KafkaListenerEndpointContainer#0-0-C-1] WARN  o.apache.kafka.clients.NetworkClient - [Consumer clientId=consumer-group-1-3, groupId=group-1] Connection to node -1 (localhost/127.0.0.1:9092) could not be established. Broker may not be available.
2024-11-02 22:31:24 [org.springframework.kafka.KafkaListenerEndpointContainer#1-1-C-1] WARN  o.apache.kafka.clients.NetworkClient - [Consumer clientId=consumer-group-1-6, groupId=group-1] Connection to node -1 (localhost/127.0.0.1:9092) could not be established. Broker may not be available.
2024-11-02 22:31:24 [org.springframework.kafka.KafkaListenerEndpointContainer#0-0-C-1] WARN  o.apache.kafka.clients.NetworkClient - [Consumer clientId=consumer-group-1-3, groupId=group-1] Bootstrap broker localhost:9092 (id: -1 rack: null) disconnected
2024-11-02 22:31:24 [org.springframework.kafka.KafkaListenerEndpointContainer#1-1-C-1] WARN  o.apache.kafka.clients.NetworkClient - [Consumer clientId=consumer-group-1-6, groupId=group-1] Bootstrap broker localhost:9092 (id: -1 rack: null) disconnected
2024-11-02 22:31:24 [org.springframework.kafka.KafkaListenerEndpointContainer#0-1-C-1] INFO  o.apache.kafka.clients.NetworkClient - [Consumer clientId=consumer-group-1-4, groupId=group-1] Node -1 disconnected.
2024-11-02 22:31:24 [org.springframework.kafka.KafkaListenerEndpointContainer#0-1-C-1] WARN  o.apache.kafka.clients.NetworkClient - [Consumer clientId=consumer-group-1-4, groupId=group-1] Connection to node -1 (localhost/127.0.0.1:9092) could not be established. Broker may not be available.
2024-11-02 22:31:24 [org.springframework.kafka.KafkaListenerEndpointContainer#0-1-C-1] WARN  o.apache.kafka.clients.NetworkClient - [Consumer clientId=consumer-group-1-4, groupId=group-1] Bootstrap broker localhost:9092 (id: -1 rack: null) disconnected
2024-11-02 22:31:24 [investment-topic-1-C-1] INFO  o.apache.kafka.clients.NetworkClient - [Consumer clientId=consumer-investment-topic-2, groupId=investment-topic] Node -1 disconnected.
2024-11-02 22:31:24 [investment-topic-1-C-1] WARN  o.apache.kafka.clients.NetworkClient - [Consumer clientId=consumer-investment-topic-2, groupId=investment-topic] Connection to node -1 (localhost/127.0.0.1:9092) could not be established. Broker may not be available.
2024-11-02 22:31:24 [investment-topic-1-C-1] WARN  o.apache.kafka.clients.NetworkClient - [Consumer clientId=consumer-investment-topic-2, groupId=investment-topic] Bootstrap broker localhost:9092 (id: -1 rack: null) disconnected
2024-11-02 22:31:25 [investment-topic-0-C-1] INFO  o.apache.kafka.clients.NetworkClient - [Consumer clientId=consumer-investment-topic-1, groupId=investment-topic] Node -1 disconnected.
2024-11-02 22:31:25 [investment-topic-0-C-1] WARN  o.apache.kafka.clients.NetworkClient - [Consumer clientId=consumer-investment-topic-1, groupId=investment-topic] Connection to node -1 (localhost/127.0.0.1:9092) could not be established. Broker may not be available.
2024-11-02 22:31:25 [investment-topic-0-C-1] WARN  o.apache.kafka.clients.NetworkClient - [Consumer clientId=consumer-investment-topic-1, groupId=investment-topic] Bootstrap broker localhost:9092 (id: -1 rack: null) disconnected
2024-11-02 22:31:25 [org.springframework.kafka.KafkaListenerEndpointContainer#0-1-C-1] INFO  o.apache.kafka.clients.NetworkClient - [Consumer clientId=consumer-group-1-4, groupId=group-1] Node -1 disconnected.
2024-11-02 22:31:25 [org.springframework.kafka.KafkaListenerEndpointContainer#0-1-C-1] WARN  o.apache.kafka.clients.NetworkClient - [Consumer clientId=consumer-group-1-4, groupId=group-1] Connection to node -1 (localhost/127.0.0.1:9092) could not be established. Broker may not be available.
2024-11-02 22:31:25 [org.springframework.kafka.KafkaListenerEndpointContainer#0-1-C-1] WARN  o.apache.kafka.clients.NetworkClient - [Consumer clientId=consumer-group-1-4, groupId=group-1] Bootstrap broker localhost:9092 (id: -1 rack: null) disconnected
2024-11-02 22:31:25 [org.springframework.kafka.KafkaListenerEndpointContainer#1-0-C-1] INFO  o.apache.kafka.clients.NetworkClient - [Consumer clientId=consumer-group-1-5, groupId=group-1] Node -1 disconnected.
2024-11-02 22:31:25 [org.springframework.kafka.KafkaListenerEndpointContainer#1-0-C-1] WARN  o.apache.kafka.clients.NetworkClient - [Consumer clientId=consumer-group-1-5, groupId=group-1] Connection to node -1 (localhost/127.0.0.1:9092) could not be established. Broker may not be available.
2024-11-02 22:31:25 [org.springframework.kafka.KafkaListenerEndpointContainer#1-0-C-1] WARN  o.apache.kafka.clients.NetworkClient - [Consumer clientId=consumer-group-1-5, groupId=group-1] Bootstrap broker localhost:9092 (id: -1 rack: null) disconnected
2024-11-02 22:31:25 [org.springframework.kafka.KafkaListenerEndpointContainer#1-1-C-1] INFO  o.apache.kafka.clients.NetworkClient - [Consumer clientId=consumer-group-1-6, groupId=group-1] Node -1 disconnected.
2024-11-02 22:31:25 [org.springframework.kafka.KafkaListenerEndpointContainer#1-1-C-1] WARN  o.apache.kafka.clients.NetworkClient - [Consumer clientId=consumer-group-1-6, groupId=group-1] Connection to node -1 (localhost/127.0.0.1:9092) could not be established. Broker may not be available.
2024-11-02 22:31:25 [org.springframework.kafka.KafkaListenerEndpointContainer#1-1-C-1] WARN  o.apache.kafka.clients.NetworkClient - [Consumer clientId=consumer-group-1-6, groupId=group-1] Bootstrap broker localhost:9092 (id: -1 rack: null) disconnected
2024-11-02 22:31:25 [org.springframework.kafka.KafkaListenerEndpointContainer#0-0-C-1] INFO  o.apache.kafka.clients.NetworkClient - [Consumer clientId=consumer-group-1-3, groupId=group-1] Node -1 disconnected.
2024-11-02 22:31:25 [org.springframework.kafka.KafkaListenerEndpointContainer#0-0-C-1] WARN  o.apache.kafka.clients.NetworkClient - [Consumer clientId=consumer-group-1-3, groupId=group-1] Connection to node -1 (localhost/127.0.0.1:9092) could not be established. Broker may not be available.
2024-11-02 22:31:25 [org.springframework.kafka.KafkaListenerEndpointContainer#0-0-C-1] WARN  o.apache.kafka.clients.NetworkClient - [Consumer clientId=consumer-group-1-3, groupId=group-1] Bootstrap broker localhost:9092 (id: -1 rack: null) disconnected
2024-11-02 22:31:25 [investment-topic-1-C-1] INFO  o.apache.kafka.clients.NetworkClient - [Consumer clientId=consumer-investment-topic-2, groupId=investment-topic] Node -1 disconnected.
2024-11-02 22:31:25 [investment-topic-1-C-1] WARN  o.apache.kafka.clients.NetworkClient - [Consumer clientId=consumer-investment-topic-2, groupId=investment-topic] Connection to node -1 (localhost/127.0.0.1:9092) could not be established. Broker may not be available.
2024-11-02 22:31:25 [investment-topic-1-C-1] WARN  o.apache.kafka.clients.NetworkClient - [Consumer clientId=consumer-investment-topic-2, groupId=investment-topic] Bootstrap broker localhost:9092 (id: -1 rack: null) disconnected
2024-11-02 22:31:26 [investment-topic-0-C-1] INFO  o.apache.kafka.clients.NetworkClient - [Consumer clientId=consumer-investment-topic-1, groupId=investment-topic] Node -1 disconnected.
2024-11-02 22:31:26 [investment-topic-0-C-1] WARN  o.apache.kafka.clients.NetworkClient - [Consumer clientId=consumer-investment-topic-1, groupId=investment-topic] Connection to node -1 (localhost/127.0.0.1:9092) could not be established. Broker may not be available.
2024-11-02 22:31:26 [investment-topic-0-C-1] WARN  o.apache.kafka.clients.NetworkClient - [Consumer clientId=consumer-investment-topic-1, groupId=investment-topic] Bootstrap broker localhost:9092 (id: -1 rack: null) disconnected
2024-11-02 22:31:26 [org.springframework.kafka.KafkaListenerEndpointContainer#1-1-C-1] INFO  o.apache.kafka.clients.NetworkClient - [Consumer clientId=consumer-group-1-6, groupId=group-1] Node -1 disconnected.
2024-11-02 22:31:26 [org.springframework.kafka.KafkaListenerEndpointContainer#1-1-C-1] WARN  o.apache.kafka.clients.NetworkClient - [Consumer clientId=consumer-group-1-6, groupId=group-1] Connection to node -1 (localhost/127.0.0.1:9092) could not be established. Broker may not be available.
2024-11-02 22:31:26 [org.springframework.kafka.KafkaListenerEndpointContainer#1-1-C-1] WARN  o.apache.kafka.clients.NetworkClient - [Consumer clientId=consumer-group-1-6, groupId=group-1] Bootstrap broker localhost:9092 (id: -1 rack: null) disconnected
2024-11-02 22:31:26 [org.springframework.kafka.KafkaListenerEndpointContainer#0-1-C-1] INFO  o.apache.kafka.clients.NetworkClient - [Consumer clientId=consumer-group-1-4, groupId=group-1] Node -1 disconnected.
2024-11-02 22:31:26 [org.springframework.kafka.KafkaListenerEndpointContainer#0-1-C-1] WARN  o.apache.kafka.clients.NetworkClient - [Consumer clientId=consumer-group-1-4, groupId=group-1] Connection to node -1 (localhost/127.0.0.1:9092) could not be established. Broker may not be available.
2024-11-02 22:31:26 [org.springframework.kafka.KafkaListenerEndpointContainer#0-1-C-1] WARN  o.apache.kafka.clients.NetworkClient - [Consumer clientId=consumer-group-1-4, groupId=group-1] Bootstrap broker localhost:9092 (id: -1 rack: null) disconnected
2024-11-02 22:31:26 [org.springframework.kafka.KafkaListenerEndpointContainer#1-0-C-1] INFO  o.apache.kafka.clients.NetworkClient - [Consumer clientId=consumer-group-1-5, groupId=group-1] Node -1 disconnected.
2024-11-02 22:31:26 [org.springframework.kafka.KafkaListenerEndpointContainer#1-0-C-1] WARN  o.apache.kafka.clients.NetworkClient - [Consumer clientId=consumer-group-1-5, groupId=group-1] Connection to node -1 (localhost/127.0.0.1:9092) could not be established. Broker may not be available.
2024-11-02 22:31:26 [org.springframework.kafka.KafkaListenerEndpointContainer#1-0-C-1] WARN  o.apache.kafka.clients.NetworkClient - [Consumer clientId=consumer-group-1-5, groupId=group-1] Bootstrap broker localhost:9092 (id: -1 rack: null) disconnected
2024-11-02 22:31:26 [investment-topic-1-C-1] INFO  o.apache.kafka.clients.NetworkClient - [Consumer clientId=consumer-investment-topic-2, groupId=investment-topic] Node -1 disconnected.
2024-11-02 22:31:26 [investment-topic-1-C-1] WARN  o.apache.kafka.clients.NetworkClient - [Consumer clientId=consumer-investment-topic-2, groupId=investment-topic] Connection to node -1 (localhost/127.0.0.1:9092) could not be established. Broker may not be available.
2024-11-02 22:31:26 [investment-topic-1-C-1] WARN  o.apache.kafka.clients.NetworkClient - [Consumer clientId=consumer-investment-topic-2, groupId=investment-topic] Bootstrap broker localhost:9092 (id: -1 rack: null) disconnected
2024-11-02 22:31:26 [org.springframework.kafka.KafkaListenerEndpointContainer#0-0-C-1] INFO  o.apache.kafka.clients.NetworkClient - [Consumer clientId=consumer-group-1-3, groupId=group-1] Node -1 disconnected.
2024-11-02 22:31:26 [org.springframework.kafka.KafkaListenerEndpointContainer#0-0-C-1] WARN  o.apache.kafka.clients.NetworkClient - [Consumer clientId=consumer-group-1-3, groupId=group-1] Connection to node -1 (localhost/127.0.0.1:9092) could not be established. Broker may not be available.
2024-11-02 22:31:26 [org.springframework.kafka.KafkaListenerEndpointContainer#0-0-C-1] WARN  o.apache.kafka.clients.NetworkClient - [Consumer clientId=consumer-group-1-3, groupId=group-1] Bootstrap broker localhost:9092 (id: -1 rack: null) disconnected
2024-11-02 22:31:27 [investment-topic-0-C-1] INFO  o.apache.kafka.clients.NetworkClient - [Consumer clientId=consumer-investment-topic-1, groupId=investment-topic] Node -1 disconnected.
2024-11-02 22:31:27 [investment-topic-0-C-1] WARN  o.apache.kafka.clients.NetworkClient - [Consumer clientId=consumer-investment-topic-1, groupId=investment-topic] Connection to node -1 (localhost/127.0.0.1:9092) could not be established. Broker may not be available.
2024-11-02 22:31:27 [investment-topic-0-C-1] WARN  o.apache.kafka.clients.NetworkClient - [Consumer clientId=consumer-investment-topic-1, groupId=investment-topic] Bootstrap broker localhost:9092 (id: -1 rack: null) disconnected
2024-11-02 22:31:27 [org.springframework.kafka.KafkaListenerEndpointContainer#1-0-C-1] INFO  o.apache.kafka.clients.NetworkClient - [Consumer clientId=consumer-group-1-5, groupId=group-1] Node -1 disconnected.
2024-11-02 22:31:27 [org.springframework.kafka.KafkaListenerEndpointContainer#1-0-C-1] WARN  o.apache.kafka.clients.NetworkClient - [Consumer clientId=consumer-group-1-5, groupId=group-1] Connection to node -1 (localhost/127.0.0.1:9092) could not be established. Broker may not be available.
2024-11-02 22:31:27 [org.springframework.kafka.KafkaListenerEndpointContainer#1-0-C-1] WARN  o.apache.kafka.clients.NetworkClient - [Consumer clientId=consumer-group-1-5, groupId=group-1] Bootstrap broker localhost:9092 (id: -1 rack: null) disconnected
2024-11-02 22:31:27 [org.springframework.kafka.KafkaListenerEndpointContainer#1-1-C-1] INFO  o.apache.kafka.clients.NetworkClient - [Consumer clientId=consumer-group-1-6, groupId=group-1] Node -1 disconnected.
2024-11-02 22:31:27 [org.springframework.kafka.KafkaListenerEndpointContainer#1-1-C-1] WARN  o.apache.kafka.clients.NetworkClient - [Consumer clientId=consumer-group-1-6, groupId=group-1] Connection to node -1 (localhost/127.0.0.1:9092) could not be established. Broker may not be available.
2024-11-02 22:31:27 [org.springframework.kafka.KafkaListenerEndpointContainer#1-1-C-1] WARN  o.apache.kafka.clients.NetworkClient - [Consumer clientId=consumer-group-1-6, groupId=group-1] Bootstrap broker localhost:9092 (id: -1 rack: null) disconnected
2024-11-02 22:31:27 [org.springframework.kafka.KafkaListenerEndpointContainer#0-1-C-1] INFO  o.apache.kafka.clients.NetworkClient - [Consumer clientId=consumer-group-1-4, groupId=group-1] Node -1 disconnected.
2024-11-02 22:31:27 [org.springframework.kafka.KafkaListenerEndpointContainer#0-1-C-1] WARN  o.apache.kafka.clients.NetworkClient - [Consumer clientId=consumer-group-1-4, groupId=group-1] Connection to node -1 (localhost/127.0.0.1:9092) could not be established. Broker may not be available.
2024-11-02 22:31:27 [org.springframework.kafka.KafkaListenerEndpointContainer#0-1-C-1] WARN  o.apache.kafka.clients.NetworkClient - [Consumer clientId=consumer-group-1-4, groupId=group-1] Bootstrap broker localhost:9092 (id: -1 rack: null) disconnected
2024-11-02 22:31:28 [investment-topic-1-C-1] INFO  o.apache.kafka.clients.NetworkClient - [Consumer clientId=consumer-investment-topic-2, groupId=investment-topic] Node -1 disconnected.
2024-11-02 22:31:28 [investment-topic-1-C-1] WARN  o.apache.kafka.clients.NetworkClient - [Consumer clientId=consumer-investment-topic-2, groupId=investment-topic] Connection to node -1 (localhost/127.0.0.1:9092) could not be established. Broker may not be available.
2024-11-02 22:31:28 [investment-topic-1-C-1] WARN  o.apache.kafka.clients.NetworkClient - [Consumer clientId=consumer-investment-topic-2, groupId=investment-topic] Bootstrap broker localhost:9092 (id: -1 rack: null) disconnected
2024-11-02 22:31:28 [org.springframework.kafka.KafkaListenerEndpointContainer#0-0-C-1] INFO  o.apache.kafka.clients.NetworkClient - [Consumer clientId=consumer-group-1-3, groupId=group-1] Node -1 disconnected.
2024-11-02 22:31:28 [org.springframework.kafka.KafkaListenerEndpointContainer#0-0-C-1] WARN  o.apache.kafka.clients.NetworkClient - [Consumer clientId=consumer-group-1-3, groupId=group-1] Connection to node -1 (localhost/127.0.0.1:9092) could not be established. Broker may not be available.
2024-11-02 22:31:28 [org.springframework.kafka.KafkaListenerEndpointContainer#0-0-C-1] WARN  o.apache.kafka.clients.NetworkClient - [Consumer clientId=consumer-group-1-3, groupId=group-1] Bootstrap broker localhost:9092 (id: -1 rack: null) disconnected
2024-11-02 22:31:28 [investment-topic-0-C-1] INFO  o.apache.kafka.clients.NetworkClient - [Consumer clientId=consumer-investment-topic-1, groupId=investment-topic] Node -1 disconnected.
2024-11-02 22:31:28 [investment-topic-0-C-1] WARN  o.apache.kafka.clients.NetworkClient - [Consumer clientId=consumer-investment-topic-1, groupId=investment-topic] Connection to node -1 (localhost/127.0.0.1:9092) could not be established. Broker may not be available.
2024-11-02 22:31:28 [investment-topic-0-C-1] WARN  o.apache.kafka.clients.NetworkClient - [Consumer clientId=consumer-investment-topic-1, groupId=investment-topic] Bootstrap broker localhost:9092 (id: -1 rack: null) disconnected
2024-11-02 22:31:28 [org.springframework.kafka.KafkaListenerEndpointContainer#0-1-C-1] INFO  o.apache.kafka.clients.NetworkClient - [Consumer clientId=consumer-group-1-4, groupId=group-1] Node -1 disconnected.
2024-11-02 22:31:28 [org.springframework.kafka.KafkaListenerEndpointContainer#0-1-C-1] WARN  o.apache.kafka.clients.NetworkClient - [Consumer clientId=consumer-group-1-4, groupId=group-1] Connection to node -1 (localhost/127.0.0.1:9092) could not be established. Broker may not be available.
2024-11-02 22:31:28 [org.springframework.kafka.KafkaListenerEndpointContainer#0-1-C-1] WARN  o.apache.kafka.clients.NetworkClient - [Consumer clientId=consumer-group-1-4, groupId=group-1] Bootstrap broker localhost:9092 (id: -1 rack: null) disconnected
2024-11-02 22:31:28 [org.springframework.kafka.KafkaListenerEndpointContainer#1-0-C-1] INFO  o.apache.kafka.clients.NetworkClient - [Consumer clientId=consumer-group-1-5, groupId=group-1] Node -1 disconnected.
2024-11-02 22:31:28 [org.springframework.kafka.KafkaListenerEndpointContainer#1-0-C-1] WARN  o.apache.kafka.clients.NetworkClient - [Consumer clientId=consumer-group-1-5, groupId=group-1] Connection to node -1 (localhost/127.0.0.1:9092) could not be established. Broker may not be available.
2024-11-02 22:31:28 [org.springframework.kafka.KafkaListenerEndpointContainer#1-0-C-1] WARN  o.apache.kafka.clients.NetworkClient - [Consumer clientId=consumer-group-1-5, groupId=group-1] Bootstrap broker localhost:9092 (id: -1 rack: null) disconnected
2024-11-02 22:31:28 [org.springframework.kafka.KafkaListenerEndpointContainer#1-1-C-1] INFO  o.apache.kafka.clients.NetworkClient - [Consumer clientId=consumer-group-1-6, groupId=group-1] Node -1 disconnected.
2024-11-02 22:31:28 [org.springframework.kafka.KafkaListenerEndpointContainer#1-1-C-1] WARN  o.apache.kafka.clients.NetworkClient - [Consumer clientId=consumer-group-1-6, groupId=group-1] Connection to node -1 (localhost/127.0.0.1:9092) could not be established. Broker may not be available.
2024-11-02 22:31:28 [org.springframework.kafka.KafkaListenerEndpointContainer#1-1-C-1] WARN  o.apache.kafka.clients.NetworkClient - [Consumer clientId=consumer-group-1-6, groupId=group-1] Bootstrap broker localhost:9092 (id: -1 rack: null) disconnected
2024-11-02 22:31:29 [org.springframework.kafka.KafkaListenerEndpointContainer#0-0-C-1] INFO  o.apache.kafka.clients.NetworkClient - [Consumer clientId=consumer-group-1-3, groupId=group-1] Node -1 disconnected.
2024-11-02 22:31:29 [org.springframework.kafka.KafkaListenerEndpointContainer#0-0-C-1] WARN  o.apache.kafka.clients.NetworkClient - [Consumer clientId=consumer-group-1-3, groupId=group-1] Connection to node -1 (localhost/127.0.0.1:9092) could not be established. Broker may not be available.
2024-11-02 22:31:29 [org.springframework.kafka.KafkaListenerEndpointContainer#0-0-C-1] WARN  o.apache.kafka.clients.NetworkClient - [Consumer clientId=consumer-group-1-3, groupId=group-1] Bootstrap broker localhost:9092 (id: -1 rack: null) disconnected
2024-11-02 22:31:29 [investment-topic-1-C-1] INFO  o.apache.kafka.clients.NetworkClient - [Consumer clientId=consumer-investment-topic-2, groupId=investment-topic] Node -1 disconnected.
2024-11-02 22:31:29 [investment-topic-1-C-1] WARN  o.apache.kafka.clients.NetworkClient - [Consumer clientId=consumer-investment-topic-2, groupId=investment-topic] Connection to node -1 (localhost/127.0.0.1:9092) could not be established. Broker may not be available.
2024-11-02 22:31:29 [investment-topic-1-C-1] WARN  o.apache.kafka.clients.NetworkClient - [Consumer clientId=consumer-investment-topic-2, groupId=investment-topic] Bootstrap broker localhost:9092 (id: -1 rack: null) disconnected
2024-11-02 22:31:29 [investment-topic-0-C-1] INFO  o.apache.kafka.clients.NetworkClient - [Consumer clientId=consumer-investment-topic-1, groupId=investment-topic] Node -1 disconnected.
2024-11-02 22:31:29 [investment-topic-0-C-1] WARN  o.apache.kafka.clients.NetworkClient - [Consumer clientId=consumer-investment-topic-1, groupId=investment-topic] Connection to node -1 (localhost/127.0.0.1:9092) could not be established. Broker may not be available.
2024-11-02 22:31:29 [investment-topic-0-C-1] WARN  o.apache.kafka.clients.NetworkClient - [Consumer clientId=consumer-investment-topic-1, groupId=investment-topic] Bootstrap broker localhost:9092 (id: -1 rack: null) disconnected
2024-11-02 22:31:29 [org.springframework.kafka.KafkaListenerEndpointContainer#1-0-C-1] INFO  o.apache.kafka.clients.NetworkClient - [Consumer clientId=consumer-group-1-5, groupId=group-1] Node -1 disconnected.
2024-11-02 22:31:29 [org.springframework.kafka.KafkaListenerEndpointContainer#1-0-C-1] WARN  o.apache.kafka.clients.NetworkClient - [Consumer clientId=consumer-group-1-5, groupId=group-1] Connection to node -1 (localhost/127.0.0.1:9092) could not be established. Broker may not be available.
2024-11-02 22:31:29 [org.springframework.kafka.KafkaListenerEndpointContainer#1-0-C-1] WARN  o.apache.kafka.clients.NetworkClient - [Consumer clientId=consumer-group-1-5, groupId=group-1] Bootstrap broker localhost:9092 (id: -1 rack: null) disconnected
2024-11-02 22:31:29 [org.springframework.kafka.KafkaListenerEndpointContainer#0-1-C-1] INFO  o.apache.kafka.clients.NetworkClient - [Consumer clientId=consumer-group-1-4, groupId=group-1] Node -1 disconnected.
2024-11-02 22:31:29 [org.springframework.kafka.KafkaListenerEndpointContainer#1-1-C-1] INFO  o.apache.kafka.clients.NetworkClient - [Consumer clientId=consumer-group-1-6, groupId=group-1] Node -1 disconnected.
2024-11-02 22:31:29 [org.springframework.kafka.KafkaListenerEndpointContainer#1-1-C-1] WARN  o.apache.kafka.clients.NetworkClient - [Consumer clientId=consumer-group-1-6, groupId=group-1] Connection to node -1 (localhost/127.0.0.1:9092) could not be established. Broker may not be available.
2024-11-02 22:31:29 [org.springframework.kafka.KafkaListenerEndpointContainer#0-1-C-1] WARN  o.apache.kafka.clients.NetworkClient - [Consumer clientId=consumer-group-1-4, groupId=group-1] Connection to node -1 (localhost/127.0.0.1:9092) could not be established. Broker may not be available.
2024-11-02 22:31:29 [org.springframework.kafka.KafkaListenerEndpointContainer#1-1-C-1] WARN  o.apache.kafka.clients.NetworkClient - [Consumer clientId=consumer-group-1-6, groupId=group-1] Bootstrap broker localhost:9092 (id: -1 rack: null) disconnected
2024-11-02 22:31:29 [org.springframework.kafka.KafkaListenerEndpointContainer#0-1-C-1] WARN  o.apache.kafka.clients.NetworkClient - [Consumer clientId=consumer-group-1-4, groupId=group-1] Bootstrap broker localhost:9092 (id: -1 rack: null) disconnected
2024-11-02 22:31:30 [org.springframework.kafka.KafkaListenerEndpointContainer#0-0-C-1] INFO  o.apache.kafka.clients.NetworkClient - [Consumer clientId=consumer-group-1-3, groupId=group-1] Node -1 disconnected.
2024-11-02 22:31:30 [org.springframework.kafka.KafkaListenerEndpointContainer#0-0-C-1] WARN  o.apache.kafka.clients.NetworkClient - [Consumer clientId=consumer-group-1-3, groupId=group-1] Connection to node -1 (localhost/127.0.0.1:9092) could not be established. Broker may not be available.
2024-11-02 22:31:30 [org.springframework.kafka.KafkaListenerEndpointContainer#0-0-C-1] WARN  o.apache.kafka.clients.NetworkClient - [Consumer clientId=consumer-group-1-3, groupId=group-1] Bootstrap broker localhost:9092 (id: -1 rack: null) disconnected
2024-11-02 22:31:30 [investment-topic-1-C-1] INFO  o.apache.kafka.clients.NetworkClient - [Consumer clientId=consumer-investment-topic-2, groupId=investment-topic] Node -1 disconnected.
2024-11-02 22:31:30 [investment-topic-1-C-1] WARN  o.apache.kafka.clients.NetworkClient - [Consumer clientId=consumer-investment-topic-2, groupId=investment-topic] Connection to node -1 (localhost/127.0.0.1:9092) could not be established. Broker may not be available.
2024-11-02 22:31:30 [investment-topic-1-C-1] WARN  o.apache.kafka.clients.NetworkClient - [Consumer clientId=consumer-investment-topic-2, groupId=investment-topic] Bootstrap broker localhost:9092 (id: -1 rack: null) disconnected
2024-11-02 22:31:30 [investment-topic-0-C-1] INFO  o.apache.kafka.clients.NetworkClient - [Consumer clientId=consumer-investment-topic-1, groupId=investment-topic] Node -1 disconnected.
2024-11-02 22:31:30 [investment-topic-0-C-1] WARN  o.apache.kafka.clients.NetworkClient - [Consumer clientId=consumer-investment-topic-1, groupId=investment-topic] Connection to node -1 (localhost/127.0.0.1:9092) could not be established. Broker may not be available.
2024-11-02 22:31:30 [investment-topic-0-C-1] WARN  o.apache.kafka.clients.NetworkClient - [Consumer clientId=consumer-investment-topic-1, groupId=investment-topic] Bootstrap broker localhost:9092 (id: -1 rack: null) disconnected
2024-11-02 22:31:30 [org.springframework.kafka.KafkaListenerEndpointContainer#1-1-C-1] INFO  o.apache.kafka.clients.NetworkClient - [Consumer clientId=consumer-group-1-6, groupId=group-1] Node -1 disconnected.
2024-11-02 22:31:30 [org.springframework.kafka.KafkaListenerEndpointContainer#1-1-C-1] WARN  o.apache.kafka.clients.NetworkClient - [Consumer clientId=consumer-group-1-6, groupId=group-1] Connection to node -1 (localhost/127.0.0.1:9092) could not be established. Broker may not be available.
2024-11-02 22:31:30 [org.springframework.kafka.KafkaListenerEndpointContainer#1-1-C-1] WARN  o.apache.kafka.clients.NetworkClient - [Consumer clientId=consumer-group-1-6, groupId=group-1] Bootstrap broker localhost:9092 (id: -1 rack: null) disconnected
2024-11-02 22:31:30 [org.springframework.kafka.KafkaListenerEndpointContainer#1-0-C-1] INFO  o.apache.kafka.clients.NetworkClient - [Consumer clientId=consumer-group-1-5, groupId=group-1] Node -1 disconnected.
2024-11-02 22:31:30 [org.springframework.kafka.KafkaListenerEndpointContainer#1-0-C-1] WARN  o.apache.kafka.clients.NetworkClient - [Consumer clientId=consumer-group-1-5, groupId=group-1] Connection to node -1 (localhost/127.0.0.1:9092) could not be established. Broker may not be available.
2024-11-02 22:31:30 [org.springframework.kafka.KafkaListenerEndpointContainer#1-0-C-1] WARN  o.apache.kafka.clients.NetworkClient - [Consumer clientId=consumer-group-1-5, groupId=group-1] Bootstrap broker localhost:9092 (id: -1 rack: null) disconnected
2024-11-02 22:31:30 [org.springframework.kafka.KafkaListenerEndpointContainer#0-1-C-1] INFO  o.apache.kafka.clients.NetworkClient - [Consumer clientId=consumer-group-1-4, groupId=group-1] Node -1 disconnected.
2024-11-02 22:31:30 [org.springframework.kafka.KafkaListenerEndpointContainer#0-1-C-1] WARN  o.apache.kafka.clients.NetworkClient - [Consumer clientId=consumer-group-1-4, groupId=group-1] Connection to node -1 (localhost/127.0.0.1:9092) could not be established. Broker may not be available.
2024-11-02 22:31:30 [org.springframework.kafka.KafkaListenerEndpointContainer#0-1-C-1] WARN  o.apache.kafka.clients.NetworkClient - [Consumer clientId=consumer-group-1-4, groupId=group-1] Bootstrap broker localhost:9092 (id: -1 rack: null) disconnected
2024-11-02 22:31:30 [org.springframework.kafka.KafkaListenerEndpointContainer#0-0-C-1] INFO  o.apache.kafka.clients.NetworkClient - [Consumer clientId=consumer-group-1-3, groupId=group-1] Node -1 disconnected.
2024-11-02 22:31:30 [org.springframework.kafka.KafkaListenerEndpointContainer#0-0-C-1] WARN  o.apache.kafka.clients.NetworkClient - [Consumer clientId=consumer-group-1-3, groupId=group-1] Connection to node -1 (localhost/127.0.0.1:9092) could not be established. Broker may not be available.
2024-11-02 22:31:30 [org.springframework.kafka.KafkaListenerEndpointContainer#0-0-C-1] WARN  o.apache.kafka.clients.NetworkClient - [Consumer clientId=consumer-group-1-3, groupId=group-1] Bootstrap broker localhost:9092 (id: -1 rack: null) disconnected
2024-11-02 22:31:31 [investment-topic-0-C-1] INFO  o.apache.kafka.clients.NetworkClient - [Consumer clientId=consumer-investment-topic-1, groupId=investment-topic] Node -1 disconnected.
2024-11-02 22:31:31 [investment-topic-0-C-1] WARN  o.apache.kafka.clients.NetworkClient - [Consumer clientId=consumer-investment-topic-1, groupId=investment-topic] Connection to node -1 (localhost/127.0.0.1:9092) could not be established. Broker may not be available.
2024-11-02 22:31:31 [investment-topic-0-C-1] WARN  o.apache.kafka.clients.NetworkClient - [Consumer clientId=consumer-investment-topic-1, groupId=investment-topic] Bootstrap broker localhost:9092 (id: -1 rack: null) disconnected
2024-11-02 22:31:31 [investment-topic-1-C-1] INFO  o.apache.kafka.clients.NetworkClient - [Consumer clientId=consumer-investment-topic-2, groupId=investment-topic] Node -1 disconnected.
2024-11-02 22:31:31 [investment-topic-1-C-1] WARN  o.apache.kafka.clients.NetworkClient - [Consumer clientId=consumer-investment-topic-2, groupId=investment-topic] Connection to node -1 (localhost/127.0.0.1:9092) could not be established. Broker may not be available.
2024-11-02 22:31:31 [investment-topic-1-C-1] WARN  o.apache.kafka.clients.NetworkClient - [Consumer clientId=consumer-investment-topic-2, groupId=investment-topic] Bootstrap broker localhost:9092 (id: -1 rack: null) disconnected
2024-11-02 22:31:31 [org.springframework.kafka.KafkaListenerEndpointContainer#1-1-C-1] INFO  o.apache.kafka.clients.NetworkClient - [Consumer clientId=consumer-group-1-6, groupId=group-1] Node -1 disconnected.
2024-11-02 22:31:31 [org.springframework.kafka.KafkaListenerEndpointContainer#1-1-C-1] WARN  o.apache.kafka.clients.NetworkClient - [Consumer clientId=consumer-group-1-6, groupId=group-1] Connection to node -1 (localhost/127.0.0.1:9092) could not be established. Broker may not be available.
2024-11-02 22:31:31 [org.springframework.kafka.KafkaListenerEndpointContainer#1-1-C-1] WARN  o.apache.kafka.clients.NetworkClient - [Consumer clientId=consumer-group-1-6, groupId=group-1] Bootstrap broker localhost:9092 (id: -1 rack: null) disconnected
2024-11-02 22:31:31 [org.springframework.kafka.KafkaListenerEndpointContainer#0-1-C-1] INFO  o.apache.kafka.clients.NetworkClient - [Consumer clientId=consumer-group-1-4, groupId=group-1] Node -1 disconnected.
2024-11-02 22:31:31 [org.springframework.kafka.KafkaListenerEndpointContainer#0-1-C-1] WARN  o.apache.kafka.clients.NetworkClient - [Consumer clientId=consumer-group-1-4, groupId=group-1] Connection to node -1 (localhost/127.0.0.1:9092) could not be established. Broker may not be available.
2024-11-02 22:31:31 [org.springframework.kafka.KafkaListenerEndpointContainer#0-1-C-1] WARN  o.apache.kafka.clients.NetworkClient - [Consumer clientId=consumer-group-1-4, groupId=group-1] Bootstrap broker localhost:9092 (id: -1 rack: null) disconnected
2024-11-02 22:31:31 [org.springframework.kafka.KafkaListenerEndpointContainer#1-0-C-1] INFO  o.apache.kafka.clients.NetworkClient - [Consumer clientId=consumer-group-1-5, groupId=group-1] Node -1 disconnected.
2024-11-02 22:31:31 [org.springframework.kafka.KafkaListenerEndpointContainer#1-0-C-1] WARN  o.apache.kafka.clients.NetworkClient - [Consumer clientId=consumer-group-1-5, groupId=group-1] Connection to node -1 (localhost/127.0.0.1:9092) could not be established. Broker may not be available.
2024-11-02 22:31:31 [org.springframework.kafka.KafkaListenerEndpointContainer#1-0-C-1] WARN  o.apache.kafka.clients.NetworkClient - [Consumer clientId=consumer-group-1-5, groupId=group-1] Bootstrap broker localhost:9092 (id: -1 rack: null) disconnected
2024-11-02 22:31:32 [org.springframework.kafka.KafkaListenerEndpointContainer#0-0-C-1] INFO  o.apache.kafka.clients.NetworkClient - [Consumer clientId=consumer-group-1-3, groupId=group-1] Node -1 disconnected.
2024-11-02 22:31:32 [org.springframework.kafka.KafkaListenerEndpointContainer#0-0-C-1] WARN  o.apache.kafka.clients.NetworkClient - [Consumer clientId=consumer-group-1-3, groupId=group-1] Connection to node -1 (localhost/127.0.0.1:9092) could not be established. Broker may not be available.
2024-11-02 22:31:32 [org.springframework.kafka.KafkaListenerEndpointContainer#0-0-C-1] WARN  o.apache.kafka.clients.NetworkClient - [Consumer clientId=consumer-group-1-3, groupId=group-1] Bootstrap broker localhost:9092 (id: -1 rack: null) disconnected
2024-11-02 22:31:32 [investment-topic-1-C-1] INFO  o.apache.kafka.clients.NetworkClient - [Consumer clientId=consumer-investment-topic-2, groupId=investment-topic] Node -1 disconnected.
2024-11-02 22:31:32 [investment-topic-1-C-1] WARN  o.apache.kafka.clients.NetworkClient - [Consumer clientId=consumer-investment-topic-2, groupId=investment-topic] Connection to node -1 (localhost/127.0.0.1:9092) could not be established. Broker may not be available.
2024-11-02 22:31:32 [investment-topic-1-C-1] WARN  o.apache.kafka.clients.NetworkClient - [Consumer clientId=consumer-investment-topic-2, groupId=investment-topic] Bootstrap broker localhost:9092 (id: -1 rack: null) disconnected
2024-11-02 22:31:32 [investment-topic-0-C-1] INFO  o.apache.kafka.clients.NetworkClient - [Consumer clientId=consumer-investment-topic-1, groupId=investment-topic] Node -1 disconnected.
2024-11-02 22:31:32 [investment-topic-0-C-1] WARN  o.apache.kafka.clients.NetworkClient - [Consumer clientId=consumer-investment-topic-1, groupId=investment-topic] Connection to node -1 (localhost/127.0.0.1:9092) could not be established. Broker may not be available.
2024-11-02 22:31:32 [investment-topic-0-C-1] WARN  o.apache.kafka.clients.NetworkClient - [Consumer clientId=consumer-investment-topic-1, groupId=investment-topic] Bootstrap broker localhost:9092 (id: -1 rack: null) disconnected
2024-11-02 22:31:32 [org.springframework.kafka.KafkaListenerEndpointContainer#1-1-C-1] INFO  o.apache.kafka.clients.NetworkClient - [Consumer clientId=consumer-group-1-6, groupId=group-1] Node -1 disconnected.
2024-11-02 22:31:32 [org.springframework.kafka.KafkaListenerEndpointContainer#1-1-C-1] WARN  o.apache.kafka.clients.NetworkClient - [Consumer clientId=consumer-group-1-6, groupId=group-1] Connection to node -1 (localhost/127.0.0.1:9092) could not be established. Broker may not be available.
2024-11-02 22:31:32 [org.springframework.kafka.KafkaListenerEndpointContainer#1-1-C-1] WARN  o.apache.kafka.clients.NetworkClient - [Consumer clientId=consumer-group-1-6, groupId=group-1] Bootstrap broker localhost:9092 (id: -1 rack: null) disconnected
2024-11-02 22:31:32 [org.springframework.kafka.KafkaListenerEndpointContainer#0-1-C-1] INFO  o.apache.kafka.clients.NetworkClient - [Consumer clientId=consumer-group-1-4, groupId=group-1] Node -1 disconnected.
2024-11-02 22:31:32 [org.springframework.kafka.KafkaListenerEndpointContainer#0-1-C-1] WARN  o.apache.kafka.clients.NetworkClient - [Consumer clientId=consumer-group-1-4, groupId=group-1] Connection to node -1 (localhost/127.0.0.1:9092) could not be established. Broker may not be available.
2024-11-02 22:31:32 [org.springframework.kafka.KafkaListenerEndpointContainer#0-1-C-1] WARN  o.apache.kafka.clients.NetworkClient - [Consumer clientId=consumer-group-1-4, groupId=group-1] Bootstrap broker localhost:9092 (id: -1 rack: null) disconnected
2024-11-02 22:31:33 [org.springframework.kafka.KafkaListenerEndpointContainer#1-0-C-1] INFO  o.apache.kafka.clients.NetworkClient - [Consumer clientId=consumer-group-1-5, groupId=group-1] Node -1 disconnected.
2024-11-02 22:31:33 [org.springframework.kafka.KafkaListenerEndpointContainer#1-0-C-1] WARN  o.apache.kafka.clients.NetworkClient - [Consumer clientId=consumer-group-1-5, groupId=group-1] Connection to node -1 (localhost/127.0.0.1:9092) could not be established. Broker may not be available.
2024-11-02 22:31:33 [org.springframework.kafka.KafkaListenerEndpointContainer#1-0-C-1] WARN  o.apache.kafka.clients.NetworkClient - [Consumer clientId=consumer-group-1-5, groupId=group-1] Bootstrap broker localhost:9092 (id: -1 rack: null) disconnected
2024-11-02 22:31:33 [investment-topic-1-C-1] INFO  o.apache.kafka.clients.NetworkClient - [Consumer clientId=consumer-investment-topic-2, groupId=investment-topic] Node -1 disconnected.
2024-11-02 22:31:33 [investment-topic-1-C-1] WARN  o.apache.kafka.clients.NetworkClient - [Consumer clientId=consumer-investment-topic-2, groupId=investment-topic] Connection to node -1 (localhost/127.0.0.1:9092) could not be established. Broker may not be available.
2024-11-02 22:31:33 [investment-topic-1-C-1] WARN  o.apache.kafka.clients.NetworkClient - [Consumer clientId=consumer-investment-topic-2, groupId=investment-topic] Bootstrap broker localhost:9092 (id: -1 rack: null) disconnected
2024-11-02 22:31:33 [investment-topic-0-C-1] INFO  o.apache.kafka.clients.NetworkClient - [Consumer clientId=consumer-investment-topic-1, groupId=investment-topic] Node -1 disconnected.
2024-11-02 22:31:33 [investment-topic-0-C-1] WARN  o.apache.kafka.clients.NetworkClient - [Consumer clientId=consumer-investment-topic-1, groupId=investment-topic] Connection to node -1 (localhost/127.0.0.1:9092) could not be established. Broker may not be available.
2024-11-02 22:31:33 [investment-topic-0-C-1] WARN  o.apache.kafka.clients.NetworkClient - [Consumer clientId=consumer-investment-topic-1, groupId=investment-topic] Bootstrap broker localhost:9092 (id: -1 rack: null) disconnected
2024-11-02 22:31:33 [org.springframework.kafka.KafkaListenerEndpointContainer#0-0-C-1] INFO  o.apache.kafka.clients.NetworkClient - [Consumer clientId=consumer-group-1-3, groupId=group-1] Node -1 disconnected.
2024-11-02 22:31:33 [org.springframework.kafka.KafkaListenerEndpointContainer#0-0-C-1] WARN  o.apache.kafka.clients.NetworkClient - [Consumer clientId=consumer-group-1-3, groupId=group-1] Connection to node -1 (localhost/127.0.0.1:9092) could not be established. Broker may not be available.
2024-11-02 22:31:33 [org.springframework.kafka.KafkaListenerEndpointContainer#0-0-C-1] WARN  o.apache.kafka.clients.NetworkClient - [Consumer clientId=consumer-group-1-3, groupId=group-1] Bootstrap broker localhost:9092 (id: -1 rack: null) disconnected
2024-11-02 22:31:33 [org.springframework.kafka.KafkaListenerEndpointContainer#0-1-C-1] INFO  o.apache.kafka.clients.NetworkClient - [Consumer clientId=consumer-group-1-4, groupId=group-1] Node -1 disconnected.
2024-11-02 22:31:33 [org.springframework.kafka.KafkaListenerEndpointContainer#0-1-C-1] WARN  o.apache.kafka.clients.NetworkClient - [Consumer clientId=consumer-group-1-4, groupId=group-1] Connection to node -1 (localhost/127.0.0.1:9092) could not be established. Broker may not be available.
2024-11-02 22:31:33 [org.springframework.kafka.KafkaListenerEndpointContainer#0-1-C-1] WARN  o.apache.kafka.clients.NetworkClient - [Consumer clientId=consumer-group-1-4, groupId=group-1] Bootstrap broker localhost:9092 (id: -1 rack: null) disconnected
2024-11-02 22:31:33 [org.springframework.kafka.KafkaListenerEndpointContainer#1-1-C-1] INFO  o.apache.kafka.clients.NetworkClient - [Consumer clientId=consumer-group-1-6, groupId=group-1] Node -1 disconnected.
2024-11-02 22:31:33 [org.springframework.kafka.KafkaListenerEndpointContainer#1-1-C-1] WARN  o.apache.kafka.clients.NetworkClient - [Consumer clientId=consumer-group-1-6, groupId=group-1] Connection to node -1 (localhost/127.0.0.1:9092) could not be established. Broker may not be available.
2024-11-02 22:31:33 [org.springframework.kafka.KafkaListenerEndpointContainer#1-1-C-1] WARN  o.apache.kafka.clients.NetworkClient - [Consumer clientId=consumer-group-1-6, groupId=group-1] Bootstrap broker localhost:9092 (id: -1 rack: null) disconnected
2024-11-02 22:31:33 [org.springframework.kafka.KafkaListenerEndpointContainer#1-0-C-1] INFO  o.apache.kafka.clients.NetworkClient - [Consumer clientId=consumer-group-1-5, groupId=group-1] Node -1 disconnected.
2024-11-02 22:31:33 [org.springframework.kafka.KafkaListenerEndpointContainer#1-0-C-1] WARN  o.apache.kafka.clients.NetworkClient - [Consumer clientId=consumer-group-1-5, groupId=group-1] Connection to node -1 (localhost/127.0.0.1:9092) could not be established. Broker may not be available.
2024-11-02 22:31:33 [org.springframework.kafka.KafkaListenerEndpointContainer#1-0-C-1] WARN  o.apache.kafka.clients.NetworkClient - [Consumer clientId=consumer-group-1-5, groupId=group-1] Bootstrap broker localhost:9092 (id: -1 rack: null) disconnected
2024-11-02 22:31:34 [investment-topic-0-C-1] INFO  o.apache.kafka.clients.NetworkClient - [Consumer clientId=consumer-investment-topic-1, groupId=investment-topic] Node -1 disconnected.
2024-11-02 22:31:34 [investment-topic-0-C-1] WARN  o.apache.kafka.clients.NetworkClient - [Consumer clientId=consumer-investment-topic-1, groupId=investment-topic] Connection to node -1 (localhost/127.0.0.1:9092) could not be established. Broker may not be available.
2024-11-02 22:31:34 [investment-topic-1-C-1] INFO  o.apache.kafka.clients.NetworkClient - [Consumer clientId=consumer-investment-topic-2, groupId=investment-topic] Node -1 disconnected.
2024-11-02 22:31:34 [investment-topic-0-C-1] WARN  o.apache.kafka.clients.NetworkClient - [Consumer clientId=consumer-investment-topic-1, groupId=investment-topic] Bootstrap broker localhost:9092 (id: -1 rack: null) disconnected
2024-11-02 22:31:34 [investment-topic-1-C-1] WARN  o.apache.kafka.clients.NetworkClient - [Consumer clientId=consumer-investment-topic-2, groupId=investment-topic] Connection to node -1 (localhost/127.0.0.1:9092) could not be established. Broker may not be available.
2024-11-02 22:31:34 [investment-topic-1-C-1] WARN  o.apache.kafka.clients.NetworkClient - [Consumer clientId=consumer-investment-topic-2, groupId=investment-topic] Bootstrap broker localhost:9092 (id: -1 rack: null) disconnected
2024-11-02 22:31:34 [org.springframework.kafka.KafkaListenerEndpointContainer#0-0-C-1] INFO  o.apache.kafka.clients.NetworkClient - [Consumer clientId=consumer-group-1-3, groupId=group-1] Node -1 disconnected.
2024-11-02 22:31:34 [org.springframework.kafka.KafkaListenerEndpointContainer#0-0-C-1] WARN  o.apache.kafka.clients.NetworkClient - [Consumer clientId=consumer-group-1-3, groupId=group-1] Connection to node -1 (localhost/127.0.0.1:9092) could not be established. Broker may not be available.
2024-11-02 22:31:34 [org.springframework.kafka.KafkaListenerEndpointContainer#0-0-C-1] WARN  o.apache.kafka.clients.NetworkClient - [Consumer clientId=consumer-group-1-3, groupId=group-1] Bootstrap broker localhost:9092 (id: -1 rack: null) disconnected
2024-11-02 22:31:34 [org.springframework.kafka.KafkaListenerEndpointContainer#1-1-C-1] INFO  o.apache.kafka.clients.NetworkClient - [Consumer clientId=consumer-group-1-6, groupId=group-1] Node -1 disconnected.
2024-11-02 22:31:34 [org.springframework.kafka.KafkaListenerEndpointContainer#1-1-C-1] WARN  o.apache.kafka.clients.NetworkClient - [Consumer clientId=consumer-group-1-6, groupId=group-1] Connection to node -1 (localhost/127.0.0.1:9092) could not be established. Broker may not be available.
2024-11-02 22:31:34 [org.springframework.kafka.KafkaListenerEndpointContainer#1-1-C-1] WARN  o.apache.kafka.clients.NetworkClient - [Consumer clientId=consumer-group-1-6, groupId=group-1] Bootstrap broker localhost:9092 (id: -1 rack: null) disconnected
2024-11-02 22:31:34 [org.springframework.kafka.KafkaListenerEndpointContainer#0-1-C-1] INFO  o.apache.kafka.clients.NetworkClient - [Consumer clientId=consumer-group-1-4, groupId=group-1] Node -1 disconnected.
2024-11-02 22:31:34 [org.springframework.kafka.KafkaListenerEndpointContainer#0-1-C-1] WARN  o.apache.kafka.clients.NetworkClient - [Consumer clientId=consumer-group-1-4, groupId=group-1] Connection to node -1 (localhost/127.0.0.1:9092) could not be established. Broker may not be available.
2024-11-02 22:31:34 [org.springframework.kafka.KafkaListenerEndpointContainer#0-1-C-1] WARN  o.apache.kafka.clients.NetworkClient - [Consumer clientId=consumer-group-1-4, groupId=group-1] Bootstrap broker localhost:9092 (id: -1 rack: null) disconnected
2024-11-02 22:31:35 [org.springframework.kafka.KafkaListenerEndpointContainer#1-0-C-1] INFO  o.apache.kafka.clients.NetworkClient - [Consumer clientId=consumer-group-1-5, groupId=group-1] Node -1 disconnected.
2024-11-02 22:31:35 [org.springframework.kafka.KafkaListenerEndpointContainer#1-0-C-1] WARN  o.apache.kafka.clients.NetworkClient - [Consumer clientId=consumer-group-1-5, groupId=group-1] Connection to node -1 (localhost/127.0.0.1:9092) could not be established. Broker may not be available.
2024-11-02 22:31:35 [org.springframework.kafka.KafkaListenerEndpointContainer#1-0-C-1] WARN  o.apache.kafka.clients.NetworkClient - [Consumer clientId=consumer-group-1-5, groupId=group-1] Bootstrap broker localhost:9092 (id: -1 rack: null) disconnected
2024-11-02 22:31:35 [investment-topic-0-C-1] INFO  o.apache.kafka.clients.NetworkClient - [Consumer clientId=consumer-investment-topic-1, groupId=investment-topic] Node -1 disconnected.
2024-11-02 22:31:35 [investment-topic-0-C-1] WARN  o.apache.kafka.clients.NetworkClient - [Consumer clientId=consumer-investment-topic-1, groupId=investment-topic] Connection to node -1 (localhost/127.0.0.1:9092) could not be established. Broker may not be available.
2024-11-02 22:31:35 [investment-topic-0-C-1] WARN  o.apache.kafka.clients.NetworkClient - [Consumer clientId=consumer-investment-topic-1, groupId=investment-topic] Bootstrap broker localhost:9092 (id: -1 rack: null) disconnected
2024-11-02 22:31:35 [org.springframework.kafka.KafkaListenerEndpointContainer#0-0-C-1] INFO  o.apache.kafka.clients.NetworkClient - [Consumer clientId=consumer-group-1-3, groupId=group-1] Node -1 disconnected.
2024-11-02 22:31:35 [org.springframework.kafka.KafkaListenerEndpointContainer#0-0-C-1] WARN  o.apache.kafka.clients.NetworkClient - [Consumer clientId=consumer-group-1-3, groupId=group-1] Connection to node -1 (localhost/127.0.0.1:9092) could not be established. Broker may not be available.
2024-11-02 22:31:35 [org.springframework.kafka.KafkaListenerEndpointContainer#0-0-C-1] WARN  o.apache.kafka.clients.NetworkClient - [Consumer clientId=consumer-group-1-3, groupId=group-1] Bootstrap broker localhost:9092 (id: -1 rack: null) disconnected
2024-11-02 22:31:35 [investment-topic-1-C-1] INFO  o.apache.kafka.clients.NetworkClient - [Consumer clientId=consumer-investment-topic-2, groupId=investment-topic] Node -1 disconnected.
2024-11-02 22:31:35 [investment-topic-1-C-1] WARN  o.apache.kafka.clients.NetworkClient - [Consumer clientId=consumer-investment-topic-2, groupId=investment-topic] Connection to node -1 (localhost/127.0.0.1:9092) could not be established. Broker may not be available.
2024-11-02 22:31:35 [investment-topic-1-C-1] WARN  o.apache.kafka.clients.NetworkClient - [Consumer clientId=consumer-investment-topic-2, groupId=investment-topic] Bootstrap broker localhost:9092 (id: -1 rack: null) disconnected
2024-11-02 22:31:35 [org.springframework.kafka.KafkaListenerEndpointContainer#0-1-C-1] INFO  o.apache.kafka.clients.NetworkClient - [Consumer clientId=consumer-group-1-4, groupId=group-1] Node -1 disconnected.
2024-11-02 22:31:35 [org.springframework.kafka.KafkaListenerEndpointContainer#1-1-C-1] INFO  o.apache.kafka.clients.NetworkClient - [Consumer clientId=consumer-group-1-6, groupId=group-1] Node -1 disconnected.
2024-11-02 22:31:35 [org.springframework.kafka.KafkaListenerEndpointContainer#0-1-C-1] WARN  o.apache.kafka.clients.NetworkClient - [Consumer clientId=consumer-group-1-4, groupId=group-1] Connection to node -1 (localhost/127.0.0.1:9092) could not be established. Broker may not be available.
2024-11-02 22:31:35 [org.springframework.kafka.KafkaListenerEndpointContainer#1-1-C-1] WARN  o.apache.kafka.clients.NetworkClient - [Consumer clientId=consumer-group-1-6, groupId=group-1] Connection to node -1 (localhost/127.0.0.1:9092) could not be established. Broker may not be available.
2024-11-02 22:31:35 [org.springframework.kafka.KafkaListenerEndpointContainer#0-1-C-1] WARN  o.apache.kafka.clients.NetworkClient - [Consumer clientId=consumer-group-1-4, groupId=group-1] Bootstrap broker localhost:9092 (id: -1 rack: null) disconnected
2024-11-02 22:31:35 [org.springframework.kafka.KafkaListenerEndpointContainer#1-1-C-1] WARN  o.apache.kafka.clients.NetworkClient - [Consumer clientId=consumer-group-1-6, groupId=group-1] Bootstrap broker localhost:9092 (id: -1 rack: null) disconnected
2024-11-02 22:31:36 [org.springframework.kafka.KafkaListenerEndpointContainer#1-0-C-1] INFO  o.apache.kafka.clients.NetworkClient - [Consumer clientId=consumer-group-1-5, groupId=group-1] Node -1 disconnected.
2024-11-02 22:31:36 [org.springframework.kafka.KafkaListenerEndpointContainer#1-0-C-1] WARN  o.apache.kafka.clients.NetworkClient - [Consumer clientId=consumer-group-1-5, groupId=group-1] Connection to node -1 (localhost/127.0.0.1:9092) could not be established. Broker may not be available.
2024-11-02 22:31:36 [org.springframework.kafka.KafkaListenerEndpointContainer#1-0-C-1] WARN  o.apache.kafka.clients.NetworkClient - [Consumer clientId=consumer-group-1-5, groupId=group-1] Bootstrap broker localhost:9092 (id: -1 rack: null) disconnected
2024-11-02 22:31:36 [investment-topic-0-C-1] INFO  o.apache.kafka.clients.NetworkClient - [Consumer clientId=consumer-investment-topic-1, groupId=investment-topic] Node -1 disconnected.
2024-11-02 22:31:36 [investment-topic-0-C-1] WARN  o.apache.kafka.clients.NetworkClient - [Consumer clientId=consumer-investment-topic-1, groupId=investment-topic] Connection to node -1 (localhost/127.0.0.1:9092) could not be established. Broker may not be available.
2024-11-02 22:31:36 [investment-topic-0-C-1] WARN  o.apache.kafka.clients.NetworkClient - [Consumer clientId=consumer-investment-topic-1, groupId=investment-topic] Bootstrap broker localhost:9092 (id: -1 rack: null) disconnected
2024-11-02 22:31:36 [org.springframework.kafka.KafkaListenerEndpointContainer#0-0-C-1] INFO  o.apache.kafka.clients.NetworkClient - [Consumer clientId=consumer-group-1-3, groupId=group-1] Node -1 disconnected.
2024-11-02 22:31:36 [org.springframework.kafka.KafkaListenerEndpointContainer#0-0-C-1] WARN  o.apache.kafka.clients.NetworkClient - [Consumer clientId=consumer-group-1-3, groupId=group-1] Connection to node -1 (localhost/127.0.0.1:9092) could not be established. Broker may not be available.
2024-11-02 22:31:36 [org.springframework.kafka.KafkaListenerEndpointContainer#0-0-C-1] WARN  o.apache.kafka.clients.NetworkClient - [Consumer clientId=consumer-group-1-3, groupId=group-1] Bootstrap broker localhost:9092 (id: -1 rack: null) disconnected
2024-11-02 22:31:36 [org.springframework.kafka.KafkaListenerEndpointContainer#1-1-C-1] INFO  o.apache.kafka.clients.NetworkClient - [Consumer clientId=consumer-group-1-6, groupId=group-1] Node -1 disconnected.
2024-11-02 22:31:36 [org.springframework.kafka.KafkaListenerEndpointContainer#1-1-C-1] WARN  o.apache.kafka.clients.NetworkClient - [Consumer clientId=consumer-group-1-6, groupId=group-1] Connection to node -1 (localhost/127.0.0.1:9092) could not be established. Broker may not be available.
2024-11-02 22:31:36 [org.springframework.kafka.KafkaListenerEndpointContainer#1-1-C-1] WARN  o.apache.kafka.clients.NetworkClient - [Consumer clientId=consumer-group-1-6, groupId=group-1] Bootstrap broker localhost:9092 (id: -1 rack: null) disconnected
2024-11-02 22:31:36 [investment-topic-1-C-1] INFO  o.apache.kafka.clients.NetworkClient - [Consumer clientId=consumer-investment-topic-2, groupId=investment-topic] Node -1 disconnected.
2024-11-02 22:31:36 [investment-topic-1-C-1] WARN  o.apache.kafka.clients.NetworkClient - [Consumer clientId=consumer-investment-topic-2, groupId=investment-topic] Connection to node -1 (localhost/127.0.0.1:9092) could not be established. Broker may not be available.
2024-11-02 22:31:36 [investment-topic-1-C-1] WARN  o.apache.kafka.clients.NetworkClient - [Consumer clientId=consumer-investment-topic-2, groupId=investment-topic] Bootstrap broker localhost:9092 (id: -1 rack: null) disconnected
2024-11-02 22:31:36 [org.springframework.kafka.KafkaListenerEndpointContainer#0-1-C-1] INFO  o.apache.kafka.clients.NetworkClient - [Consumer clientId=consumer-group-1-4, groupId=group-1] Node -1 disconnected.
2024-11-02 22:31:36 [org.springframework.kafka.KafkaListenerEndpointContainer#0-1-C-1] WARN  o.apache.kafka.clients.NetworkClient - [Consumer clientId=consumer-group-1-4, groupId=group-1] Connection to node -1 (localhost/127.0.0.1:9092) could not be established. Broker may not be available.
2024-11-02 22:31:36 [org.springframework.kafka.KafkaListenerEndpointContainer#0-1-C-1] WARN  o.apache.kafka.clients.NetworkClient - [Consumer clientId=consumer-group-1-4, groupId=group-1] Bootstrap broker localhost:9092 (id: -1 rack: null) disconnected
2024-11-02 22:31:36 [org.springframework.kafka.KafkaListenerEndpointContainer#1-0-C-1] INFO  o.apache.kafka.clients.NetworkClient - [Consumer clientId=consumer-group-1-5, groupId=group-1] Node -1 disconnected.
2024-11-02 22:31:36 [org.springframework.kafka.KafkaListenerEndpointContainer#1-0-C-1] WARN  o.apache.kafka.clients.NetworkClient - [Consumer clientId=consumer-group-1-5, groupId=group-1] Connection to node -1 (localhost/127.0.0.1:9092) could not be established. Broker may not be available.
2024-11-02 22:31:36 [org.springframework.kafka.KafkaListenerEndpointContainer#1-0-C-1] WARN  o.apache.kafka.clients.NetworkClient - [Consumer clientId=consumer-group-1-5, groupId=group-1] Bootstrap broker localhost:9092 (id: -1 rack: null) disconnected
2024-11-02 22:31:37 [investment-topic-0-C-1] INFO  o.apache.kafka.clients.NetworkClient - [Consumer clientId=consumer-investment-topic-1, groupId=investment-topic] Node -1 disconnected.
2024-11-02 22:31:37 [investment-topic-0-C-1] WARN  o.apache.kafka.clients.NetworkClient - [Consumer clientId=consumer-investment-topic-1, groupId=investment-topic] Connection to node -1 (localhost/127.0.0.1:9092) could not be established. Broker may not be available.
2024-11-02 22:31:37 [investment-topic-0-C-1] WARN  o.apache.kafka.clients.NetworkClient - [Consumer clientId=consumer-investment-topic-1, groupId=investment-topic] Bootstrap broker localhost:9092 (id: -1 rack: null) disconnected
2024-11-02 22:31:37 [org.springframework.kafka.KafkaListenerEndpointContainer#0-0-C-1] INFO  o.apache.kafka.clients.NetworkClient - [Consumer clientId=consumer-group-1-3, groupId=group-1] Node -1 disconnected.
2024-11-02 22:31:37 [org.springframework.kafka.KafkaListenerEndpointContainer#0-0-C-1] WARN  o.apache.kafka.clients.NetworkClient - [Consumer clientId=consumer-group-1-3, groupId=group-1] Connection to node -1 (localhost/127.0.0.1:9092) could not be established. Broker may not be available.
2024-11-02 22:31:37 [org.springframework.kafka.KafkaListenerEndpointContainer#0-0-C-1] WARN  o.apache.kafka.clients.NetworkClient - [Consumer clientId=consumer-group-1-3, groupId=group-1] Bootstrap broker localhost:9092 (id: -1 rack: null) disconnected
2024-11-02 22:31:37 [org.springframework.kafka.KafkaListenerEndpointContainer#1-1-C-1] INFO  o.apache.kafka.clients.NetworkClient - [Consumer clientId=consumer-group-1-6, groupId=group-1] Node -1 disconnected.
2024-11-02 22:31:37 [org.springframework.kafka.KafkaListenerEndpointContainer#1-1-C-1] WARN  o.apache.kafka.clients.NetworkClient - [Consumer clientId=consumer-group-1-6, groupId=group-1] Connection to node -1 (localhost/127.0.0.1:9092) could not be established. Broker may not be available.
2024-11-02 22:31:37 [org.springframework.kafka.KafkaListenerEndpointContainer#1-1-C-1] WARN  o.apache.kafka.clients.NetworkClient - [Consumer clientId=consumer-group-1-6, groupId=group-1] Bootstrap broker localhost:9092 (id: -1 rack: null) disconnected
2024-11-02 22:31:37 [org.springframework.kafka.KafkaListenerEndpointContainer#0-1-C-1] INFO  o.apache.kafka.clients.NetworkClient - [Consumer clientId=consumer-group-1-4, groupId=group-1] Node -1 disconnected.
2024-11-02 22:31:37 [org.springframework.kafka.KafkaListenerEndpointContainer#0-1-C-1] WARN  o.apache.kafka.clients.NetworkClient - [Consumer clientId=consumer-group-1-4, groupId=group-1] Connection to node -1 (localhost/127.0.0.1:9092) could not be established. Broker may not be available.
2024-11-02 22:31:37 [org.springframework.kafka.KafkaListenerEndpointContainer#0-1-C-1] WARN  o.apache.kafka.clients.NetworkClient - [Consumer clientId=consumer-group-1-4, groupId=group-1] Bootstrap broker localhost:9092 (id: -1 rack: null) disconnected
2024-11-02 22:31:37 [investment-topic-1-C-1] INFO  o.apache.kafka.clients.NetworkClient - [Consumer clientId=consumer-investment-topic-2, groupId=investment-topic] Node -1 disconnected.
2024-11-02 22:31:37 [investment-topic-1-C-1] WARN  o.apache.kafka.clients.NetworkClient - [Consumer clientId=consumer-investment-topic-2, groupId=investment-topic] Connection to node -1 (localhost/127.0.0.1:9092) could not be established. Broker may not be available.
2024-11-02 22:31:37 [investment-topic-1-C-1] WARN  o.apache.kafka.clients.NetworkClient - [Consumer clientId=consumer-investment-topic-2, groupId=investment-topic] Bootstrap broker localhost:9092 (id: -1 rack: null) disconnected
2024-11-02 22:31:37 [org.springframework.kafka.KafkaListenerEndpointContainer#1-0-C-1] INFO  o.apache.kafka.clients.NetworkClient - [Consumer clientId=consumer-group-1-5, groupId=group-1] Node -1 disconnected.
2024-11-02 22:31:37 [org.springframework.kafka.KafkaListenerEndpointContainer#1-0-C-1] WARN  o.apache.kafka.clients.NetworkClient - [Consumer clientId=consumer-group-1-5, groupId=group-1] Connection to node -1 (localhost/127.0.0.1:9092) could not be established. Broker may not be available.
2024-11-02 22:31:37 [org.springframework.kafka.KafkaListenerEndpointContainer#1-0-C-1] WARN  o.apache.kafka.clients.NetworkClient - [Consumer clientId=consumer-group-1-5, groupId=group-1] Bootstrap broker localhost:9092 (id: -1 rack: null) disconnected
2024-11-02 22:31:38 [investment-topic-0-C-1] INFO  o.apache.kafka.clients.NetworkClient - [Consumer clientId=consumer-investment-topic-1, groupId=investment-topic] Node -1 disconnected.
2024-11-02 22:31:38 [investment-topic-0-C-1] WARN  o.apache.kafka.clients.NetworkClient - [Consumer clientId=consumer-investment-topic-1, groupId=investment-topic] Connection to node -1 (localhost/127.0.0.1:9092) could not be established. Broker may not be available.
2024-11-02 22:31:38 [investment-topic-0-C-1] WARN  o.apache.kafka.clients.NetworkClient - [Consumer clientId=consumer-investment-topic-1, groupId=investment-topic] Bootstrap broker localhost:9092 (id: -1 rack: null) disconnected
2024-11-02 22:31:38 [org.springframework.kafka.KafkaListenerEndpointContainer#0-0-C-1] INFO  o.apache.kafka.clients.NetworkClient - [Consumer clientId=consumer-group-1-3, groupId=group-1] Node -1 disconnected.
2024-11-02 22:31:38 [org.springframework.kafka.KafkaListenerEndpointContainer#0-0-C-1] WARN  o.apache.kafka.clients.NetworkClient - [Consumer clientId=consumer-group-1-3, groupId=group-1] Connection to node -1 (localhost/127.0.0.1:9092) could not be established. Broker may not be available.
2024-11-02 22:31:38 [org.springframework.kafka.KafkaListenerEndpointContainer#0-0-C-1] WARN  o.apache.kafka.clients.NetworkClient - [Consumer clientId=consumer-group-1-3, groupId=group-1] Bootstrap broker localhost:9092 (id: -1 rack: null) disconnected
2024-11-02 22:31:38 [org.springframework.kafka.KafkaListenerEndpointContainer#1-1-C-1] INFO  o.apache.kafka.clients.NetworkClient - [Consumer clientId=consumer-group-1-6, groupId=group-1] Node -1 disconnected.
2024-11-02 22:31:38 [org.springframework.kafka.KafkaListenerEndpointContainer#1-1-C-1] WARN  o.apache.kafka.clients.NetworkClient - [Consumer clientId=consumer-group-1-6, groupId=group-1] Connection to node -1 (localhost/127.0.0.1:9092) could not be established. Broker may not be available.
2024-11-02 22:31:38 [org.springframework.kafka.KafkaListenerEndpointContainer#1-1-C-1] WARN  o.apache.kafka.clients.NetworkClient - [Consumer clientId=consumer-group-1-6, groupId=group-1] Bootstrap broker localhost:9092 (id: -1 rack: null) disconnected
2024-11-02 22:31:38 [investment-topic-1-C-1] INFO  o.apache.kafka.clients.NetworkClient - [Consumer clientId=consumer-investment-topic-2, groupId=investment-topic] Node -1 disconnected.
2024-11-02 22:31:38 [investment-topic-1-C-1] WARN  o.apache.kafka.clients.NetworkClient - [Consumer clientId=consumer-investment-topic-2, groupId=investment-topic] Connection to node -1 (localhost/127.0.0.1:9092) could not be established. Broker may not be available.
2024-11-02 22:31:38 [investment-topic-1-C-1] WARN  o.apache.kafka.clients.NetworkClient - [Consumer clientId=consumer-investment-topic-2, groupId=investment-topic] Bootstrap broker localhost:9092 (id: -1 rack: null) disconnected
2024-11-02 22:31:38 [org.springframework.kafka.KafkaListenerEndpointContainer#1-0-C-1] INFO  o.apache.kafka.clients.NetworkClient - [Consumer clientId=consumer-group-1-5, groupId=group-1] Node -1 disconnected.
2024-11-02 22:31:38 [org.springframework.kafka.KafkaListenerEndpointContainer#1-0-C-1] WARN  o.apache.kafka.clients.NetworkClient - [Consumer clientId=consumer-group-1-5, groupId=group-1] Connection to node -1 (localhost/127.0.0.1:9092) could not be established. Broker may not be available.
2024-11-02 22:31:38 [org.springframework.kafka.KafkaListenerEndpointContainer#1-0-C-1] WARN  o.apache.kafka.clients.NetworkClient - [Consumer clientId=consumer-group-1-5, groupId=group-1] Bootstrap broker localhost:9092 (id: -1 rack: null) disconnected
2024-11-02 22:31:38 [org.springframework.kafka.KafkaListenerEndpointContainer#0-1-C-1] INFO  o.apache.kafka.clients.NetworkClient - [Consumer clientId=consumer-group-1-4, groupId=group-1] Node -1 disconnected.
2024-11-02 22:31:38 [org.springframework.kafka.KafkaListenerEndpointContainer#0-1-C-1] WARN  o.apache.kafka.clients.NetworkClient - [Consumer clientId=consumer-group-1-4, groupId=group-1] Connection to node -1 (localhost/127.0.0.1:9092) could not be established. Broker may not be available.
2024-11-02 22:31:38 [org.springframework.kafka.KafkaListenerEndpointContainer#0-1-C-1] WARN  o.apache.kafka.clients.NetworkClient - [Consumer clientId=consumer-group-1-4, groupId=group-1] Bootstrap broker localhost:9092 (id: -1 rack: null) disconnected
2024-11-02 22:31:39 [investment-topic-0-C-1] INFO  o.apache.kafka.clients.NetworkClient - [Consumer clientId=consumer-investment-topic-1, groupId=investment-topic] Node -1 disconnected.
2024-11-02 22:31:39 [investment-topic-0-C-1] WARN  o.apache.kafka.clients.NetworkClient - [Consumer clientId=consumer-investment-topic-1, groupId=investment-topic] Connection to node -1 (localhost/127.0.0.1:9092) could not be established. Broker may not be available.
2024-11-02 22:31:39 [investment-topic-0-C-1] WARN  o.apache.kafka.clients.NetworkClient - [Consumer clientId=consumer-investment-topic-1, groupId=investment-topic] Bootstrap broker localhost:9092 (id: -1 rack: null) disconnected
2024-11-02 22:31:39 [org.springframework.kafka.KafkaListenerEndpointContainer#0-0-C-1] INFO  o.apache.kafka.clients.NetworkClient - [Consumer clientId=consumer-group-1-3, groupId=group-1] Node -1 disconnected.
2024-11-02 22:31:39 [org.springframework.kafka.KafkaListenerEndpointContainer#0-0-C-1] WARN  o.apache.kafka.clients.NetworkClient - [Consumer clientId=consumer-group-1-3, groupId=group-1] Connection to node -1 (localhost/127.0.0.1:9092) could not be established. Broker may not be available.
2024-11-02 22:31:39 [org.springframework.kafka.KafkaListenerEndpointContainer#0-0-C-1] WARN  o.apache.kafka.clients.NetworkClient - [Consumer clientId=consumer-group-1-3, groupId=group-1] Bootstrap broker localhost:9092 (id: -1 rack: null) disconnected
2024-11-02 22:31:39 [org.springframework.kafka.KafkaListenerEndpointContainer#1-1-C-1] INFO  o.apache.kafka.clients.NetworkClient - [Consumer clientId=consumer-group-1-6, groupId=group-1] Node -1 disconnected.
2024-11-02 22:31:39 [org.springframework.kafka.KafkaListenerEndpointContainer#1-1-C-1] WARN  o.apache.kafka.clients.NetworkClient - [Consumer clientId=consumer-group-1-6, groupId=group-1] Connection to node -1 (localhost/127.0.0.1:9092) could not be established. Broker may not be available.
2024-11-02 22:31:39 [org.springframework.kafka.KafkaListenerEndpointContainer#1-1-C-1] WARN  o.apache.kafka.clients.NetworkClient - [Consumer clientId=consumer-group-1-6, groupId=group-1] Bootstrap broker localhost:9092 (id: -1 rack: null) disconnected
2024-11-02 22:31:39 [org.springframework.kafka.KafkaListenerEndpointContainer#1-0-C-1] INFO  o.apache.kafka.clients.NetworkClient - [Consumer clientId=consumer-group-1-5, groupId=group-1] Node -1 disconnected.
2024-11-02 22:31:39 [org.springframework.kafka.KafkaListenerEndpointContainer#1-0-C-1] WARN  o.apache.kafka.clients.NetworkClient - [Consumer clientId=consumer-group-1-5, groupId=group-1] Connection to node -1 (localhost/127.0.0.1:9092) could not be established. Broker may not be available.
2024-11-02 22:31:39 [org.springframework.kafka.KafkaListenerEndpointContainer#1-0-C-1] WARN  o.apache.kafka.clients.NetworkClient - [Consumer clientId=consumer-group-1-5, groupId=group-1] Bootstrap broker localhost:9092 (id: -1 rack: null) disconnected
2024-11-02 22:31:39 [investment-topic-1-C-1] INFO  o.apache.kafka.clients.NetworkClient - [Consumer clientId=consumer-investment-topic-2, groupId=investment-topic] Node -1 disconnected.
2024-11-02 22:31:39 [investment-topic-1-C-1] WARN  o.apache.kafka.clients.NetworkClient - [Consumer clientId=consumer-investment-topic-2, groupId=investment-topic] Connection to node -1 (localhost/127.0.0.1:9092) could not be established. Broker may not be available.
2024-11-02 22:31:39 [investment-topic-1-C-1] WARN  o.apache.kafka.clients.NetworkClient - [Consumer clientId=consumer-investment-topic-2, groupId=investment-topic] Bootstrap broker localhost:9092 (id: -1 rack: null) disconnected
2024-11-02 22:31:39 [org.springframework.kafka.KafkaListenerEndpointContainer#0-1-C-1] INFO  o.apache.kafka.clients.NetworkClient - [Consumer clientId=consumer-group-1-4, groupId=group-1] Node -1 disconnected.
2024-11-02 22:31:39 [org.springframework.kafka.KafkaListenerEndpointContainer#0-1-C-1] WARN  o.apache.kafka.clients.NetworkClient - [Consumer clientId=consumer-group-1-4, groupId=group-1] Connection to node -1 (localhost/127.0.0.1:9092) could not be established. Broker may not be available.
2024-11-02 22:31:39 [org.springframework.kafka.KafkaListenerEndpointContainer#0-1-C-1] WARN  o.apache.kafka.clients.NetworkClient - [Consumer clientId=consumer-group-1-4, groupId=group-1] Bootstrap broker localhost:9092 (id: -1 rack: null) disconnected
2024-11-02 22:31:40 [org.springframework.kafka.KafkaListenerEndpointContainer#0-0-C-1] INFO  o.apache.kafka.clients.NetworkClient - [Consumer clientId=consumer-group-1-3, groupId=group-1] Node -1 disconnected.
2024-11-02 22:31:40 [org.springframework.kafka.KafkaListenerEndpointContainer#0-0-C-1] WARN  o.apache.kafka.clients.NetworkClient - [Consumer clientId=consumer-group-1-3, groupId=group-1] Connection to node -1 (localhost/127.0.0.1:9092) could not be established. Broker may not be available.
2024-11-02 22:31:40 [org.springframework.kafka.KafkaListenerEndpointContainer#0-0-C-1] WARN  o.apache.kafka.clients.NetworkClient - [Consumer clientId=consumer-group-1-3, groupId=group-1] Bootstrap broker localhost:9092 (id: -1 rack: null) disconnected
2024-11-02 22:31:40 [investment-topic-0-C-1] INFO  o.apache.kafka.clients.NetworkClient - [Consumer clientId=consumer-investment-topic-1, groupId=investment-topic] Node -1 disconnected.
2024-11-02 22:31:40 [investment-topic-0-C-1] WARN  o.apache.kafka.clients.NetworkClient - [Consumer clientId=consumer-investment-topic-1, groupId=investment-topic] Connection to node -1 (localhost/127.0.0.1:9092) could not be established. Broker may not be available.
2024-11-02 22:31:40 [investment-topic-0-C-1] WARN  o.apache.kafka.clients.NetworkClient - [Consumer clientId=consumer-investment-topic-1, groupId=investment-topic] Bootstrap broker localhost:9092 (id: -1 rack: null) disconnected
2024-11-02 22:31:40 [org.springframework.kafka.KafkaListenerEndpointContainer#1-0-C-1] INFO  o.apache.kafka.clients.NetworkClient - [Consumer clientId=consumer-group-1-5, groupId=group-1] Node -1 disconnected.
2024-11-02 22:31:40 [org.springframework.kafka.KafkaListenerEndpointContainer#1-0-C-1] WARN  o.apache.kafka.clients.NetworkClient - [Consumer clientId=consumer-group-1-5, groupId=group-1] Connection to node -1 (localhost/127.0.0.1:9092) could not be established. Broker may not be available.
2024-11-02 22:31:40 [org.springframework.kafka.KafkaListenerEndpointContainer#1-0-C-1] WARN  o.apache.kafka.clients.NetworkClient - [Consumer clientId=consumer-group-1-5, groupId=group-1] Bootstrap broker localhost:9092 (id: -1 rack: null) disconnected
2024-11-02 22:31:40 [org.springframework.kafka.KafkaListenerEndpointContainer#1-1-C-1] INFO  o.apache.kafka.clients.NetworkClient - [Consumer clientId=consumer-group-1-6, groupId=group-1] Node -1 disconnected.
2024-11-02 22:31:40 [org.springframework.kafka.KafkaListenerEndpointContainer#1-1-C-1] WARN  o.apache.kafka.clients.NetworkClient - [Consumer clientId=consumer-group-1-6, groupId=group-1] Connection to node -1 (localhost/127.0.0.1:9092) could not be established. Broker may not be available.
2024-11-02 22:31:40 [org.springframework.kafka.KafkaListenerEndpointContainer#1-1-C-1] WARN  o.apache.kafka.clients.NetworkClient - [Consumer clientId=consumer-group-1-6, groupId=group-1] Bootstrap broker localhost:9092 (id: -1 rack: null) disconnected
2024-11-02 22:31:40 [org.springframework.kafka.KafkaListenerEndpointContainer#0-1-C-1] INFO  o.apache.kafka.clients.NetworkClient - [Consumer clientId=consumer-group-1-4, groupId=group-1] Node -1 disconnected.
2024-11-02 22:31:40 [org.springframework.kafka.KafkaListenerEndpointContainer#0-1-C-1] WARN  o.apache.kafka.clients.NetworkClient - [Consumer clientId=consumer-group-1-4, groupId=group-1] Connection to node -1 (localhost/127.0.0.1:9092) could not be established. Broker may not be available.
2024-11-02 22:31:40 [org.springframework.kafka.KafkaListenerEndpointContainer#0-1-C-1] WARN  o.apache.kafka.clients.NetworkClient - [Consumer clientId=consumer-group-1-4, groupId=group-1] Bootstrap broker localhost:9092 (id: -1 rack: null) disconnected
2024-11-02 22:31:41 [investment-topic-1-C-1] INFO  o.apache.kafka.clients.NetworkClient - [Consumer clientId=consumer-investment-topic-2, groupId=investment-topic] Node -1 disconnected.
2024-11-02 22:31:41 [investment-topic-1-C-1] WARN  o.apache.kafka.clients.NetworkClient - [Consumer clientId=consumer-investment-topic-2, groupId=investment-topic] Connection to node -1 (localhost/127.0.0.1:9092) could not be established. Broker may not be available.
2024-11-02 22:31:41 [investment-topic-1-C-1] WARN  o.apache.kafka.clients.NetworkClient - [Consumer clientId=consumer-investment-topic-2, groupId=investment-topic] Bootstrap broker localhost:9092 (id: -1 rack: null) disconnected
2024-11-02 22:31:41 [org.springframework.kafka.KafkaListenerEndpointContainer#0-0-C-1] INFO  o.apache.kafka.clients.NetworkClient - [Consumer clientId=consumer-group-1-3, groupId=group-1] Node -1 disconnected.
2024-11-02 22:31:41 [org.springframework.kafka.KafkaListenerEndpointContainer#0-0-C-1] WARN  o.apache.kafka.clients.NetworkClient - [Consumer clientId=consumer-group-1-3, groupId=group-1] Connection to node -1 (localhost/127.0.0.1:9092) could not be established. Broker may not be available.
2024-11-02 22:31:41 [org.springframework.kafka.KafkaListenerEndpointContainer#0-0-C-1] WARN  o.apache.kafka.clients.NetworkClient - [Consumer clientId=consumer-group-1-3, groupId=group-1] Bootstrap broker localhost:9092 (id: -1 rack: null) disconnected
2024-11-02 22:31:41 [org.springframework.kafka.KafkaListenerEndpointContainer#1-0-C-1] INFO  o.apache.kafka.clients.NetworkClient - [Consumer clientId=consumer-group-1-5, groupId=group-1] Node -1 disconnected.
2024-11-02 22:31:41 [org.springframework.kafka.KafkaListenerEndpointContainer#1-0-C-1] WARN  o.apache.kafka.clients.NetworkClient - [Consumer clientId=consumer-group-1-5, groupId=group-1] Connection to node -1 (localhost/127.0.0.1:9092) could not be established. Broker may not be available.
2024-11-02 22:31:41 [org.springframework.kafka.KafkaListenerEndpointContainer#1-0-C-1] WARN  o.apache.kafka.clients.NetworkClient - [Consumer clientId=consumer-group-1-5, groupId=group-1] Bootstrap broker localhost:9092 (id: -1 rack: null) disconnected
2024-11-02 22:31:41 [investment-topic-0-C-1] INFO  o.apache.kafka.clients.NetworkClient - [Consumer clientId=consumer-investment-topic-1, groupId=investment-topic] Node -1 disconnected.
2024-11-02 22:31:41 [investment-topic-0-C-1] WARN  o.apache.kafka.clients.NetworkClient - [Consumer clientId=consumer-investment-topic-1, groupId=investment-topic] Connection to node -1 (localhost/127.0.0.1:9092) could not be established. Broker may not be available.
2024-11-02 22:31:41 [investment-topic-0-C-1] WARN  o.apache.kafka.clients.NetworkClient - [Consumer clientId=consumer-investment-topic-1, groupId=investment-topic] Bootstrap broker localhost:9092 (id: -1 rack: null) disconnected
2024-11-02 22:31:41 [org.springframework.kafka.KafkaListenerEndpointContainer#1-1-C-1] INFO  o.apache.kafka.clients.NetworkClient - [Consumer clientId=consumer-group-1-6, groupId=group-1] Node -1 disconnected.
2024-11-02 22:31:41 [org.springframework.kafka.KafkaListenerEndpointContainer#1-1-C-1] WARN  o.apache.kafka.clients.NetworkClient - [Consumer clientId=consumer-group-1-6, groupId=group-1] Connection to node -1 (localhost/127.0.0.1:9092) could not be established. Broker may not be available.
2024-11-02 22:31:41 [org.springframework.kafka.KafkaListenerEndpointContainer#1-1-C-1] WARN  o.apache.kafka.clients.NetworkClient - [Consumer clientId=consumer-group-1-6, groupId=group-1] Bootstrap broker localhost:9092 (id: -1 rack: null) disconnected
2024-11-02 22:31:41 [org.springframework.kafka.KafkaListenerEndpointContainer#0-1-C-1] INFO  o.apache.kafka.clients.NetworkClient - [Consumer clientId=consumer-group-1-4, groupId=group-1] Node -1 disconnected.
2024-11-02 22:31:41 [org.springframework.kafka.KafkaListenerEndpointContainer#0-1-C-1] WARN  o.apache.kafka.clients.NetworkClient - [Consumer clientId=consumer-group-1-4, groupId=group-1] Connection to node -1 (localhost/127.0.0.1:9092) could not be established. Broker may not be available.
2024-11-02 22:31:41 [org.springframework.kafka.KafkaListenerEndpointContainer#0-1-C-1] WARN  o.apache.kafka.clients.NetworkClient - [Consumer clientId=consumer-group-1-4, groupId=group-1] Bootstrap broker localhost:9092 (id: -1 rack: null) disconnected
2024-11-02 22:31:42 [investment-topic-1-C-1] INFO  o.apache.kafka.clients.NetworkClient - [Consumer clientId=consumer-investment-topic-2, groupId=investment-topic] Node -1 disconnected.
2024-11-02 22:31:42 [investment-topic-1-C-1] WARN  o.apache.kafka.clients.NetworkClient - [Consumer clientId=consumer-investment-topic-2, groupId=investment-topic] Connection to node -1 (localhost/127.0.0.1:9092) could not be established. Broker may not be available.
2024-11-02 22:31:42 [investment-topic-1-C-1] WARN  o.apache.kafka.clients.NetworkClient - [Consumer clientId=consumer-investment-topic-2, groupId=investment-topic] Bootstrap broker localhost:9092 (id: -1 rack: null) disconnected
2024-11-02 22:31:42 [org.springframework.kafka.KafkaListenerEndpointContainer#1-0-C-1] INFO  o.apache.kafka.clients.NetworkClient - [Consumer clientId=consumer-group-1-5, groupId=group-1] Node -1 disconnected.
2024-11-02 22:31:42 [org.springframework.kafka.KafkaListenerEndpointContainer#1-0-C-1] WARN  o.apache.kafka.clients.NetworkClient - [Consumer clientId=consumer-group-1-5, groupId=group-1] Connection to node -1 (localhost/127.0.0.1:9092) could not be established. Broker may not be available.
2024-11-02 22:31:42 [org.springframework.kafka.KafkaListenerEndpointContainer#1-0-C-1] WARN  o.apache.kafka.clients.NetworkClient - [Consumer clientId=consumer-group-1-5, groupId=group-1] Bootstrap broker localhost:9092 (id: -1 rack: null) disconnected
2024-11-02 22:31:42 [org.springframework.kafka.KafkaListenerEndpointContainer#0-0-C-1] INFO  o.apache.kafka.clients.NetworkClient - [Consumer clientId=consumer-group-1-3, groupId=group-1] Node -1 disconnected.
2024-11-02 22:31:42 [org.springframework.kafka.KafkaListenerEndpointContainer#0-0-C-1] WARN  o.apache.kafka.clients.NetworkClient - [Consumer clientId=consumer-group-1-3, groupId=group-1] Connection to node -1 (localhost/127.0.0.1:9092) could not be established. Broker may not be available.
2024-11-02 22:31:42 [org.springframework.kafka.KafkaListenerEndpointContainer#0-0-C-1] WARN  o.apache.kafka.clients.NetworkClient - [Consumer clientId=consumer-group-1-3, groupId=group-1] Bootstrap broker localhost:9092 (id: -1 rack: null) disconnected
2024-11-02 22:31:42 [investment-topic-0-C-1] INFO  o.apache.kafka.clients.NetworkClient - [Consumer clientId=consumer-investment-topic-1, groupId=investment-topic] Node -1 disconnected.
2024-11-02 22:31:42 [investment-topic-0-C-1] WARN  o.apache.kafka.clients.NetworkClient - [Consumer clientId=consumer-investment-topic-1, groupId=investment-topic] Connection to node -1 (localhost/127.0.0.1:9092) could not be established. Broker may not be available.
2024-11-02 22:31:42 [investment-topic-0-C-1] WARN  o.apache.kafka.clients.NetworkClient - [Consumer clientId=consumer-investment-topic-1, groupId=investment-topic] Bootstrap broker localhost:9092 (id: -1 rack: null) disconnected
2024-11-02 22:31:42 [org.springframework.kafka.KafkaListenerEndpointContainer#1-1-C-1] INFO  o.apache.kafka.clients.NetworkClient - [Consumer clientId=consumer-group-1-6, groupId=group-1] Node -1 disconnected.
2024-11-02 22:31:42 [org.springframework.kafka.KafkaListenerEndpointContainer#1-1-C-1] WARN  o.apache.kafka.clients.NetworkClient - [Consumer clientId=consumer-group-1-6, groupId=group-1] Connection to node -1 (localhost/127.0.0.1:9092) could not be established. Broker may not be available.
2024-11-02 22:31:42 [org.springframework.kafka.KafkaListenerEndpointContainer#1-1-C-1] WARN  o.apache.kafka.clients.NetworkClient - [Consumer clientId=consumer-group-1-6, groupId=group-1] Bootstrap broker localhost:9092 (id: -1 rack: null) disconnected
2024-11-02 22:31:43 [org.springframework.kafka.KafkaListenerEndpointContainer#0-1-C-1] INFO  o.apache.kafka.clients.NetworkClient - [Consumer clientId=consumer-group-1-4, groupId=group-1] Node -1 disconnected.
2024-11-02 22:31:43 [org.springframework.kafka.KafkaListenerEndpointContainer#0-1-C-1] WARN  o.apache.kafka.clients.NetworkClient - [Consumer clientId=consumer-group-1-4, groupId=group-1] Connection to node -1 (localhost/127.0.0.1:9092) could not be established. Broker may not be available.
2024-11-02 22:31:43 [org.springframework.kafka.KafkaListenerEndpointContainer#0-1-C-1] WARN  o.apache.kafka.clients.NetworkClient - [Consumer clientId=consumer-group-1-4, groupId=group-1] Bootstrap broker localhost:9092 (id: -1 rack: null) disconnected
2024-11-02 22:31:43 [org.springframework.kafka.KafkaListenerEndpointContainer#1-0-C-1] INFO  o.apache.kafka.clients.NetworkClient - [Consumer clientId=consumer-group-1-5, groupId=group-1] Node -1 disconnected.
2024-11-02 22:31:43 [org.springframework.kafka.KafkaListenerEndpointContainer#1-0-C-1] WARN  o.apache.kafka.clients.NetworkClient - [Consumer clientId=consumer-group-1-5, groupId=group-1] Connection to node -1 (localhost/127.0.0.1:9092) could not be established. Broker may not be available.
2024-11-02 22:31:43 [org.springframework.kafka.KafkaListenerEndpointContainer#1-0-C-1] WARN  o.apache.kafka.clients.NetworkClient - [Consumer clientId=consumer-group-1-5, groupId=group-1] Bootstrap broker localhost:9092 (id: -1 rack: null) disconnected
2024-11-02 22:31:43 [investment-topic-0-C-1] INFO  o.apache.kafka.clients.NetworkClient - [Consumer clientId=consumer-investment-topic-1, groupId=investment-topic] Node -1 disconnected.
2024-11-02 22:31:43 [investment-topic-0-C-1] WARN  o.apache.kafka.clients.NetworkClient - [Consumer clientId=consumer-investment-topic-1, groupId=investment-topic] Connection to node -1 (localhost/127.0.0.1:9092) could not be established. Broker may not be available.
2024-11-02 22:31:43 [investment-topic-0-C-1] WARN  o.apache.kafka.clients.NetworkClient - [Consumer clientId=consumer-investment-topic-1, groupId=investment-topic] Bootstrap broker localhost:9092 (id: -1 rack: null) disconnected
2024-11-02 22:31:43 [investment-topic-1-C-1] INFO  o.apache.kafka.clients.NetworkClient - [Consumer clientId=consumer-investment-topic-2, groupId=investment-topic] Node -1 disconnected.
2024-11-02 22:31:43 [investment-topic-1-C-1] WARN  o.apache.kafka.clients.NetworkClient - [Consumer clientId=consumer-investment-topic-2, groupId=investment-topic] Connection to node -1 (localhost/127.0.0.1:9092) could not be established. Broker may not be available.
2024-11-02 22:31:43 [investment-topic-1-C-1] WARN  o.apache.kafka.clients.NetworkClient - [Consumer clientId=consumer-investment-topic-2, groupId=investment-topic] Bootstrap broker localhost:9092 (id: -1 rack: null) disconnected
2024-11-02 22:31:43 [org.springframework.kafka.KafkaListenerEndpointContainer#0-0-C-1] INFO  o.apache.kafka.clients.NetworkClient - [Consumer clientId=consumer-group-1-3, groupId=group-1] Node -1 disconnected.
2024-11-02 22:31:43 [org.springframework.kafka.KafkaListenerEndpointContainer#0-0-C-1] WARN  o.apache.kafka.clients.NetworkClient - [Consumer clientId=consumer-group-1-3, groupId=group-1] Connection to node -1 (localhost/127.0.0.1:9092) could not be established. Broker may not be available.
2024-11-02 22:31:43 [org.springframework.kafka.KafkaListenerEndpointContainer#0-0-C-1] WARN  o.apache.kafka.clients.NetworkClient - [Consumer clientId=consumer-group-1-3, groupId=group-1] Bootstrap broker localhost:9092 (id: -1 rack: null) disconnected
2024-11-02 22:31:43 [org.springframework.kafka.KafkaListenerEndpointContainer#1-1-C-1] INFO  o.apache.kafka.clients.NetworkClient - [Consumer clientId=consumer-group-1-6, groupId=group-1] Node -1 disconnected.
2024-11-02 22:31:43 [org.springframework.kafka.KafkaListenerEndpointContainer#1-1-C-1] WARN  o.apache.kafka.clients.NetworkClient - [Consumer clientId=consumer-group-1-6, groupId=group-1] Connection to node -1 (localhost/127.0.0.1:9092) could not be established. Broker may not be available.
2024-11-02 22:31:43 [org.springframework.kafka.KafkaListenerEndpointContainer#1-1-C-1] WARN  o.apache.kafka.clients.NetworkClient - [Consumer clientId=consumer-group-1-6, groupId=group-1] Bootstrap broker localhost:9092 (id: -1 rack: null) disconnected
2024-11-02 22:31:44 [org.springframework.kafka.KafkaListenerEndpointContainer#1-0-C-1] INFO  o.apache.kafka.clients.NetworkClient - [Consumer clientId=consumer-group-1-5, groupId=group-1] Node -1 disconnected.
2024-11-02 22:31:44 [org.springframework.kafka.KafkaListenerEndpointContainer#1-0-C-1] WARN  o.apache.kafka.clients.NetworkClient - [Consumer clientId=consumer-group-1-5, groupId=group-1] Connection to node -1 (localhost/127.0.0.1:9092) could not be established. Broker may not be available.
2024-11-02 22:31:44 [org.springframework.kafka.KafkaListenerEndpointContainer#1-0-C-1] WARN  o.apache.kafka.clients.NetworkClient - [Consumer clientId=consumer-group-1-5, groupId=group-1] Bootstrap broker localhost:9092 (id: -1 rack: null) disconnected
2024-11-02 22:31:44 [org.springframework.kafka.KafkaListenerEndpointContainer#0-1-C-1] INFO  o.apache.kafka.clients.NetworkClient - [Consumer clientId=consumer-group-1-4, groupId=group-1] Node -1 disconnected.
2024-11-02 22:31:44 [org.springframework.kafka.KafkaListenerEndpointContainer#0-1-C-1] WARN  o.apache.kafka.clients.NetworkClient - [Consumer clientId=consumer-group-1-4, groupId=group-1] Connection to node -1 (localhost/127.0.0.1:9092) could not be established. Broker may not be available.
2024-11-02 22:31:44 [org.springframework.kafka.KafkaListenerEndpointContainer#0-1-C-1] WARN  o.apache.kafka.clients.NetworkClient - [Consumer clientId=consumer-group-1-4, groupId=group-1] Bootstrap broker localhost:9092 (id: -1 rack: null) disconnected
2024-11-02 22:31:44 [investment-topic-1-C-1] INFO  o.apache.kafka.clients.NetworkClient - [Consumer clientId=consumer-investment-topic-2, groupId=investment-topic] Node -1 disconnected.
2024-11-02 22:31:44 [investment-topic-1-C-1] WARN  o.apache.kafka.clients.NetworkClient - [Consumer clientId=consumer-investment-topic-2, groupId=investment-topic] Connection to node -1 (localhost/127.0.0.1:9092) could not be established. Broker may not be available.
2024-11-02 22:31:44 [investment-topic-1-C-1] WARN  o.apache.kafka.clients.NetworkClient - [Consumer clientId=consumer-investment-topic-2, groupId=investment-topic] Bootstrap broker localhost:9092 (id: -1 rack: null) disconnected
2024-11-02 22:31:44 [investment-topic-0-C-1] INFO  o.apache.kafka.clients.NetworkClient - [Consumer clientId=consumer-investment-topic-1, groupId=investment-topic] Node -1 disconnected.
2024-11-02 22:31:44 [investment-topic-0-C-1] WARN  o.apache.kafka.clients.NetworkClient - [Consumer clientId=consumer-investment-topic-1, groupId=investment-topic] Connection to node -1 (localhost/127.0.0.1:9092) could not be established. Broker may not be available.
2024-11-02 22:31:44 [investment-topic-0-C-1] WARN  o.apache.kafka.clients.NetworkClient - [Consumer clientId=consumer-investment-topic-1, groupId=investment-topic] Bootstrap broker localhost:9092 (id: -1 rack: null) disconnected
2024-11-02 22:31:44 [org.springframework.kafka.KafkaListenerEndpointContainer#0-0-C-1] INFO  o.apache.kafka.clients.NetworkClient - [Consumer clientId=consumer-group-1-3, groupId=group-1] Node -1 disconnected.
2024-11-02 22:31:44 [org.springframework.kafka.KafkaListenerEndpointContainer#0-0-C-1] WARN  o.apache.kafka.clients.NetworkClient - [Consumer clientId=consumer-group-1-3, groupId=group-1] Connection to node -1 (localhost/127.0.0.1:9092) could not be established. Broker may not be available.
2024-11-02 22:31:44 [org.springframework.kafka.KafkaListenerEndpointContainer#0-0-C-1] WARN  o.apache.kafka.clients.NetworkClient - [Consumer clientId=consumer-group-1-3, groupId=group-1] Bootstrap broker localhost:9092 (id: -1 rack: null) disconnected
2024-11-02 22:31:45 [org.springframework.kafka.KafkaListenerEndpointContainer#1-1-C-1] INFO  o.apache.kafka.clients.NetworkClient - [Consumer clientId=consumer-group-1-6, groupId=group-1] Node -1 disconnected.
2024-11-02 22:31:45 [org.springframework.kafka.KafkaListenerEndpointContainer#1-1-C-1] WARN  o.apache.kafka.clients.NetworkClient - [Consumer clientId=consumer-group-1-6, groupId=group-1] Connection to node -1 (localhost/127.0.0.1:9092) could not be established. Broker may not be available.
2024-11-02 22:31:45 [org.springframework.kafka.KafkaListenerEndpointContainer#1-1-C-1] WARN  o.apache.kafka.clients.NetworkClient - [Consumer clientId=consumer-group-1-6, groupId=group-1] Bootstrap broker localhost:9092 (id: -1 rack: null) disconnected
2024-11-02 22:31:45 [org.springframework.kafka.KafkaListenerEndpointContainer#0-1-C-1] INFO  o.apache.kafka.clients.NetworkClient - [Consumer clientId=consumer-group-1-4, groupId=group-1] Node -1 disconnected.
2024-11-02 22:31:45 [org.springframework.kafka.KafkaListenerEndpointContainer#0-1-C-1] WARN  o.apache.kafka.clients.NetworkClient - [Consumer clientId=consumer-group-1-4, groupId=group-1] Connection to node -1 (localhost/127.0.0.1:9092) could not be established. Broker may not be available.
2024-11-02 22:31:45 [org.springframework.kafka.KafkaListenerEndpointContainer#0-1-C-1] WARN  o.apache.kafka.clients.NetworkClient - [Consumer clientId=consumer-group-1-4, groupId=group-1] Bootstrap broker localhost:9092 (id: -1 rack: null) disconnected
2024-11-02 22:31:45 [org.springframework.kafka.KafkaListenerEndpointContainer#1-0-C-1] INFO  o.apache.kafka.clients.NetworkClient - [Consumer clientId=consumer-group-1-5, groupId=group-1] Node -1 disconnected.
2024-11-02 22:31:45 [org.springframework.kafka.KafkaListenerEndpointContainer#1-0-C-1] WARN  o.apache.kafka.clients.NetworkClient - [Consumer clientId=consumer-group-1-5, groupId=group-1] Connection to node -1 (localhost/127.0.0.1:9092) could not be established. Broker may not be available.
2024-11-02 22:31:45 [org.springframework.kafka.KafkaListenerEndpointContainer#1-0-C-1] WARN  o.apache.kafka.clients.NetworkClient - [Consumer clientId=consumer-group-1-5, groupId=group-1] Bootstrap broker localhost:9092 (id: -1 rack: null) disconnected
2024-11-02 22:31:45 [investment-topic-0-C-1] INFO  o.apache.kafka.clients.NetworkClient - [Consumer clientId=consumer-investment-topic-1, groupId=investment-topic] Node -1 disconnected.
2024-11-02 22:31:45 [investment-topic-0-C-1] WARN  o.apache.kafka.clients.NetworkClient - [Consumer clientId=consumer-investment-topic-1, groupId=investment-topic] Connection to node -1 (localhost/127.0.0.1:9092) could not be established. Broker may not be available.
2024-11-02 22:31:45 [investment-topic-0-C-1] WARN  o.apache.kafka.clients.NetworkClient - [Consumer clientId=consumer-investment-topic-1, groupId=investment-topic] Bootstrap broker localhost:9092 (id: -1 rack: null) disconnected
2024-11-02 22:31:45 [investment-topic-1-C-1] INFO  o.apache.kafka.clients.NetworkClient - [Consumer clientId=consumer-investment-topic-2, groupId=investment-topic] Node -1 disconnected.
2024-11-02 22:31:45 [investment-topic-1-C-1] WARN  o.apache.kafka.clients.NetworkClient - [Consumer clientId=consumer-investment-topic-2, groupId=investment-topic] Connection to node -1 (localhost/127.0.0.1:9092) could not be established. Broker may not be available.
2024-11-02 22:31:45 [investment-topic-1-C-1] WARN  o.apache.kafka.clients.NetworkClient - [Consumer clientId=consumer-investment-topic-2, groupId=investment-topic] Bootstrap broker localhost:9092 (id: -1 rack: null) disconnected
2024-11-02 22:31:45 [org.springframework.kafka.KafkaListenerEndpointContainer#0-0-C-1] INFO  o.apache.kafka.clients.NetworkClient - [Consumer clientId=consumer-group-1-3, groupId=group-1] Node -1 disconnected.
2024-11-02 22:31:45 [org.springframework.kafka.KafkaListenerEndpointContainer#0-0-C-1] WARN  o.apache.kafka.clients.NetworkClient - [Consumer clientId=consumer-group-1-3, groupId=group-1] Connection to node -1 (localhost/127.0.0.1:9092) could not be established. Broker may not be available.
2024-11-02 22:31:45 [org.springframework.kafka.KafkaListenerEndpointContainer#0-0-C-1] WARN  o.apache.kafka.clients.NetworkClient - [Consumer clientId=consumer-group-1-3, groupId=group-1] Bootstrap broker localhost:9092 (id: -1 rack: null) disconnected
2024-11-02 22:31:46 [org.springframework.kafka.KafkaListenerEndpointContainer#1-1-C-1] INFO  o.apache.kafka.clients.NetworkClient - [Consumer clientId=consumer-group-1-6, groupId=group-1] Node -1 disconnected.
2024-11-02 22:31:46 [org.springframework.kafka.KafkaListenerEndpointContainer#1-1-C-1] WARN  o.apache.kafka.clients.NetworkClient - [Consumer clientId=consumer-group-1-6, groupId=group-1] Connection to node -1 (localhost/127.0.0.1:9092) could not be established. Broker may not be available.
2024-11-02 22:31:46 [org.springframework.kafka.KafkaListenerEndpointContainer#1-1-C-1] WARN  o.apache.kafka.clients.NetworkClient - [Consumer clientId=consumer-group-1-6, groupId=group-1] Bootstrap broker localhost:9092 (id: -1 rack: null) disconnected
2024-11-02 22:31:46 [org.springframework.kafka.KafkaListenerEndpointContainer#0-1-C-1] INFO  o.apache.kafka.clients.NetworkClient - [Consumer clientId=consumer-group-1-4, groupId=group-1] Node -1 disconnected.
2024-11-02 22:31:46 [org.springframework.kafka.KafkaListenerEndpointContainer#0-1-C-1] WARN  o.apache.kafka.clients.NetworkClient - [Consumer clientId=consumer-group-1-4, groupId=group-1] Connection to node -1 (localhost/127.0.0.1:9092) could not be established. Broker may not be available.
2024-11-02 22:31:46 [org.springframework.kafka.KafkaListenerEndpointContainer#0-1-C-1] WARN  o.apache.kafka.clients.NetworkClient - [Consumer clientId=consumer-group-1-4, groupId=group-1] Bootstrap broker localhost:9092 (id: -1 rack: null) disconnected
2024-11-02 22:31:46 [org.springframework.kafka.KafkaListenerEndpointContainer#1-0-C-1] INFO  o.apache.kafka.clients.NetworkClient - [Consumer clientId=consumer-group-1-5, groupId=group-1] Node -1 disconnected.
2024-11-02 22:31:46 [org.springframework.kafka.KafkaListenerEndpointContainer#1-0-C-1] WARN  o.apache.kafka.clients.NetworkClient - [Consumer clientId=consumer-group-1-5, groupId=group-1] Connection to node -1 (localhost/127.0.0.1:9092) could not be established. Broker may not be available.
2024-11-02 22:31:46 [org.springframework.kafka.KafkaListenerEndpointContainer#1-0-C-1] WARN  o.apache.kafka.clients.NetworkClient - [Consumer clientId=consumer-group-1-5, groupId=group-1] Bootstrap broker localhost:9092 (id: -1 rack: null) disconnected
2024-11-02 22:31:46 [investment-topic-0-C-1] INFO  o.apache.kafka.clients.NetworkClient - [Consumer clientId=consumer-investment-topic-1, groupId=investment-topic] Node -1 disconnected.
2024-11-02 22:31:46 [investment-topic-0-C-1] WARN  o.apache.kafka.clients.NetworkClient - [Consumer clientId=consumer-investment-topic-1, groupId=investment-topic] Connection to node -1 (localhost/127.0.0.1:9092) could not be established. Broker may not be available.
2024-11-02 22:31:46 [investment-topic-0-C-1] WARN  o.apache.kafka.clients.NetworkClient - [Consumer clientId=consumer-investment-topic-1, groupId=investment-topic] Bootstrap broker localhost:9092 (id: -1 rack: null) disconnected
2024-11-02 22:31:46 [investment-topic-1-C-1] INFO  o.apache.kafka.clients.NetworkClient - [Consumer clientId=consumer-investment-topic-2, groupId=investment-topic] Node -1 disconnected.
2024-11-02 22:31:46 [investment-topic-1-C-1] WARN  o.apache.kafka.clients.NetworkClient - [Consumer clientId=consumer-investment-topic-2, groupId=investment-topic] Connection to node -1 (localhost/127.0.0.1:9092) could not be established. Broker may not be available.
2024-11-02 22:31:46 [investment-topic-1-C-1] WARN  o.apache.kafka.clients.NetworkClient - [Consumer clientId=consumer-investment-topic-2, groupId=investment-topic] Bootstrap broker localhost:9092 (id: -1 rack: null) disconnected
2024-11-02 22:31:46 [org.springframework.kafka.KafkaListenerEndpointContainer#0-0-C-1] INFO  o.apache.kafka.clients.NetworkClient - [Consumer clientId=consumer-group-1-3, groupId=group-1] Node -1 disconnected.
2024-11-02 22:31:46 [org.springframework.kafka.KafkaListenerEndpointContainer#0-0-C-1] WARN  o.apache.kafka.clients.NetworkClient - [Consumer clientId=consumer-group-1-3, groupId=group-1] Connection to node -1 (localhost/127.0.0.1:9092) could not be established. Broker may not be available.
2024-11-02 22:31:46 [org.springframework.kafka.KafkaListenerEndpointContainer#0-0-C-1] WARN  o.apache.kafka.clients.NetworkClient - [Consumer clientId=consumer-group-1-3, groupId=group-1] Bootstrap broker localhost:9092 (id: -1 rack: null) disconnected
2024-11-02 22:31:46 [org.springframework.kafka.KafkaListenerEndpointContainer#1-1-C-1] INFO  o.apache.kafka.clients.NetworkClient - [Consumer clientId=consumer-group-1-6, groupId=group-1] Node -1 disconnected.
2024-11-02 22:31:46 [org.springframework.kafka.KafkaListenerEndpointContainer#1-1-C-1] WARN  o.apache.kafka.clients.NetworkClient - [Consumer clientId=consumer-group-1-6, groupId=group-1] Connection to node -1 (localhost/127.0.0.1:9092) could not be established. Broker may not be available.
2024-11-02 22:31:46 [org.springframework.kafka.KafkaListenerEndpointContainer#1-1-C-1] WARN  o.apache.kafka.clients.NetworkClient - [Consumer clientId=consumer-group-1-6, groupId=group-1] Bootstrap broker localhost:9092 (id: -1 rack: null) disconnected
2024-11-02 22:31:47 [org.springframework.kafka.KafkaListenerEndpointContainer#0-1-C-1] INFO  o.apache.kafka.clients.NetworkClient - [Consumer clientId=consumer-group-1-4, groupId=group-1] Node -1 disconnected.
2024-11-02 22:31:47 [org.springframework.kafka.KafkaListenerEndpointContainer#0-1-C-1] WARN  o.apache.kafka.clients.NetworkClient - [Consumer clientId=consumer-group-1-4, groupId=group-1] Connection to node -1 (localhost/127.0.0.1:9092) could not be established. Broker may not be available.
2024-11-02 22:31:47 [org.springframework.kafka.KafkaListenerEndpointContainer#0-1-C-1] WARN  o.apache.kafka.clients.NetworkClient - [Consumer clientId=consumer-group-1-4, groupId=group-1] Bootstrap broker localhost:9092 (id: -1 rack: null) disconnected
2024-11-02 22:31:47 [investment-topic-0-C-1] INFO  o.apache.kafka.clients.NetworkClient - [Consumer clientId=consumer-investment-topic-1, groupId=investment-topic] Node -1 disconnected.
2024-11-02 22:31:47 [investment-topic-0-C-1] WARN  o.apache.kafka.clients.NetworkClient - [Consumer clientId=consumer-investment-topic-1, groupId=investment-topic] Connection to node -1 (localhost/127.0.0.1:9092) could not be established. Broker may not be available.
2024-11-02 22:31:47 [investment-topic-0-C-1] WARN  o.apache.kafka.clients.NetworkClient - [Consumer clientId=consumer-investment-topic-1, groupId=investment-topic] Bootstrap broker localhost:9092 (id: -1 rack: null) disconnected
2024-11-02 22:31:47 [org.springframework.kafka.KafkaListenerEndpointContainer#1-0-C-1] INFO  o.apache.kafka.clients.NetworkClient - [Consumer clientId=consumer-group-1-5, groupId=group-1] Node -1 disconnected.
2024-11-02 22:31:47 [org.springframework.kafka.KafkaListenerEndpointContainer#1-0-C-1] WARN  o.apache.kafka.clients.NetworkClient - [Consumer clientId=consumer-group-1-5, groupId=group-1] Connection to node -1 (localhost/127.0.0.1:9092) could not be established. Broker may not be available.
2024-11-02 22:31:47 [org.springframework.kafka.KafkaListenerEndpointContainer#1-0-C-1] WARN  o.apache.kafka.clients.NetworkClient - [Consumer clientId=consumer-group-1-5, groupId=group-1] Bootstrap broker localhost:9092 (id: -1 rack: null) disconnected
2024-11-02 22:31:47 [investment-topic-1-C-1] INFO  o.apache.kafka.clients.NetworkClient - [Consumer clientId=consumer-investment-topic-2, groupId=investment-topic] Node -1 disconnected.
2024-11-02 22:31:47 [investment-topic-1-C-1] WARN  o.apache.kafka.clients.NetworkClient - [Consumer clientId=consumer-investment-topic-2, groupId=investment-topic] Connection to node -1 (localhost/127.0.0.1:9092) could not be established. Broker may not be available.
2024-11-02 22:31:47 [investment-topic-1-C-1] WARN  o.apache.kafka.clients.NetworkClient - [Consumer clientId=consumer-investment-topic-2, groupId=investment-topic] Bootstrap broker localhost:9092 (id: -1 rack: null) disconnected
2024-11-02 22:31:47 [org.springframework.kafka.KafkaListenerEndpointContainer#0-0-C-1] INFO  o.apache.kafka.clients.NetworkClient - [Consumer clientId=consumer-group-1-3, groupId=group-1] Node -1 disconnected.
2024-11-02 22:31:47 [org.springframework.kafka.KafkaListenerEndpointContainer#0-0-C-1] WARN  o.apache.kafka.clients.NetworkClient - [Consumer clientId=consumer-group-1-3, groupId=group-1] Connection to node -1 (localhost/127.0.0.1:9092) could not be established. Broker may not be available.
2024-11-02 22:31:47 [org.springframework.kafka.KafkaListenerEndpointContainer#0-0-C-1] WARN  o.apache.kafka.clients.NetworkClient - [Consumer clientId=consumer-group-1-3, groupId=group-1] Bootstrap broker localhost:9092 (id: -1 rack: null) disconnected
2024-11-02 22:31:47 [investment-topic-0-C-1] INFO  o.apache.kafka.clients.NetworkClient - [Consumer clientId=consumer-investment-topic-1, groupId=investment-topic] Node -1 disconnected.
2024-11-02 22:31:47 [investment-topic-0-C-1] WARN  o.apache.kafka.clients.NetworkClient - [Consumer clientId=consumer-investment-topic-1, groupId=investment-topic] Connection to node -1 (localhost/127.0.0.1:9092) could not be established. Broker may not be available.
2024-11-02 22:31:47 [investment-topic-0-C-1] WARN  o.apache.kafka.clients.NetworkClient - [Consumer clientId=consumer-investment-topic-1, groupId=investment-topic] Bootstrap broker localhost:9092 (id: -1 rack: null) disconnected
2024-11-02 22:31:48 [org.springframework.kafka.KafkaListenerEndpointContainer#1-1-C-1] INFO  o.apache.kafka.clients.NetworkClient - [Consumer clientId=consumer-group-1-6, groupId=group-1] Node -1 disconnected.
2024-11-02 22:31:48 [org.springframework.kafka.KafkaListenerEndpointContainer#1-1-C-1] WARN  o.apache.kafka.clients.NetworkClient - [Consumer clientId=consumer-group-1-6, groupId=group-1] Connection to node -1 (localhost/127.0.0.1:9092) could not be established. Broker may not be available.
2024-11-02 22:31:48 [org.springframework.kafka.KafkaListenerEndpointContainer#1-1-C-1] WARN  o.apache.kafka.clients.NetworkClient - [Consumer clientId=consumer-group-1-6, groupId=group-1] Bootstrap broker localhost:9092 (id: -1 rack: null) disconnected
2024-11-02 22:31:48 [org.springframework.kafka.KafkaListenerEndpointContainer#0-1-C-1] INFO  o.apache.kafka.clients.NetworkClient - [Consumer clientId=consumer-group-1-4, groupId=group-1] Node -1 disconnected.
2024-11-02 22:31:48 [org.springframework.kafka.KafkaListenerEndpointContainer#0-1-C-1] WARN  o.apache.kafka.clients.NetworkClient - [Consumer clientId=consumer-group-1-4, groupId=group-1] Connection to node -1 (localhost/127.0.0.1:9092) could not be established. Broker may not be available.
2024-11-02 22:31:48 [org.springframework.kafka.KafkaListenerEndpointContainer#0-1-C-1] WARN  o.apache.kafka.clients.NetworkClient - [Consumer clientId=consumer-group-1-4, groupId=group-1] Bootstrap broker localhost:9092 (id: -1 rack: null) disconnected
2024-11-02 22:31:48 [org.springframework.kafka.KafkaListenerEndpointContainer#1-0-C-1] INFO  o.apache.kafka.clients.NetworkClient - [Consumer clientId=consumer-group-1-5, groupId=group-1] Node -1 disconnected.
2024-11-02 22:31:48 [org.springframework.kafka.KafkaListenerEndpointContainer#1-0-C-1] WARN  o.apache.kafka.clients.NetworkClient - [Consumer clientId=consumer-group-1-5, groupId=group-1] Connection to node -1 (localhost/127.0.0.1:9092) could not be established. Broker may not be available.
2024-11-02 22:31:48 [org.springframework.kafka.KafkaListenerEndpointContainer#1-0-C-1] WARN  o.apache.kafka.clients.NetworkClient - [Consumer clientId=consumer-group-1-5, groupId=group-1] Bootstrap broker localhost:9092 (id: -1 rack: null) disconnected
2024-11-02 22:31:48 [investment-topic-1-C-1] INFO  o.apache.kafka.clients.NetworkClient - [Consumer clientId=consumer-investment-topic-2, groupId=investment-topic] Node -1 disconnected.
2024-11-02 22:31:48 [investment-topic-1-C-1] WARN  o.apache.kafka.clients.NetworkClient - [Consumer clientId=consumer-investment-topic-2, groupId=investment-topic] Connection to node -1 (localhost/127.0.0.1:9092) could not be established. Broker may not be available.
2024-11-02 22:31:48 [investment-topic-1-C-1] WARN  o.apache.kafka.clients.NetworkClient - [Consumer clientId=consumer-investment-topic-2, groupId=investment-topic] Bootstrap broker localhost:9092 (id: -1 rack: null) disconnected
2024-11-02 22:31:48 [org.springframework.kafka.KafkaListenerEndpointContainer#0-0-C-1] INFO  o.apache.kafka.clients.NetworkClient - [Consumer clientId=consumer-group-1-3, groupId=group-1] Node -1 disconnected.
2024-11-02 22:31:48 [org.springframework.kafka.KafkaListenerEndpointContainer#0-0-C-1] WARN  o.apache.kafka.clients.NetworkClient - [Consumer clientId=consumer-group-1-3, groupId=group-1] Connection to node -1 (localhost/127.0.0.1:9092) could not be established. Broker may not be available.
2024-11-02 22:31:48 [org.springframework.kafka.KafkaListenerEndpointContainer#0-0-C-1] WARN  o.apache.kafka.clients.NetworkClient - [Consumer clientId=consumer-group-1-3, groupId=group-1] Bootstrap broker localhost:9092 (id: -1 rack: null) disconnected
2024-11-02 22:31:49 [investment-topic-0-C-1] INFO  o.apache.kafka.clients.NetworkClient - [Consumer clientId=consumer-investment-topic-1, groupId=investment-topic] Node -1 disconnected.
2024-11-02 22:31:49 [investment-topic-0-C-1] WARN  o.apache.kafka.clients.NetworkClient - [Consumer clientId=consumer-investment-topic-1, groupId=investment-topic] Connection to node -1 (localhost/127.0.0.1:9092) could not be established. Broker may not be available.
2024-11-02 22:31:49 [investment-topic-0-C-1] WARN  o.apache.kafka.clients.NetworkClient - [Consumer clientId=consumer-investment-topic-1, groupId=investment-topic] Bootstrap broker localhost:9092 (id: -1 rack: null) disconnected
2024-11-02 22:31:49 [org.springframework.kafka.KafkaListenerEndpointContainer#1-1-C-1] INFO  o.apache.kafka.clients.NetworkClient - [Consumer clientId=consumer-group-1-6, groupId=group-1] Node -1 disconnected.
2024-11-02 22:31:49 [org.springframework.kafka.KafkaListenerEndpointContainer#1-1-C-1] WARN  o.apache.kafka.clients.NetworkClient - [Consumer clientId=consumer-group-1-6, groupId=group-1] Connection to node -1 (localhost/127.0.0.1:9092) could not be established. Broker may not be available.
2024-11-02 22:31:49 [org.springframework.kafka.KafkaListenerEndpointContainer#1-1-C-1] WARN  o.apache.kafka.clients.NetworkClient - [Consumer clientId=consumer-group-1-6, groupId=group-1] Bootstrap broker localhost:9092 (id: -1 rack: null) disconnected
2024-11-02 22:31:49 [org.springframework.kafka.KafkaListenerEndpointContainer#0-1-C-1] INFO  o.apache.kafka.clients.NetworkClient - [Consumer clientId=consumer-group-1-4, groupId=group-1] Node -1 disconnected.
2024-11-02 22:31:49 [org.springframework.kafka.KafkaListenerEndpointContainer#0-1-C-1] WARN  o.apache.kafka.clients.NetworkClient - [Consumer clientId=consumer-group-1-4, groupId=group-1] Connection to node -1 (localhost/127.0.0.1:9092) could not be established. Broker may not be available.
2024-11-02 22:31:49 [org.springframework.kafka.KafkaListenerEndpointContainer#0-1-C-1] WARN  o.apache.kafka.clients.NetworkClient - [Consumer clientId=consumer-group-1-4, groupId=group-1] Bootstrap broker localhost:9092 (id: -1 rack: null) disconnected
2024-11-02 22:31:49 [org.springframework.kafka.KafkaListenerEndpointContainer#1-0-C-1] INFO  o.apache.kafka.clients.NetworkClient - [Consumer clientId=consumer-group-1-5, groupId=group-1] Node -1 disconnected.
2024-11-02 22:31:49 [org.springframework.kafka.KafkaListenerEndpointContainer#1-0-C-1] WARN  o.apache.kafka.clients.NetworkClient - [Consumer clientId=consumer-group-1-5, groupId=group-1] Connection to node -1 (localhost/127.0.0.1:9092) could not be established. Broker may not be available.
2024-11-02 22:31:49 [org.springframework.kafka.KafkaListenerEndpointContainer#1-0-C-1] WARN  o.apache.kafka.clients.NetworkClient - [Consumer clientId=consumer-group-1-5, groupId=group-1] Bootstrap broker localhost:9092 (id: -1 rack: null) disconnected
2024-11-02 22:31:49 [investment-topic-1-C-1] INFO  o.apache.kafka.clients.NetworkClient - [Consumer clientId=consumer-investment-topic-2, groupId=investment-topic] Node -1 disconnected.
2024-11-02 22:31:49 [investment-topic-1-C-1] WARN  o.apache.kafka.clients.NetworkClient - [Consumer clientId=consumer-investment-topic-2, groupId=investment-topic] Connection to node -1 (localhost/127.0.0.1:9092) could not be established. Broker may not be available.
2024-11-02 22:31:49 [investment-topic-1-C-1] WARN  o.apache.kafka.clients.NetworkClient - [Consumer clientId=consumer-investment-topic-2, groupId=investment-topic] Bootstrap broker localhost:9092 (id: -1 rack: null) disconnected
2024-11-02 22:31:49 [org.springframework.kafka.KafkaListenerEndpointContainer#0-0-C-1] INFO  o.apache.kafka.clients.NetworkClient - [Consumer clientId=consumer-group-1-3, groupId=group-1] Node -1 disconnected.
2024-11-02 22:31:49 [org.springframework.kafka.KafkaListenerEndpointContainer#0-0-C-1] WARN  o.apache.kafka.clients.NetworkClient - [Consumer clientId=consumer-group-1-3, groupId=group-1] Connection to node -1 (localhost/127.0.0.1:9092) could not be established. Broker may not be available.
2024-11-02 22:31:49 [org.springframework.kafka.KafkaListenerEndpointContainer#0-0-C-1] WARN  o.apache.kafka.clients.NetworkClient - [Consumer clientId=consumer-group-1-3, groupId=group-1] Bootstrap broker localhost:9092 (id: -1 rack: null) disconnected
2024-11-02 22:31:50 [investment-topic-0-C-1] INFO  o.apache.kafka.clients.NetworkClient - [Consumer clientId=consumer-investment-topic-1, groupId=investment-topic] Node -1 disconnected.
2024-11-02 22:31:50 [investment-topic-0-C-1] WARN  o.apache.kafka.clients.NetworkClient - [Consumer clientId=consumer-investment-topic-1, groupId=investment-topic] Connection to node -1 (localhost/127.0.0.1:9092) could not be established. Broker may not be available.
2024-11-02 22:31:50 [investment-topic-0-C-1] WARN  o.apache.kafka.clients.NetworkClient - [Consumer clientId=consumer-investment-topic-1, groupId=investment-topic] Bootstrap broker localhost:9092 (id: -1 rack: null) disconnected
2024-11-02 22:31:50 [org.springframework.kafka.KafkaListenerEndpointContainer#1-1-C-1] INFO  o.apache.kafka.clients.NetworkClient - [Consumer clientId=consumer-group-1-6, groupId=group-1] Node -1 disconnected.
2024-11-02 22:31:50 [org.springframework.kafka.KafkaListenerEndpointContainer#1-1-C-1] WARN  o.apache.kafka.clients.NetworkClient - [Consumer clientId=consumer-group-1-6, groupId=group-1] Connection to node -1 (localhost/127.0.0.1:9092) could not be established. Broker may not be available.
2024-11-02 22:31:50 [org.springframework.kafka.KafkaListenerEndpointContainer#1-1-C-1] WARN  o.apache.kafka.clients.NetworkClient - [Consumer clientId=consumer-group-1-6, groupId=group-1] Bootstrap broker localhost:9092 (id: -1 rack: null) disconnected
2024-11-02 22:31:50 [org.springframework.kafka.KafkaListenerEndpointContainer#0-1-C-1] INFO  o.apache.kafka.clients.NetworkClient - [Consumer clientId=consumer-group-1-4, groupId=group-1] Node -1 disconnected.
2024-11-02 22:31:50 [org.springframework.kafka.KafkaListenerEndpointContainer#0-1-C-1] WARN  o.apache.kafka.clients.NetworkClient - [Consumer clientId=consumer-group-1-4, groupId=group-1] Connection to node -1 (localhost/127.0.0.1:9092) could not be established. Broker may not be available.
2024-11-02 22:31:50 [org.springframework.kafka.KafkaListenerEndpointContainer#0-1-C-1] WARN  o.apache.kafka.clients.NetworkClient - [Consumer clientId=consumer-group-1-4, groupId=group-1] Bootstrap broker localhost:9092 (id: -1 rack: null) disconnected
2024-11-02 22:31:50 [org.springframework.kafka.KafkaListenerEndpointContainer#1-0-C-1] INFO  o.apache.kafka.clients.NetworkClient - [Consumer clientId=consumer-group-1-5, groupId=group-1] Node -1 disconnected.
2024-11-02 22:31:50 [org.springframework.kafka.KafkaListenerEndpointContainer#1-0-C-1] WARN  o.apache.kafka.clients.NetworkClient - [Consumer clientId=consumer-group-1-5, groupId=group-1] Connection to node -1 (localhost/127.0.0.1:9092) could not be established. Broker may not be available.
2024-11-02 22:31:50 [org.springframework.kafka.KafkaListenerEndpointContainer#1-0-C-1] WARN  o.apache.kafka.clients.NetworkClient - [Consumer clientId=consumer-group-1-5, groupId=group-1] Bootstrap broker localhost:9092 (id: -1 rack: null) disconnected
2024-11-02 22:31:50 [org.springframework.kafka.KafkaListenerEndpointContainer#0-0-C-1] INFO  o.apache.kafka.clients.NetworkClient - [Consumer clientId=consumer-group-1-3, groupId=group-1] Node -1 disconnected.
2024-11-02 22:31:50 [org.springframework.kafka.KafkaListenerEndpointContainer#0-0-C-1] WARN  o.apache.kafka.clients.NetworkClient - [Consumer clientId=consumer-group-1-3, groupId=group-1] Connection to node -1 (localhost/127.0.0.1:9092) could not be established. Broker may not be available.
2024-11-02 22:31:50 [org.springframework.kafka.KafkaListenerEndpointContainer#0-0-C-1] WARN  o.apache.kafka.clients.NetworkClient - [Consumer clientId=consumer-group-1-3, groupId=group-1] Bootstrap broker localhost:9092 (id: -1 rack: null) disconnected
2024-11-02 22:31:50 [investment-topic-1-C-1] INFO  o.apache.kafka.clients.NetworkClient - [Consumer clientId=consumer-investment-topic-2, groupId=investment-topic] Node -1 disconnected.
2024-11-02 22:31:50 [investment-topic-1-C-1] WARN  o.apache.kafka.clients.NetworkClient - [Consumer clientId=consumer-investment-topic-2, groupId=investment-topic] Connection to node -1 (localhost/127.0.0.1:9092) could not be established. Broker may not be available.
2024-11-02 22:31:50 [investment-topic-1-C-1] WARN  o.apache.kafka.clients.NetworkClient - [Consumer clientId=consumer-investment-topic-2, groupId=investment-topic] Bootstrap broker localhost:9092 (id: -1 rack: null) disconnected
2024-11-02 22:31:51 [investment-topic-0-C-1] INFO  o.apache.kafka.clients.NetworkClient - [Consumer clientId=consumer-investment-topic-1, groupId=investment-topic] Node -1 disconnected.
2024-11-02 22:31:51 [investment-topic-0-C-1] WARN  o.apache.kafka.clients.NetworkClient - [Consumer clientId=consumer-investment-topic-1, groupId=investment-topic] Connection to node -1 (localhost/127.0.0.1:9092) could not be established. Broker may not be available.
2024-11-02 22:31:51 [investment-topic-0-C-1] WARN  o.apache.kafka.clients.NetworkClient - [Consumer clientId=consumer-investment-topic-1, groupId=investment-topic] Bootstrap broker localhost:9092 (id: -1 rack: null) disconnected
2024-11-02 22:31:51 [org.springframework.kafka.KafkaListenerEndpointContainer#0-1-C-1] INFO  o.apache.kafka.clients.NetworkClient - [Consumer clientId=consumer-group-1-4, groupId=group-1] Node -1 disconnected.
2024-11-02 22:31:51 [org.springframework.kafka.KafkaListenerEndpointContainer#0-1-C-1] WARN  o.apache.kafka.clients.NetworkClient - [Consumer clientId=consumer-group-1-4, groupId=group-1] Connection to node -1 (localhost/127.0.0.1:9092) could not be established. Broker may not be available.
2024-11-02 22:31:51 [org.springframework.kafka.KafkaListenerEndpointContainer#0-1-C-1] WARN  o.apache.kafka.clients.NetworkClient - [Consumer clientId=consumer-group-1-4, groupId=group-1] Bootstrap broker localhost:9092 (id: -1 rack: null) disconnected
2024-11-02 22:31:51 [org.springframework.kafka.KafkaListenerEndpointContainer#1-1-C-1] INFO  o.apache.kafka.clients.NetworkClient - [Consumer clientId=consumer-group-1-6, groupId=group-1] Node -1 disconnected.
2024-11-02 22:31:51 [org.springframework.kafka.KafkaListenerEndpointContainer#1-0-C-1] INFO  o.apache.kafka.clients.NetworkClient - [Consumer clientId=consumer-group-1-5, groupId=group-1] Node -1 disconnected.
2024-11-02 22:31:51 [org.springframework.kafka.KafkaListenerEndpointContainer#1-0-C-1] WARN  o.apache.kafka.clients.NetworkClient - [Consumer clientId=consumer-group-1-5, groupId=group-1] Connection to node -1 (localhost/127.0.0.1:9092) could not be established. Broker may not be available.
2024-11-02 22:31:51 [org.springframework.kafka.KafkaListenerEndpointContainer#1-1-C-1] WARN  o.apache.kafka.clients.NetworkClient - [Consumer clientId=consumer-group-1-6, groupId=group-1] Connection to node -1 (localhost/127.0.0.1:9092) could not be established. Broker may not be available.
2024-11-02 22:31:51 [org.springframework.kafka.KafkaListenerEndpointContainer#1-0-C-1] WARN  o.apache.kafka.clients.NetworkClient - [Consumer clientId=consumer-group-1-5, groupId=group-1] Bootstrap broker localhost:9092 (id: -1 rack: null) disconnected
2024-11-02 22:31:51 [org.springframework.kafka.KafkaListenerEndpointContainer#1-1-C-1] WARN  o.apache.kafka.clients.NetworkClient - [Consumer clientId=consumer-group-1-6, groupId=group-1] Bootstrap broker localhost:9092 (id: -1 rack: null) disconnected
2024-11-02 22:31:51 [org.springframework.kafka.KafkaListenerEndpointContainer#0-0-C-1] INFO  o.apache.kafka.clients.NetworkClient - [Consumer clientId=consumer-group-1-3, groupId=group-1] Node -1 disconnected.
2024-11-02 22:31:51 [org.springframework.kafka.KafkaListenerEndpointContainer#0-0-C-1] WARN  o.apache.kafka.clients.NetworkClient - [Consumer clientId=consumer-group-1-3, groupId=group-1] Connection to node -1 (localhost/127.0.0.1:9092) could not be established. Broker may not be available.
2024-11-02 22:31:51 [org.springframework.kafka.KafkaListenerEndpointContainer#0-0-C-1] WARN  o.apache.kafka.clients.NetworkClient - [Consumer clientId=consumer-group-1-3, groupId=group-1] Bootstrap broker localhost:9092 (id: -1 rack: null) disconnected
2024-11-02 22:31:51 [investment-topic-1-C-1] INFO  o.apache.kafka.clients.NetworkClient - [Consumer clientId=consumer-investment-topic-2, groupId=investment-topic] Node -1 disconnected.
2024-11-02 22:31:51 [investment-topic-1-C-1] WARN  o.apache.kafka.clients.NetworkClient - [Consumer clientId=consumer-investment-topic-2, groupId=investment-topic] Connection to node -1 (localhost/127.0.0.1:9092) could not be established. Broker may not be available.
2024-11-02 22:31:51 [investment-topic-1-C-1] WARN  o.apache.kafka.clients.NetworkClient - [Consumer clientId=consumer-investment-topic-2, groupId=investment-topic] Bootstrap broker localhost:9092 (id: -1 rack: null) disconnected
2024-11-02 22:31:52 [investment-topic-0-C-1] INFO  o.apache.kafka.clients.NetworkClient - [Consumer clientId=consumer-investment-topic-1, groupId=investment-topic] Node -1 disconnected.
2024-11-02 22:31:52 [investment-topic-0-C-1] WARN  o.apache.kafka.clients.NetworkClient - [Consumer clientId=consumer-investment-topic-1, groupId=investment-topic] Connection to node -1 (localhost/127.0.0.1:9092) could not be established. Broker may not be available.
2024-11-02 22:31:52 [investment-topic-0-C-1] WARN  o.apache.kafka.clients.NetworkClient - [Consumer clientId=consumer-investment-topic-1, groupId=investment-topic] Bootstrap broker localhost:9092 (id: -1 rack: null) disconnected
2024-11-02 22:31:52 [org.springframework.kafka.KafkaListenerEndpointContainer#0-1-C-1] INFO  o.apache.kafka.clients.NetworkClient - [Consumer clientId=consumer-group-1-4, groupId=group-1] Node -1 disconnected.
2024-11-02 22:31:52 [org.springframework.kafka.KafkaListenerEndpointContainer#0-1-C-1] WARN  o.apache.kafka.clients.NetworkClient - [Consumer clientId=consumer-group-1-4, groupId=group-1] Connection to node -1 (localhost/127.0.0.1:9092) could not be established. Broker may not be available.
2024-11-02 22:31:52 [org.springframework.kafka.KafkaListenerEndpointContainer#0-1-C-1] WARN  o.apache.kafka.clients.NetworkClient - [Consumer clientId=consumer-group-1-4, groupId=group-1] Bootstrap broker localhost:9092 (id: -1 rack: null) disconnected
2024-11-02 22:31:52 [org.springframework.kafka.KafkaListenerEndpointContainer#1-0-C-1] INFO  o.apache.kafka.clients.NetworkClient - [Consumer clientId=consumer-group-1-5, groupId=group-1] Node -1 disconnected.
2024-11-02 22:31:52 [org.springframework.kafka.KafkaListenerEndpointContainer#1-1-C-1] INFO  o.apache.kafka.clients.NetworkClient - [Consumer clientId=consumer-group-1-6, groupId=group-1] Node -1 disconnected.
2024-11-02 22:31:52 [org.springframework.kafka.KafkaListenerEndpointContainer#1-0-C-1] WARN  o.apache.kafka.clients.NetworkClient - [Consumer clientId=consumer-group-1-5, groupId=group-1] Connection to node -1 (localhost/127.0.0.1:9092) could not be established. Broker may not be available.
2024-11-02 22:31:52 [org.springframework.kafka.KafkaListenerEndpointContainer#1-1-C-1] WARN  o.apache.kafka.clients.NetworkClient - [Consumer clientId=consumer-group-1-6, groupId=group-1] Connection to node -1 (localhost/127.0.0.1:9092) could not be established. Broker may not be available.
2024-11-02 22:31:52 [org.springframework.kafka.KafkaListenerEndpointContainer#1-0-C-1] WARN  o.apache.kafka.clients.NetworkClient - [Consumer clientId=consumer-group-1-5, groupId=group-1] Bootstrap broker localhost:9092 (id: -1 rack: null) disconnected
2024-11-02 22:31:52 [org.springframework.kafka.KafkaListenerEndpointContainer#1-1-C-1] WARN  o.apache.kafka.clients.NetworkClient - [Consumer clientId=consumer-group-1-6, groupId=group-1] Bootstrap broker localhost:9092 (id: -1 rack: null) disconnected
2024-11-02 22:31:52 [org.springframework.kafka.KafkaListenerEndpointContainer#0-0-C-1] INFO  o.apache.kafka.clients.NetworkClient - [Consumer clientId=consumer-group-1-3, groupId=group-1] Node -1 disconnected.
2024-11-02 22:31:52 [org.springframework.kafka.KafkaListenerEndpointContainer#0-0-C-1] WARN  o.apache.kafka.clients.NetworkClient - [Consumer clientId=consumer-group-1-3, groupId=group-1] Connection to node -1 (localhost/127.0.0.1:9092) could not be established. Broker may not be available.
2024-11-02 22:31:52 [org.springframework.kafka.KafkaListenerEndpointContainer#0-0-C-1] WARN  o.apache.kafka.clients.NetworkClient - [Consumer clientId=consumer-group-1-3, groupId=group-1] Bootstrap broker localhost:9092 (id: -1 rack: null) disconnected
2024-11-02 22:31:52 [investment-topic-1-C-1] INFO  o.apache.kafka.clients.NetworkClient - [Consumer clientId=consumer-investment-topic-2, groupId=investment-topic] Node -1 disconnected.
2024-11-02 22:31:52 [investment-topic-1-C-1] WARN  o.apache.kafka.clients.NetworkClient - [Consumer clientId=consumer-investment-topic-2, groupId=investment-topic] Connection to node -1 (localhost/127.0.0.1:9092) could not be established. Broker may not be available.
2024-11-02 22:31:52 [investment-topic-1-C-1] WARN  o.apache.kafka.clients.NetworkClient - [Consumer clientId=consumer-investment-topic-2, groupId=investment-topic] Bootstrap broker localhost:9092 (id: -1 rack: null) disconnected
2024-11-02 22:31:53 [org.springframework.kafka.KafkaListenerEndpointContainer#0-1-C-1] INFO  o.apache.kafka.clients.NetworkClient - [Consumer clientId=consumer-group-1-4, groupId=group-1] Node -1 disconnected.
2024-11-02 22:31:53 [org.springframework.kafka.KafkaListenerEndpointContainer#0-1-C-1] WARN  o.apache.kafka.clients.NetworkClient - [Consumer clientId=consumer-group-1-4, groupId=group-1] Connection to node -1 (localhost/127.0.0.1:9092) could not be established. Broker may not be available.
2024-11-02 22:31:53 [org.springframework.kafka.KafkaListenerEndpointContainer#0-1-C-1] WARN  o.apache.kafka.clients.NetworkClient - [Consumer clientId=consumer-group-1-4, groupId=group-1] Bootstrap broker localhost:9092 (id: -1 rack: null) disconnected
2024-11-02 22:31:53 [investment-topic-0-C-1] INFO  o.apache.kafka.clients.NetworkClient - [Consumer clientId=consumer-investment-topic-1, groupId=investment-topic] Node -1 disconnected.
2024-11-02 22:31:53 [investment-topic-0-C-1] WARN  o.apache.kafka.clients.NetworkClient - [Consumer clientId=consumer-investment-topic-1, groupId=investment-topic] Connection to node -1 (localhost/127.0.0.1:9092) could not be established. Broker may not be available.
2024-11-02 22:31:53 [investment-topic-0-C-1] WARN  o.apache.kafka.clients.NetworkClient - [Consumer clientId=consumer-investment-topic-1, groupId=investment-topic] Bootstrap broker localhost:9092 (id: -1 rack: null) disconnected
2024-11-02 22:31:53 [org.springframework.kafka.KafkaListenerEndpointContainer#1-0-C-1] INFO  o.apache.kafka.clients.NetworkClient - [Consumer clientId=consumer-group-1-5, groupId=group-1] Node -1 disconnected.
2024-11-02 22:31:53 [org.springframework.kafka.KafkaListenerEndpointContainer#1-0-C-1] WARN  o.apache.kafka.clients.NetworkClient - [Consumer clientId=consumer-group-1-5, groupId=group-1] Connection to node -1 (localhost/127.0.0.1:9092) could not be established. Broker may not be available.
2024-11-02 22:31:53 [org.springframework.kafka.KafkaListenerEndpointContainer#1-0-C-1] WARN  o.apache.kafka.clients.NetworkClient - [Consumer clientId=consumer-group-1-5, groupId=group-1] Bootstrap broker localhost:9092 (id: -1 rack: null) disconnected
2024-11-02 22:31:53 [org.springframework.kafka.KafkaListenerEndpointContainer#1-1-C-1] INFO  o.apache.kafka.clients.NetworkClient - [Consumer clientId=consumer-group-1-6, groupId=group-1] Node -1 disconnected.
2024-11-02 22:31:53 [org.springframework.kafka.KafkaListenerEndpointContainer#1-1-C-1] WARN  o.apache.kafka.clients.NetworkClient - [Consumer clientId=consumer-group-1-6, groupId=group-1] Connection to node -1 (localhost/127.0.0.1:9092) could not be established. Broker may not be available.
2024-11-02 22:31:53 [org.springframework.kafka.KafkaListenerEndpointContainer#1-1-C-1] WARN  o.apache.kafka.clients.NetworkClient - [Consumer clientId=consumer-group-1-6, groupId=group-1] Bootstrap broker localhost:9092 (id: -1 rack: null) disconnected
2024-11-02 22:31:53 [org.springframework.kafka.KafkaListenerEndpointContainer#0-0-C-1] INFO  o.apache.kafka.clients.NetworkClient - [Consumer clientId=consumer-group-1-3, groupId=group-1] Node -1 disconnected.
2024-11-02 22:31:53 [org.springframework.kafka.KafkaListenerEndpointContainer#0-0-C-1] WARN  o.apache.kafka.clients.NetworkClient - [Consumer clientId=consumer-group-1-3, groupId=group-1] Connection to node -1 (localhost/127.0.0.1:9092) could not be established. Broker may not be available.
2024-11-02 22:31:53 [org.springframework.kafka.KafkaListenerEndpointContainer#0-0-C-1] WARN  o.apache.kafka.clients.NetworkClient - [Consumer clientId=consumer-group-1-3, groupId=group-1] Bootstrap broker localhost:9092 (id: -1 rack: null) disconnected
2024-11-02 22:31:53 [investment-topic-1-C-1] INFO  o.apache.kafka.clients.NetworkClient - [Consumer clientId=consumer-investment-topic-2, groupId=investment-topic] Node -1 disconnected.
2024-11-02 22:31:53 [investment-topic-1-C-1] WARN  o.apache.kafka.clients.NetworkClient - [Consumer clientId=consumer-investment-topic-2, groupId=investment-topic] Connection to node -1 (localhost/127.0.0.1:9092) could not be established. Broker may not be available.
2024-11-02 22:31:53 [investment-topic-1-C-1] WARN  o.apache.kafka.clients.NetworkClient - [Consumer clientId=consumer-investment-topic-2, groupId=investment-topic] Bootstrap broker localhost:9092 (id: -1 rack: null) disconnected
2024-11-02 22:31:54 [org.springframework.kafka.KafkaListenerEndpointContainer#0-1-C-1] INFO  o.apache.kafka.clients.NetworkClient - [Consumer clientId=consumer-group-1-4, groupId=group-1] Node -1 disconnected.
2024-11-02 22:31:54 [org.springframework.kafka.KafkaListenerEndpointContainer#0-1-C-1] WARN  o.apache.kafka.clients.NetworkClient - [Consumer clientId=consumer-group-1-4, groupId=group-1] Connection to node -1 (localhost/127.0.0.1:9092) could not be established. Broker may not be available.
2024-11-02 22:31:54 [org.springframework.kafka.KafkaListenerEndpointContainer#0-1-C-1] WARN  o.apache.kafka.clients.NetworkClient - [Consumer clientId=consumer-group-1-4, groupId=group-1] Bootstrap broker localhost:9092 (id: -1 rack: null) disconnected
2024-11-02 22:31:54 [investment-topic-0-C-1] INFO  o.apache.kafka.clients.NetworkClient - [Consumer clientId=consumer-investment-topic-1, groupId=investment-topic] Node -1 disconnected.
2024-11-02 22:31:54 [investment-topic-0-C-1] WARN  o.apache.kafka.clients.NetworkClient - [Consumer clientId=consumer-investment-topic-1, groupId=investment-topic] Connection to node -1 (localhost/127.0.0.1:9092) could not be established. Broker may not be available.
2024-11-02 22:31:54 [investment-topic-0-C-1] WARN  o.apache.kafka.clients.NetworkClient - [Consumer clientId=consumer-investment-topic-1, groupId=investment-topic] Bootstrap broker localhost:9092 (id: -1 rack: null) disconnected
2024-11-02 22:31:54 [org.springframework.kafka.KafkaListenerEndpointContainer#1-0-C-1] INFO  o.apache.kafka.clients.NetworkClient - [Consumer clientId=consumer-group-1-5, groupId=group-1] Node -1 disconnected.
2024-11-02 22:31:54 [org.springframework.kafka.KafkaListenerEndpointContainer#1-0-C-1] WARN  o.apache.kafka.clients.NetworkClient - [Consumer clientId=consumer-group-1-5, groupId=group-1] Connection to node -1 (localhost/127.0.0.1:9092) could not be established. Broker may not be available.
2024-11-02 22:31:54 [org.springframework.kafka.KafkaListenerEndpointContainer#1-0-C-1] WARN  o.apache.kafka.clients.NetworkClient - [Consumer clientId=consumer-group-1-5, groupId=group-1] Bootstrap broker localhost:9092 (id: -1 rack: null) disconnected
2024-11-02 22:31:54 [org.springframework.kafka.KafkaListenerEndpointContainer#1-1-C-1] INFO  o.apache.kafka.clients.NetworkClient - [Consumer clientId=consumer-group-1-6, groupId=group-1] Node -1 disconnected.
2024-11-02 22:31:54 [org.springframework.kafka.KafkaListenerEndpointContainer#1-1-C-1] WARN  o.apache.kafka.clients.NetworkClient - [Consumer clientId=consumer-group-1-6, groupId=group-1] Connection to node -1 (localhost/127.0.0.1:9092) could not be established. Broker may not be available.
2024-11-02 22:31:54 [org.springframework.kafka.KafkaListenerEndpointContainer#1-1-C-1] WARN  o.apache.kafka.clients.NetworkClient - [Consumer clientId=consumer-group-1-6, groupId=group-1] Bootstrap broker localhost:9092 (id: -1 rack: null) disconnected
2024-11-02 22:31:54 [org.springframework.kafka.KafkaListenerEndpointContainer#0-0-C-1] INFO  o.apache.kafka.clients.NetworkClient - [Consumer clientId=consumer-group-1-3, groupId=group-1] Node -1 disconnected.
2024-11-02 22:31:54 [org.springframework.kafka.KafkaListenerEndpointContainer#0-0-C-1] WARN  o.apache.kafka.clients.NetworkClient - [Consumer clientId=consumer-group-1-3, groupId=group-1] Connection to node -1 (localhost/127.0.0.1:9092) could not be established. Broker may not be available.
2024-11-02 22:31:54 [org.springframework.kafka.KafkaListenerEndpointContainer#0-0-C-1] WARN  o.apache.kafka.clients.NetworkClient - [Consumer clientId=consumer-group-1-3, groupId=group-1] Bootstrap broker localhost:9092 (id: -1 rack: null) disconnected
2024-11-02 22:31:55 [org.springframework.kafka.KafkaListenerEndpointContainer#0-1-C-1] INFO  o.apache.kafka.clients.NetworkClient - [Consumer clientId=consumer-group-1-4, groupId=group-1] Node -1 disconnected.
2024-11-02 22:31:55 [org.springframework.kafka.KafkaListenerEndpointContainer#0-1-C-1] WARN  o.apache.kafka.clients.NetworkClient - [Consumer clientId=consumer-group-1-4, groupId=group-1] Connection to node -1 (localhost/127.0.0.1:9092) could not be established. Broker may not be available.
2024-11-02 22:31:55 [org.springframework.kafka.KafkaListenerEndpointContainer#0-1-C-1] WARN  o.apache.kafka.clients.NetworkClient - [Consumer clientId=consumer-group-1-4, groupId=group-1] Bootstrap broker localhost:9092 (id: -1 rack: null) disconnected
2024-11-02 22:31:55 [investment-topic-1-C-1] INFO  o.apache.kafka.clients.NetworkClient - [Consumer clientId=consumer-investment-topic-2, groupId=investment-topic] Node -1 disconnected.
2024-11-02 22:31:55 [investment-topic-1-C-1] WARN  o.apache.kafka.clients.NetworkClient - [Consumer clientId=consumer-investment-topic-2, groupId=investment-topic] Connection to node -1 (localhost/127.0.0.1:9092) could not be established. Broker may not be available.
2024-11-02 22:31:55 [investment-topic-1-C-1] WARN  o.apache.kafka.clients.NetworkClient - [Consumer clientId=consumer-investment-topic-2, groupId=investment-topic] Bootstrap broker localhost:9092 (id: -1 rack: null) disconnected
2024-11-02 22:31:55 [investment-topic-0-C-1] INFO  o.apache.kafka.clients.NetworkClient - [Consumer clientId=consumer-investment-topic-1, groupId=investment-topic] Node -1 disconnected.
2024-11-02 22:31:55 [investment-topic-0-C-1] WARN  o.apache.kafka.clients.NetworkClient - [Consumer clientId=consumer-investment-topic-1, groupId=investment-topic] Connection to node -1 (localhost/127.0.0.1:9092) could not be established. Broker may not be available.
2024-11-02 22:31:55 [investment-topic-0-C-1] WARN  o.apache.kafka.clients.NetworkClient - [Consumer clientId=consumer-investment-topic-1, groupId=investment-topic] Bootstrap broker localhost:9092 (id: -1 rack: null) disconnected
2024-11-02 22:31:55 [org.springframework.kafka.KafkaListenerEndpointContainer#1-0-C-1] INFO  o.apache.kafka.clients.NetworkClient - [Consumer clientId=consumer-group-1-5, groupId=group-1] Node -1 disconnected.
2024-11-02 22:31:55 [org.springframework.kafka.KafkaListenerEndpointContainer#1-0-C-1] WARN  o.apache.kafka.clients.NetworkClient - [Consumer clientId=consumer-group-1-5, groupId=group-1] Connection to node -1 (localhost/127.0.0.1:9092) could not be established. Broker may not be available.
2024-11-02 22:31:55 [org.springframework.kafka.KafkaListenerEndpointContainer#1-0-C-1] WARN  o.apache.kafka.clients.NetworkClient - [Consumer clientId=consumer-group-1-5, groupId=group-1] Bootstrap broker localhost:9092 (id: -1 rack: null) disconnected
2024-11-02 22:31:55 [org.springframework.kafka.KafkaListenerEndpointContainer#1-1-C-1] INFO  o.apache.kafka.clients.NetworkClient - [Consumer clientId=consumer-group-1-6, groupId=group-1] Node -1 disconnected.
2024-11-02 22:31:55 [org.springframework.kafka.KafkaListenerEndpointContainer#1-1-C-1] WARN  o.apache.kafka.clients.NetworkClient - [Consumer clientId=consumer-group-1-6, groupId=group-1] Connection to node -1 (localhost/127.0.0.1:9092) could not be established. Broker may not be available.
2024-11-02 22:31:55 [org.springframework.kafka.KafkaListenerEndpointContainer#1-1-C-1] WARN  o.apache.kafka.clients.NetworkClient - [Consumer clientId=consumer-group-1-6, groupId=group-1] Bootstrap broker localhost:9092 (id: -1 rack: null) disconnected
2024-11-02 22:31:55 [org.springframework.kafka.KafkaListenerEndpointContainer#0-0-C-1] INFO  o.apache.kafka.clients.NetworkClient - [Consumer clientId=consumer-group-1-3, groupId=group-1] Node -1 disconnected.
2024-11-02 22:31:55 [org.springframework.kafka.KafkaListenerEndpointContainer#0-0-C-1] WARN  o.apache.kafka.clients.NetworkClient - [Consumer clientId=consumer-group-1-3, groupId=group-1] Connection to node -1 (localhost/127.0.0.1:9092) could not be established. Broker may not be available.
2024-11-02 22:31:55 [org.springframework.kafka.KafkaListenerEndpointContainer#0-0-C-1] WARN  o.apache.kafka.clients.NetworkClient - [Consumer clientId=consumer-group-1-3, groupId=group-1] Bootstrap broker localhost:9092 (id: -1 rack: null) disconnected
2024-11-02 22:31:56 [org.springframework.kafka.KafkaListenerEndpointContainer#0-1-C-1] INFO  o.apache.kafka.clients.NetworkClient - [Consumer clientId=consumer-group-1-4, groupId=group-1] Node -1 disconnected.
2024-11-02 22:31:56 [org.springframework.kafka.KafkaListenerEndpointContainer#0-1-C-1] WARN  o.apache.kafka.clients.NetworkClient - [Consumer clientId=consumer-group-1-4, groupId=group-1] Connection to node -1 (localhost/127.0.0.1:9092) could not be established. Broker may not be available.
2024-11-02 22:31:56 [org.springframework.kafka.KafkaListenerEndpointContainer#0-1-C-1] WARN  o.apache.kafka.clients.NetworkClient - [Consumer clientId=consumer-group-1-4, groupId=group-1] Bootstrap broker localhost:9092 (id: -1 rack: null) disconnected
2024-11-02 22:31:56 [investment-topic-1-C-1] INFO  o.apache.kafka.clients.NetworkClient - [Consumer clientId=consumer-investment-topic-2, groupId=investment-topic] Node -1 disconnected.
2024-11-02 22:31:56 [investment-topic-1-C-1] WARN  o.apache.kafka.clients.NetworkClient - [Consumer clientId=consumer-investment-topic-2, groupId=investment-topic] Connection to node -1 (localhost/127.0.0.1:9092) could not be established. Broker may not be available.
2024-11-02 22:31:56 [investment-topic-1-C-1] WARN  o.apache.kafka.clients.NetworkClient - [Consumer clientId=consumer-investment-topic-2, groupId=investment-topic] Bootstrap broker localhost:9092 (id: -1 rack: null) disconnected
2024-11-02 22:31:56 [investment-topic-0-C-1] INFO  o.apache.kafka.clients.NetworkClient - [Consumer clientId=consumer-investment-topic-1, groupId=investment-topic] Node -1 disconnected.
2024-11-02 22:31:56 [investment-topic-0-C-1] WARN  o.apache.kafka.clients.NetworkClient - [Consumer clientId=consumer-investment-topic-1, groupId=investment-topic] Connection to node -1 (localhost/127.0.0.1:9092) could not be established. Broker may not be available.
2024-11-02 22:31:56 [investment-topic-0-C-1] WARN  o.apache.kafka.clients.NetworkClient - [Consumer clientId=consumer-investment-topic-1, groupId=investment-topic] Bootstrap broker localhost:9092 (id: -1 rack: null) disconnected
2024-11-02 22:31:56 [org.springframework.kafka.KafkaListenerEndpointContainer#1-0-C-1] INFO  o.apache.kafka.clients.NetworkClient - [Consumer clientId=consumer-group-1-5, groupId=group-1] Node -1 disconnected.
2024-11-02 22:31:56 [org.springframework.kafka.KafkaListenerEndpointContainer#1-0-C-1] WARN  o.apache.kafka.clients.NetworkClient - [Consumer clientId=consumer-group-1-5, groupId=group-1] Connection to node -1 (localhost/127.0.0.1:9092) could not be established. Broker may not be available.
2024-11-02 22:31:56 [org.springframework.kafka.KafkaListenerEndpointContainer#1-0-C-1] WARN  o.apache.kafka.clients.NetworkClient - [Consumer clientId=consumer-group-1-5, groupId=group-1] Bootstrap broker localhost:9092 (id: -1 rack: null) disconnected
2024-11-02 22:31:56 [org.springframework.kafka.KafkaListenerEndpointContainer#1-1-C-1] INFO  o.apache.kafka.clients.NetworkClient - [Consumer clientId=consumer-group-1-6, groupId=group-1] Node -1 disconnected.
2024-11-02 22:31:56 [org.springframework.kafka.KafkaListenerEndpointContainer#1-1-C-1] WARN  o.apache.kafka.clients.NetworkClient - [Consumer clientId=consumer-group-1-6, groupId=group-1] Connection to node -1 (localhost/127.0.0.1:9092) could not be established. Broker may not be available.
2024-11-02 22:31:56 [org.springframework.kafka.KafkaListenerEndpointContainer#1-1-C-1] WARN  o.apache.kafka.clients.NetworkClient - [Consumer clientId=consumer-group-1-6, groupId=group-1] Bootstrap broker localhost:9092 (id: -1 rack: null) disconnected
2024-11-02 22:31:56 [org.springframework.kafka.KafkaListenerEndpointContainer#0-0-C-1] INFO  o.apache.kafka.clients.NetworkClient - [Consumer clientId=consumer-group-1-3, groupId=group-1] Node -1 disconnected.
2024-11-02 22:31:56 [org.springframework.kafka.KafkaListenerEndpointContainer#0-0-C-1] WARN  o.apache.kafka.clients.NetworkClient - [Consumer clientId=consumer-group-1-3, groupId=group-1] Connection to node -1 (localhost/127.0.0.1:9092) could not be established. Broker may not be available.
2024-11-02 22:31:56 [org.springframework.kafka.KafkaListenerEndpointContainer#0-0-C-1] WARN  o.apache.kafka.clients.NetworkClient - [Consumer clientId=consumer-group-1-3, groupId=group-1] Bootstrap broker localhost:9092 (id: -1 rack: null) disconnected
2024-11-02 22:31:56 [org.springframework.kafka.KafkaListenerEndpointContainer#0-1-C-1] INFO  o.apache.kafka.clients.NetworkClient - [Consumer clientId=consumer-group-1-4, groupId=group-1] Node -1 disconnected.
2024-11-02 22:31:56 [org.springframework.kafka.KafkaListenerEndpointContainer#0-1-C-1] WARN  o.apache.kafka.clients.NetworkClient - [Consumer clientId=consumer-group-1-4, groupId=group-1] Connection to node -1 (localhost/127.0.0.1:9092) could not be established. Broker may not be available.
2024-11-02 22:31:56 [org.springframework.kafka.KafkaListenerEndpointContainer#0-1-C-1] WARN  o.apache.kafka.clients.NetworkClient - [Consumer clientId=consumer-group-1-4, groupId=group-1] Bootstrap broker localhost:9092 (id: -1 rack: null) disconnected
2024-11-02 22:31:57 [investment-topic-1-C-1] INFO  o.apache.kafka.clients.NetworkClient - [Consumer clientId=consumer-investment-topic-2, groupId=investment-topic] Node -1 disconnected.
2024-11-02 22:31:57 [investment-topic-1-C-1] WARN  o.apache.kafka.clients.NetworkClient - [Consumer clientId=consumer-investment-topic-2, groupId=investment-topic] Connection to node -1 (localhost/127.0.0.1:9092) could not be established. Broker may not be available.
2024-11-02 22:31:57 [investment-topic-1-C-1] WARN  o.apache.kafka.clients.NetworkClient - [Consumer clientId=consumer-investment-topic-2, groupId=investment-topic] Bootstrap broker localhost:9092 (id: -1 rack: null) disconnected
2024-11-02 22:31:57 [investment-topic-0-C-1] INFO  o.apache.kafka.clients.NetworkClient - [Consumer clientId=consumer-investment-topic-1, groupId=investment-topic] Node -1 disconnected.
2024-11-02 22:31:57 [investment-topic-0-C-1] WARN  o.apache.kafka.clients.NetworkClient - [Consumer clientId=consumer-investment-topic-1, groupId=investment-topic] Connection to node -1 (localhost/127.0.0.1:9092) could not be established. Broker may not be available.
2024-11-02 22:31:57 [investment-topic-0-C-1] WARN  o.apache.kafka.clients.NetworkClient - [Consumer clientId=consumer-investment-topic-1, groupId=investment-topic] Bootstrap broker localhost:9092 (id: -1 rack: null) disconnected
2024-11-02 22:31:57 [org.springframework.kafka.KafkaListenerEndpointContainer#1-0-C-1] INFO  o.apache.kafka.clients.NetworkClient - [Consumer clientId=consumer-group-1-5, groupId=group-1] Node -1 disconnected.
2024-11-02 22:31:57 [org.springframework.kafka.KafkaListenerEndpointContainer#1-0-C-1] WARN  o.apache.kafka.clients.NetworkClient - [Consumer clientId=consumer-group-1-5, groupId=group-1] Connection to node -1 (localhost/127.0.0.1:9092) could not be established. Broker may not be available.
2024-11-02 22:31:57 [org.springframework.kafka.KafkaListenerEndpointContainer#1-0-C-1] WARN  o.apache.kafka.clients.NetworkClient - [Consumer clientId=consumer-group-1-5, groupId=group-1] Bootstrap broker localhost:9092 (id: -1 rack: null) disconnected
2024-11-02 22:31:57 [org.springframework.kafka.KafkaListenerEndpointContainer#0-1-C-1] INFO  o.apache.kafka.clients.NetworkClient - [Consumer clientId=consumer-group-1-4, groupId=group-1] Node -1 disconnected.
2024-11-02 22:31:57 [org.springframework.kafka.KafkaListenerEndpointContainer#0-1-C-1] WARN  o.apache.kafka.clients.NetworkClient - [Consumer clientId=consumer-group-1-4, groupId=group-1] Connection to node -1 (localhost/127.0.0.1:9092) could not be established. Broker may not be available.
2024-11-02 22:31:57 [org.springframework.kafka.KafkaListenerEndpointContainer#0-1-C-1] WARN  o.apache.kafka.clients.NetworkClient - [Consumer clientId=consumer-group-1-4, groupId=group-1] Bootstrap broker localhost:9092 (id: -1 rack: null) disconnected
2024-11-02 22:31:57 [org.springframework.kafka.KafkaListenerEndpointContainer#0-0-C-1] INFO  o.apache.kafka.clients.NetworkClient - [Consumer clientId=consumer-group-1-3, groupId=group-1] Node -1 disconnected.
2024-11-02 22:31:57 [org.springframework.kafka.KafkaListenerEndpointContainer#0-0-C-1] WARN  o.apache.kafka.clients.NetworkClient - [Consumer clientId=consumer-group-1-3, groupId=group-1] Connection to node -1 (localhost/127.0.0.1:9092) could not be established. Broker may not be available.
2024-11-02 22:31:57 [org.springframework.kafka.KafkaListenerEndpointContainer#0-0-C-1] WARN  o.apache.kafka.clients.NetworkClient - [Consumer clientId=consumer-group-1-3, groupId=group-1] Bootstrap broker localhost:9092 (id: -1 rack: null) disconnected
2024-11-02 22:31:58 [org.springframework.kafka.KafkaListenerEndpointContainer#1-1-C-1] INFO  o.apache.kafka.clients.NetworkClient - [Consumer clientId=consumer-group-1-6, groupId=group-1] Node -1 disconnected.
2024-11-02 22:31:58 [org.springframework.kafka.KafkaListenerEndpointContainer#1-1-C-1] WARN  o.apache.kafka.clients.NetworkClient - [Consumer clientId=consumer-group-1-6, groupId=group-1] Connection to node -1 (localhost/127.0.0.1:9092) could not be established. Broker may not be available.
2024-11-02 22:31:58 [org.springframework.kafka.KafkaListenerEndpointContainer#1-1-C-1] WARN  o.apache.kafka.clients.NetworkClient - [Consumer clientId=consumer-group-1-6, groupId=group-1] Bootstrap broker localhost:9092 (id: -1 rack: null) disconnected
2024-11-02 22:31:58 [investment-topic-0-C-1] INFO  o.apache.kafka.clients.NetworkClient - [Consumer clientId=consumer-investment-topic-1, groupId=investment-topic] Node -1 disconnected.
2024-11-02 22:31:58 [investment-topic-0-C-1] WARN  o.apache.kafka.clients.NetworkClient - [Consumer clientId=consumer-investment-topic-1, groupId=investment-topic] Connection to node -1 (localhost/127.0.0.1:9092) could not be established. Broker may not be available.
2024-11-02 22:31:58 [investment-topic-0-C-1] WARN  o.apache.kafka.clients.NetworkClient - [Consumer clientId=consumer-investment-topic-1, groupId=investment-topic] Bootstrap broker localhost:9092 (id: -1 rack: null) disconnected
2024-11-02 22:31:58 [investment-topic-1-C-1] INFO  o.apache.kafka.clients.NetworkClient - [Consumer clientId=consumer-investment-topic-2, groupId=investment-topic] Node -1 disconnected.
2024-11-02 22:31:58 [investment-topic-1-C-1] WARN  o.apache.kafka.clients.NetworkClient - [Consumer clientId=consumer-investment-topic-2, groupId=investment-topic] Connection to node -1 (localhost/127.0.0.1:9092) could not be established. Broker may not be available.
2024-11-02 22:31:58 [investment-topic-1-C-1] WARN  o.apache.kafka.clients.NetworkClient - [Consumer clientId=consumer-investment-topic-2, groupId=investment-topic] Bootstrap broker localhost:9092 (id: -1 rack: null) disconnected
2024-11-02 22:31:58 [org.springframework.kafka.KafkaListenerEndpointContainer#1-0-C-1] INFO  o.apache.kafka.clients.NetworkClient - [Consumer clientId=consumer-group-1-5, groupId=group-1] Node -1 disconnected.
2024-11-02 22:31:58 [org.springframework.kafka.KafkaListenerEndpointContainer#1-0-C-1] WARN  o.apache.kafka.clients.NetworkClient - [Consumer clientId=consumer-group-1-5, groupId=group-1] Connection to node -1 (localhost/127.0.0.1:9092) could not be established. Broker may not be available.
2024-11-02 22:31:58 [org.springframework.kafka.KafkaListenerEndpointContainer#1-0-C-1] WARN  o.apache.kafka.clients.NetworkClient - [Consumer clientId=consumer-group-1-5, groupId=group-1] Bootstrap broker localhost:9092 (id: -1 rack: null) disconnected
2024-11-02 22:31:58 [org.springframework.kafka.KafkaListenerEndpointContainer#0-0-C-1] INFO  o.apache.kafka.clients.NetworkClient - [Consumer clientId=consumer-group-1-3, groupId=group-1] Node -1 disconnected.
2024-11-02 22:31:58 [org.springframework.kafka.KafkaListenerEndpointContainer#0-0-C-1] WARN  o.apache.kafka.clients.NetworkClient - [Consumer clientId=consumer-group-1-3, groupId=group-1] Connection to node -1 (localhost/127.0.0.1:9092) could not be established. Broker may not be available.
2024-11-02 22:31:58 [org.springframework.kafka.KafkaListenerEndpointContainer#0-0-C-1] WARN  o.apache.kafka.clients.NetworkClient - [Consumer clientId=consumer-group-1-3, groupId=group-1] Bootstrap broker localhost:9092 (id: -1 rack: null) disconnected
2024-11-02 22:31:58 [org.springframework.kafka.KafkaListenerEndpointContainer#0-1-C-1] INFO  o.apache.kafka.clients.NetworkClient - [Consumer clientId=consumer-group-1-4, groupId=group-1] Node -1 disconnected.
2024-11-02 22:31:58 [org.springframework.kafka.KafkaListenerEndpointContainer#0-1-C-1] WARN  o.apache.kafka.clients.NetworkClient - [Consumer clientId=consumer-group-1-4, groupId=group-1] Connection to node -1 (localhost/127.0.0.1:9092) could not be established. Broker may not be available.
2024-11-02 22:31:58 [org.springframework.kafka.KafkaListenerEndpointContainer#0-1-C-1] WARN  o.apache.kafka.clients.NetworkClient - [Consumer clientId=consumer-group-1-4, groupId=group-1] Bootstrap broker localhost:9092 (id: -1 rack: null) disconnected
2024-11-02 22:31:59 [org.springframework.kafka.KafkaListenerEndpointContainer#1-1-C-1] INFO  o.apache.kafka.clients.NetworkClient - [Consumer clientId=consumer-group-1-6, groupId=group-1] Node -1 disconnected.
2024-11-02 22:31:59 [org.springframework.kafka.KafkaListenerEndpointContainer#1-1-C-1] WARN  o.apache.kafka.clients.NetworkClient - [Consumer clientId=consumer-group-1-6, groupId=group-1] Connection to node -1 (localhost/127.0.0.1:9092) could not be established. Broker may not be available.
2024-11-02 22:31:59 [org.springframework.kafka.KafkaListenerEndpointContainer#1-1-C-1] WARN  o.apache.kafka.clients.NetworkClient - [Consumer clientId=consumer-group-1-6, groupId=group-1] Bootstrap broker localhost:9092 (id: -1 rack: null) disconnected
2024-11-02 22:31:59 [investment-topic-0-C-1] INFO  o.apache.kafka.clients.NetworkClient - [Consumer clientId=consumer-investment-topic-1, groupId=investment-topic] Node -1 disconnected.
2024-11-02 22:31:59 [investment-topic-0-C-1] WARN  o.apache.kafka.clients.NetworkClient - [Consumer clientId=consumer-investment-topic-1, groupId=investment-topic] Connection to node -1 (localhost/127.0.0.1:9092) could not be established. Broker may not be available.
2024-11-02 22:31:59 [investment-topic-0-C-1] WARN  o.apache.kafka.clients.NetworkClient - [Consumer clientId=consumer-investment-topic-1, groupId=investment-topic] Bootstrap broker localhost:9092 (id: -1 rack: null) disconnected
2024-11-02 22:31:59 [investment-topic-1-C-1] INFO  o.apache.kafka.clients.NetworkClient - [Consumer clientId=consumer-investment-topic-2, groupId=investment-topic] Node -1 disconnected.
2024-11-02 22:31:59 [investment-topic-1-C-1] WARN  o.apache.kafka.clients.NetworkClient - [Consumer clientId=consumer-investment-topic-2, groupId=investment-topic] Connection to node -1 (localhost/127.0.0.1:9092) could not be established. Broker may not be available.
2024-11-02 22:31:59 [investment-topic-1-C-1] WARN  o.apache.kafka.clients.NetworkClient - [Consumer clientId=consumer-investment-topic-2, groupId=investment-topic] Bootstrap broker localhost:9092 (id: -1 rack: null) disconnected
2024-11-02 22:31:59 [org.springframework.kafka.KafkaListenerEndpointContainer#0-0-C-1] INFO  o.apache.kafka.clients.NetworkClient - [Consumer clientId=consumer-group-1-3, groupId=group-1] Node -1 disconnected.
2024-11-02 22:31:59 [org.springframework.kafka.KafkaListenerEndpointContainer#0-0-C-1] WARN  o.apache.kafka.clients.NetworkClient - [Consumer clientId=consumer-group-1-3, groupId=group-1] Connection to node -1 (localhost/127.0.0.1:9092) could not be established. Broker may not be available.
2024-11-02 22:31:59 [org.springframework.kafka.KafkaListenerEndpointContainer#0-0-C-1] WARN  o.apache.kafka.clients.NetworkClient - [Consumer clientId=consumer-group-1-3, groupId=group-1] Bootstrap broker localhost:9092 (id: -1 rack: null) disconnected
2024-11-02 22:31:59 [org.springframework.kafka.KafkaListenerEndpointContainer#1-0-C-1] INFO  o.apache.kafka.clients.NetworkClient - [Consumer clientId=consumer-group-1-5, groupId=group-1] Node -1 disconnected.
2024-11-02 22:31:59 [org.springframework.kafka.KafkaListenerEndpointContainer#1-0-C-1] WARN  o.apache.kafka.clients.NetworkClient - [Consumer clientId=consumer-group-1-5, groupId=group-1] Connection to node -1 (localhost/127.0.0.1:9092) could not be established. Broker may not be available.
2024-11-02 22:31:59 [org.springframework.kafka.KafkaListenerEndpointContainer#1-0-C-1] WARN  o.apache.kafka.clients.NetworkClient - [Consumer clientId=consumer-group-1-5, groupId=group-1] Bootstrap broker localhost:9092 (id: -1 rack: null) disconnected
2024-11-02 22:32:00 [org.springframework.kafka.KafkaListenerEndpointContainer#1-1-C-1] INFO  o.apache.kafka.clients.NetworkClient - [Consumer clientId=consumer-group-1-6, groupId=group-1] Node -1 disconnected.
2024-11-02 22:32:00 [org.springframework.kafka.KafkaListenerEndpointContainer#1-1-C-1] WARN  o.apache.kafka.clients.NetworkClient - [Consumer clientId=consumer-group-1-6, groupId=group-1] Connection to node -1 (localhost/127.0.0.1:9092) could not be established. Broker may not be available.
2024-11-02 22:32:00 [org.springframework.kafka.KafkaListenerEndpointContainer#1-1-C-1] WARN  o.apache.kafka.clients.NetworkClient - [Consumer clientId=consumer-group-1-6, groupId=group-1] Bootstrap broker localhost:9092 (id: -1 rack: null) disconnected
2024-11-02 22:32:00 [org.springframework.kafka.KafkaListenerEndpointContainer#0-1-C-1] INFO  o.apache.kafka.clients.NetworkClient - [Consumer clientId=consumer-group-1-4, groupId=group-1] Node -1 disconnected.
2024-11-02 22:32:00 [org.springframework.kafka.KafkaListenerEndpointContainer#0-1-C-1] WARN  o.apache.kafka.clients.NetworkClient - [Consumer clientId=consumer-group-1-4, groupId=group-1] Connection to node -1 (localhost/127.0.0.1:9092) could not be established. Broker may not be available.
2024-11-02 22:32:00 [org.springframework.kafka.KafkaListenerEndpointContainer#0-1-C-1] WARN  o.apache.kafka.clients.NetworkClient - [Consumer clientId=consumer-group-1-4, groupId=group-1] Bootstrap broker localhost:9092 (id: -1 rack: null) disconnected
2024-11-02 22:32:00 [investment-topic-0-C-1] INFO  o.apache.kafka.clients.NetworkClient - [Consumer clientId=consumer-investment-topic-1, groupId=investment-topic] Node -1 disconnected.
2024-11-02 22:32:00 [investment-topic-0-C-1] WARN  o.apache.kafka.clients.NetworkClient - [Consumer clientId=consumer-investment-topic-1, groupId=investment-topic] Connection to node -1 (localhost/127.0.0.1:9092) could not be established. Broker may not be available.
2024-11-02 22:32:00 [investment-topic-0-C-1] WARN  o.apache.kafka.clients.NetworkClient - [Consumer clientId=consumer-investment-topic-1, groupId=investment-topic] Bootstrap broker localhost:9092 (id: -1 rack: null) disconnected
2024-11-02 22:32:00 [investment-topic-1-C-1] INFO  o.apache.kafka.clients.NetworkClient - [Consumer clientId=consumer-investment-topic-2, groupId=investment-topic] Node -1 disconnected.
2024-11-02 22:32:00 [investment-topic-1-C-1] WARN  o.apache.kafka.clients.NetworkClient - [Consumer clientId=consumer-investment-topic-2, groupId=investment-topic] Connection to node -1 (localhost/127.0.0.1:9092) could not be established. Broker may not be available.
2024-11-02 22:32:00 [investment-topic-1-C-1] WARN  o.apache.kafka.clients.NetworkClient - [Consumer clientId=consumer-investment-topic-2, groupId=investment-topic] Bootstrap broker localhost:9092 (id: -1 rack: null) disconnected
2024-11-02 22:32:00 [org.springframework.kafka.KafkaListenerEndpointContainer#0-0-C-1] INFO  o.apache.kafka.clients.NetworkClient - [Consumer clientId=consumer-group-1-3, groupId=group-1] Node -1 disconnected.
2024-11-02 22:32:00 [org.springframework.kafka.KafkaListenerEndpointContainer#0-0-C-1] WARN  o.apache.kafka.clients.NetworkClient - [Consumer clientId=consumer-group-1-3, groupId=group-1] Connection to node -1 (localhost/127.0.0.1:9092) could not be established. Broker may not be available.
2024-11-02 22:32:00 [org.springframework.kafka.KafkaListenerEndpointContainer#0-0-C-1] WARN  o.apache.kafka.clients.NetworkClient - [Consumer clientId=consumer-group-1-3, groupId=group-1] Bootstrap broker localhost:9092 (id: -1 rack: null) disconnected
2024-11-02 22:32:00 [org.springframework.kafka.KafkaListenerEndpointContainer#1-0-C-1] INFO  o.apache.kafka.clients.NetworkClient - [Consumer clientId=consumer-group-1-5, groupId=group-1] Node -1 disconnected.
2024-11-02 22:32:00 [org.springframework.kafka.KafkaListenerEndpointContainer#1-0-C-1] WARN  o.apache.kafka.clients.NetworkClient - [Consumer clientId=consumer-group-1-5, groupId=group-1] Connection to node -1 (localhost/127.0.0.1:9092) could not be established. Broker may not be available.
2024-11-02 22:32:00 [org.springframework.kafka.KafkaListenerEndpointContainer#1-0-C-1] WARN  o.apache.kafka.clients.NetworkClient - [Consumer clientId=consumer-group-1-5, groupId=group-1] Bootstrap broker localhost:9092 (id: -1 rack: null) disconnected
2024-11-02 22:32:01 [investment-topic-0-C-1] INFO  o.apache.kafka.clients.NetworkClient - [Consumer clientId=consumer-investment-topic-1, groupId=investment-topic] Node -1 disconnected.
2024-11-02 22:32:01 [investment-topic-0-C-1] WARN  o.apache.kafka.clients.NetworkClient - [Consumer clientId=consumer-investment-topic-1, groupId=investment-topic] Connection to node -1 (localhost/127.0.0.1:9092) could not be established. Broker may not be available.
2024-11-02 22:32:01 [investment-topic-0-C-1] WARN  o.apache.kafka.clients.NetworkClient - [Consumer clientId=consumer-investment-topic-1, groupId=investment-topic] Bootstrap broker localhost:9092 (id: -1 rack: null) disconnected
2024-11-02 22:32:01 [org.springframework.kafka.KafkaListenerEndpointContainer#1-1-C-1] INFO  o.apache.kafka.clients.NetworkClient - [Consumer clientId=consumer-group-1-6, groupId=group-1] Node -1 disconnected.
2024-11-02 22:32:01 [org.springframework.kafka.KafkaListenerEndpointContainer#1-1-C-1] WARN  o.apache.kafka.clients.NetworkClient - [Consumer clientId=consumer-group-1-6, groupId=group-1] Connection to node -1 (localhost/127.0.0.1:9092) could not be established. Broker may not be available.
2024-11-02 22:32:01 [org.springframework.kafka.KafkaListenerEndpointContainer#1-1-C-1] WARN  o.apache.kafka.clients.NetworkClient - [Consumer clientId=consumer-group-1-6, groupId=group-1] Bootstrap broker localhost:9092 (id: -1 rack: null) disconnected
2024-11-02 22:32:01 [org.springframework.kafka.KafkaListenerEndpointContainer#0-1-C-1] INFO  o.apache.kafka.clients.NetworkClient - [Consumer clientId=consumer-group-1-4, groupId=group-1] Node -1 disconnected.
2024-11-02 22:32:01 [org.springframework.kafka.KafkaListenerEndpointContainer#0-1-C-1] WARN  o.apache.kafka.clients.NetworkClient - [Consumer clientId=consumer-group-1-4, groupId=group-1] Connection to node -1 (localhost/127.0.0.1:9092) could not be established. Broker may not be available.
2024-11-02 22:32:01 [org.springframework.kafka.KafkaListenerEndpointContainer#0-1-C-1] WARN  o.apache.kafka.clients.NetworkClient - [Consumer clientId=consumer-group-1-4, groupId=group-1] Bootstrap broker localhost:9092 (id: -1 rack: null) disconnected
2024-11-02 22:32:01 [investment-topic-1-C-1] INFO  o.apache.kafka.clients.NetworkClient - [Consumer clientId=consumer-investment-topic-2, groupId=investment-topic] Node -1 disconnected.
2024-11-02 22:32:01 [investment-topic-1-C-1] WARN  o.apache.kafka.clients.NetworkClient - [Consumer clientId=consumer-investment-topic-2, groupId=investment-topic] Connection to node -1 (localhost/127.0.0.1:9092) could not be established. Broker may not be available.
2024-11-02 22:32:01 [investment-topic-1-C-1] WARN  o.apache.kafka.clients.NetworkClient - [Consumer clientId=consumer-investment-topic-2, groupId=investment-topic] Bootstrap broker localhost:9092 (id: -1 rack: null) disconnected
2024-11-02 22:32:01 [org.springframework.kafka.KafkaListenerEndpointContainer#0-0-C-1] INFO  o.apache.kafka.clients.NetworkClient - [Consumer clientId=consumer-group-1-3, groupId=group-1] Node -1 disconnected.
2024-11-02 22:32:01 [org.springframework.kafka.KafkaListenerEndpointContainer#0-0-C-1] WARN  o.apache.kafka.clients.NetworkClient - [Consumer clientId=consumer-group-1-3, groupId=group-1] Connection to node -1 (localhost/127.0.0.1:9092) could not be established. Broker may not be available.
2024-11-02 22:32:01 [org.springframework.kafka.KafkaListenerEndpointContainer#0-0-C-1] WARN  o.apache.kafka.clients.NetworkClient - [Consumer clientId=consumer-group-1-3, groupId=group-1] Bootstrap broker localhost:9092 (id: -1 rack: null) disconnected
2024-11-02 22:32:01 [org.springframework.kafka.KafkaListenerEndpointContainer#1-0-C-1] INFO  o.apache.kafka.clients.NetworkClient - [Consumer clientId=consumer-group-1-5, groupId=group-1] Node -1 disconnected.
2024-11-02 22:32:01 [org.springframework.kafka.KafkaListenerEndpointContainer#1-0-C-1] WARN  o.apache.kafka.clients.NetworkClient - [Consumer clientId=consumer-group-1-5, groupId=group-1] Connection to node -1 (localhost/127.0.0.1:9092) could not be established. Broker may not be available.
2024-11-02 22:32:01 [org.springframework.kafka.KafkaListenerEndpointContainer#1-0-C-1] WARN  o.apache.kafka.clients.NetworkClient - [Consumer clientId=consumer-group-1-5, groupId=group-1] Bootstrap broker localhost:9092 (id: -1 rack: null) disconnected
2024-11-02 22:32:02 [investment-topic-0-C-1] INFO  o.apache.kafka.clients.NetworkClient - [Consumer clientId=consumer-investment-topic-1, groupId=investment-topic] Node -1 disconnected.
2024-11-02 22:32:02 [investment-topic-0-C-1] WARN  o.apache.kafka.clients.NetworkClient - [Consumer clientId=consumer-investment-topic-1, groupId=investment-topic] Connection to node -1 (localhost/127.0.0.1:9092) could not be established. Broker may not be available.
2024-11-02 22:32:02 [investment-topic-0-C-1] WARN  o.apache.kafka.clients.NetworkClient - [Consumer clientId=consumer-investment-topic-1, groupId=investment-topic] Bootstrap broker localhost:9092 (id: -1 rack: null) disconnected
2024-11-02 22:32:02 [org.springframework.kafka.KafkaListenerEndpointContainer#1-1-C-1] INFO  o.apache.kafka.clients.NetworkClient - [Consumer clientId=consumer-group-1-6, groupId=group-1] Node -1 disconnected.
2024-11-02 22:32:02 [org.springframework.kafka.KafkaListenerEndpointContainer#1-1-C-1] WARN  o.apache.kafka.clients.NetworkClient - [Consumer clientId=consumer-group-1-6, groupId=group-1] Connection to node -1 (localhost/127.0.0.1:9092) could not be established. Broker may not be available.
2024-11-02 22:32:02 [org.springframework.kafka.KafkaListenerEndpointContainer#1-1-C-1] WARN  o.apache.kafka.clients.NetworkClient - [Consumer clientId=consumer-group-1-6, groupId=group-1] Bootstrap broker localhost:9092 (id: -1 rack: null) disconnected
2024-11-02 22:32:02 [org.springframework.kafka.KafkaListenerEndpointContainer#0-1-C-1] INFO  o.apache.kafka.clients.NetworkClient - [Consumer clientId=consumer-group-1-4, groupId=group-1] Node -1 disconnected.
2024-11-02 22:32:02 [org.springframework.kafka.KafkaListenerEndpointContainer#0-1-C-1] WARN  o.apache.kafka.clients.NetworkClient - [Consumer clientId=consumer-group-1-4, groupId=group-1] Connection to node -1 (localhost/127.0.0.1:9092) could not be established. Broker may not be available.
2024-11-02 22:32:02 [org.springframework.kafka.KafkaListenerEndpointContainer#0-1-C-1] WARN  o.apache.kafka.clients.NetworkClient - [Consumer clientId=consumer-group-1-4, groupId=group-1] Bootstrap broker localhost:9092 (id: -1 rack: null) disconnected
2024-11-02 22:32:02 [investment-topic-1-C-1] INFO  o.apache.kafka.clients.NetworkClient - [Consumer clientId=consumer-investment-topic-2, groupId=investment-topic] Node -1 disconnected.
2024-11-02 22:32:02 [investment-topic-1-C-1] WARN  o.apache.kafka.clients.NetworkClient - [Consumer clientId=consumer-investment-topic-2, groupId=investment-topic] Connection to node -1 (localhost/127.0.0.1:9092) could not be established. Broker may not be available.
2024-11-02 22:32:02 [investment-topic-1-C-1] WARN  o.apache.kafka.clients.NetworkClient - [Consumer clientId=consumer-investment-topic-2, groupId=investment-topic] Bootstrap broker localhost:9092 (id: -1 rack: null) disconnected
2024-11-02 22:32:02 [org.springframework.kafka.KafkaListenerEndpointContainer#0-0-C-1] INFO  o.apache.kafka.clients.NetworkClient - [Consumer clientId=consumer-group-1-3, groupId=group-1] Node -1 disconnected.
2024-11-02 22:32:02 [org.springframework.kafka.KafkaListenerEndpointContainer#0-0-C-1] WARN  o.apache.kafka.clients.NetworkClient - [Consumer clientId=consumer-group-1-3, groupId=group-1] Connection to node -1 (localhost/127.0.0.1:9092) could not be established. Broker may not be available.
2024-11-02 22:32:02 [org.springframework.kafka.KafkaListenerEndpointContainer#0-0-C-1] WARN  o.apache.kafka.clients.NetworkClient - [Consumer clientId=consumer-group-1-3, groupId=group-1] Bootstrap broker localhost:9092 (id: -1 rack: null) disconnected
2024-11-02 22:32:03 [org.springframework.kafka.KafkaListenerEndpointContainer#1-1-C-1] INFO  o.apache.kafka.clients.NetworkClient - [Consumer clientId=consumer-group-1-6, groupId=group-1] Node -1 disconnected.
2024-11-02 22:32:03 [org.springframework.kafka.KafkaListenerEndpointContainer#1-1-C-1] WARN  o.apache.kafka.clients.NetworkClient - [Consumer clientId=consumer-group-1-6, groupId=group-1] Connection to node -1 (localhost/127.0.0.1:9092) could not be established. Broker may not be available.
2024-11-02 22:32:03 [org.springframework.kafka.KafkaListenerEndpointContainer#1-1-C-1] WARN  o.apache.kafka.clients.NetworkClient - [Consumer clientId=consumer-group-1-6, groupId=group-1] Bootstrap broker localhost:9092 (id: -1 rack: null) disconnected
2024-11-02 22:32:03 [investment-topic-0-C-1] INFO  o.apache.kafka.clients.NetworkClient - [Consumer clientId=consumer-investment-topic-1, groupId=investment-topic] Node -1 disconnected.
2024-11-02 22:32:03 [org.springframework.kafka.KafkaListenerEndpointContainer#1-0-C-1] INFO  o.apache.kafka.clients.NetworkClient - [Consumer clientId=consumer-group-1-5, groupId=group-1] Node -1 disconnected.
2024-11-02 22:32:03 [investment-topic-0-C-1] WARN  o.apache.kafka.clients.NetworkClient - [Consumer clientId=consumer-investment-topic-1, groupId=investment-topic] Connection to node -1 (localhost/127.0.0.1:9092) could not be established. Broker may not be available.
2024-11-02 22:32:03 [org.springframework.kafka.KafkaListenerEndpointContainer#1-0-C-1] WARN  o.apache.kafka.clients.NetworkClient - [Consumer clientId=consumer-group-1-5, groupId=group-1] Connection to node -1 (localhost/127.0.0.1:9092) could not be established. Broker may not be available.
2024-11-02 22:32:03 [investment-topic-0-C-1] WARN  o.apache.kafka.clients.NetworkClient - [Consumer clientId=consumer-investment-topic-1, groupId=investment-topic] Bootstrap broker localhost:9092 (id: -1 rack: null) disconnected
2024-11-02 22:32:03 [org.springframework.kafka.KafkaListenerEndpointContainer#1-0-C-1] WARN  o.apache.kafka.clients.NetworkClient - [Consumer clientId=consumer-group-1-5, groupId=group-1] Bootstrap broker localhost:9092 (id: -1 rack: null) disconnected
2024-11-02 22:32:03 [org.springframework.kafka.KafkaListenerEndpointContainer#0-1-C-1] INFO  o.apache.kafka.clients.NetworkClient - [Consumer clientId=consumer-group-1-4, groupId=group-1] Node -1 disconnected.
2024-11-02 22:32:03 [org.springframework.kafka.KafkaListenerEndpointContainer#0-1-C-1] WARN  o.apache.kafka.clients.NetworkClient - [Consumer clientId=consumer-group-1-4, groupId=group-1] Connection to node -1 (localhost/127.0.0.1:9092) could not be established. Broker may not be available.
2024-11-02 22:32:03 [org.springframework.kafka.KafkaListenerEndpointContainer#0-1-C-1] WARN  o.apache.kafka.clients.NetworkClient - [Consumer clientId=consumer-group-1-4, groupId=group-1] Bootstrap broker localhost:9092 (id: -1 rack: null) disconnected
2024-11-02 22:32:03 [investment-topic-1-C-1] INFO  o.apache.kafka.clients.NetworkClient - [Consumer clientId=consumer-investment-topic-2, groupId=investment-topic] Node -1 disconnected.
2024-11-02 22:32:03 [investment-topic-1-C-1] WARN  o.apache.kafka.clients.NetworkClient - [Consumer clientId=consumer-investment-topic-2, groupId=investment-topic] Connection to node -1 (localhost/127.0.0.1:9092) could not be established. Broker may not be available.
2024-11-02 22:32:03 [investment-topic-1-C-1] WARN  o.apache.kafka.clients.NetworkClient - [Consumer clientId=consumer-investment-topic-2, groupId=investment-topic] Bootstrap broker localhost:9092 (id: -1 rack: null) disconnected
2024-11-02 22:32:03 [org.springframework.kafka.KafkaListenerEndpointContainer#0-0-C-1] INFO  o.apache.kafka.clients.NetworkClient - [Consumer clientId=consumer-group-1-3, groupId=group-1] Node -1 disconnected.
2024-11-02 22:32:03 [org.springframework.kafka.KafkaListenerEndpointContainer#0-0-C-1] WARN  o.apache.kafka.clients.NetworkClient - [Consumer clientId=consumer-group-1-3, groupId=group-1] Connection to node -1 (localhost/127.0.0.1:9092) could not be established. Broker may not be available.
2024-11-02 22:32:03 [org.springframework.kafka.KafkaListenerEndpointContainer#0-0-C-1] WARN  o.apache.kafka.clients.NetworkClient - [Consumer clientId=consumer-group-1-3, groupId=group-1] Bootstrap broker localhost:9092 (id: -1 rack: null) disconnected
2024-11-02 22:32:04 [org.springframework.kafka.KafkaListenerEndpointContainer#1-0-C-1] INFO  o.apache.kafka.clients.NetworkClient - [Consumer clientId=consumer-group-1-5, groupId=group-1] Node -1 disconnected.
2024-11-02 22:32:04 [org.springframework.kafka.KafkaListenerEndpointContainer#1-0-C-1] WARN  o.apache.kafka.clients.NetworkClient - [Consumer clientId=consumer-group-1-5, groupId=group-1] Connection to node -1 (localhost/127.0.0.1:9092) could not be established. Broker may not be available.
2024-11-02 22:32:04 [org.springframework.kafka.KafkaListenerEndpointContainer#1-0-C-1] WARN  o.apache.kafka.clients.NetworkClient - [Consumer clientId=consumer-group-1-5, groupId=group-1] Bootstrap broker localhost:9092 (id: -1 rack: null) disconnected
2024-11-02 22:32:04 [org.springframework.kafka.KafkaListenerEndpointContainer#1-1-C-1] INFO  o.apache.kafka.clients.NetworkClient - [Consumer clientId=consumer-group-1-6, groupId=group-1] Node -1 disconnected.
2024-11-02 22:32:04 [org.springframework.kafka.KafkaListenerEndpointContainer#1-1-C-1] WARN  o.apache.kafka.clients.NetworkClient - [Consumer clientId=consumer-group-1-6, groupId=group-1] Connection to node -1 (localhost/127.0.0.1:9092) could not be established. Broker may not be available.
2024-11-02 22:32:04 [org.springframework.kafka.KafkaListenerEndpointContainer#1-1-C-1] WARN  o.apache.kafka.clients.NetworkClient - [Consumer clientId=consumer-group-1-6, groupId=group-1] Bootstrap broker localhost:9092 (id: -1 rack: null) disconnected
2024-11-02 22:32:04 [investment-topic-0-C-1] INFO  o.apache.kafka.clients.NetworkClient - [Consumer clientId=consumer-investment-topic-1, groupId=investment-topic] Node -1 disconnected.
2024-11-02 22:32:04 [investment-topic-0-C-1] WARN  o.apache.kafka.clients.NetworkClient - [Consumer clientId=consumer-investment-topic-1, groupId=investment-topic] Connection to node -1 (localhost/127.0.0.1:9092) could not be established. Broker may not be available.
2024-11-02 22:32:04 [investment-topic-0-C-1] WARN  o.apache.kafka.clients.NetworkClient - [Consumer clientId=consumer-investment-topic-1, groupId=investment-topic] Bootstrap broker localhost:9092 (id: -1 rack: null) disconnected
2024-11-02 22:32:04 [org.springframework.kafka.KafkaListenerEndpointContainer#0-1-C-1] INFO  o.apache.kafka.clients.NetworkClient - [Consumer clientId=consumer-group-1-4, groupId=group-1] Node -1 disconnected.
2024-11-02 22:32:04 [org.springframework.kafka.KafkaListenerEndpointContainer#0-1-C-1] WARN  o.apache.kafka.clients.NetworkClient - [Consumer clientId=consumer-group-1-4, groupId=group-1] Connection to node -1 (localhost/127.0.0.1:9092) could not be established. Broker may not be available.
2024-11-02 22:32:04 [org.springframework.kafka.KafkaListenerEndpointContainer#0-1-C-1] WARN  o.apache.kafka.clients.NetworkClient - [Consumer clientId=consumer-group-1-4, groupId=group-1] Bootstrap broker localhost:9092 (id: -1 rack: null) disconnected
2024-11-02 22:32:04 [investment-topic-1-C-1] INFO  o.apache.kafka.clients.NetworkClient - [Consumer clientId=consumer-investment-topic-2, groupId=investment-topic] Node -1 disconnected.
2024-11-02 22:32:04 [investment-topic-1-C-1] WARN  o.apache.kafka.clients.NetworkClient - [Consumer clientId=consumer-investment-topic-2, groupId=investment-topic] Connection to node -1 (localhost/127.0.0.1:9092) could not be established. Broker may not be available.
2024-11-02 22:32:04 [investment-topic-1-C-1] WARN  o.apache.kafka.clients.NetworkClient - [Consumer clientId=consumer-investment-topic-2, groupId=investment-topic] Bootstrap broker localhost:9092 (id: -1 rack: null) disconnected
2024-11-02 22:32:04 [org.springframework.kafka.KafkaListenerEndpointContainer#1-0-C-1] INFO  o.apache.kafka.clients.NetworkClient - [Consumer clientId=consumer-group-1-5, groupId=group-1] Node -1 disconnected.
2024-11-02 22:32:04 [org.springframework.kafka.KafkaListenerEndpointContainer#1-0-C-1] WARN  o.apache.kafka.clients.NetworkClient - [Consumer clientId=consumer-group-1-5, groupId=group-1] Connection to node -1 (localhost/127.0.0.1:9092) could not be established. Broker may not be available.
2024-11-02 22:32:04 [org.springframework.kafka.KafkaListenerEndpointContainer#1-0-C-1] WARN  o.apache.kafka.clients.NetworkClient - [Consumer clientId=consumer-group-1-5, groupId=group-1] Bootstrap broker localhost:9092 (id: -1 rack: null) disconnected
2024-11-02 22:32:04 [org.springframework.kafka.KafkaListenerEndpointContainer#0-0-C-1] INFO  o.apache.kafka.clients.NetworkClient - [Consumer clientId=consumer-group-1-3, groupId=group-1] Node -1 disconnected.
2024-11-02 22:32:04 [org.springframework.kafka.KafkaListenerEndpointContainer#0-0-C-1] WARN  o.apache.kafka.clients.NetworkClient - [Consumer clientId=consumer-group-1-3, groupId=group-1] Connection to node -1 (localhost/127.0.0.1:9092) could not be established. Broker may not be available.
2024-11-02 22:32:04 [org.springframework.kafka.KafkaListenerEndpointContainer#0-0-C-1] WARN  o.apache.kafka.clients.NetworkClient - [Consumer clientId=consumer-group-1-3, groupId=group-1] Bootstrap broker localhost:9092 (id: -1 rack: null) disconnected
2024-11-02 22:32:05 [org.springframework.kafka.KafkaListenerEndpointContainer#1-1-C-1] INFO  o.apache.kafka.clients.NetworkClient - [Consumer clientId=consumer-group-1-6, groupId=group-1] Node -1 disconnected.
2024-11-02 22:32:05 [org.springframework.kafka.KafkaListenerEndpointContainer#1-1-C-1] WARN  o.apache.kafka.clients.NetworkClient - [Consumer clientId=consumer-group-1-6, groupId=group-1] Connection to node -1 (localhost/127.0.0.1:9092) could not be established. Broker may not be available.
2024-11-02 22:32:05 [org.springframework.kafka.KafkaListenerEndpointContainer#1-1-C-1] WARN  o.apache.kafka.clients.NetworkClient - [Consumer clientId=consumer-group-1-6, groupId=group-1] Bootstrap broker localhost:9092 (id: -1 rack: null) disconnected
2024-11-02 22:32:05 [investment-topic-0-C-1] INFO  o.apache.kafka.clients.NetworkClient - [Consumer clientId=consumer-investment-topic-1, groupId=investment-topic] Node -1 disconnected.
2024-11-02 22:32:05 [investment-topic-0-C-1] WARN  o.apache.kafka.clients.NetworkClient - [Consumer clientId=consumer-investment-topic-1, groupId=investment-topic] Connection to node -1 (localhost/127.0.0.1:9092) could not be established. Broker may not be available.
2024-11-02 22:32:05 [investment-topic-0-C-1] WARN  o.apache.kafka.clients.NetworkClient - [Consumer clientId=consumer-investment-topic-1, groupId=investment-topic] Bootstrap broker localhost:9092 (id: -1 rack: null) disconnected
2024-11-02 22:32:05 [org.springframework.kafka.KafkaListenerEndpointContainer#0-1-C-1] INFO  o.apache.kafka.clients.NetworkClient - [Consumer clientId=consumer-group-1-4, groupId=group-1] Node -1 disconnected.
2024-11-02 22:32:05 [org.springframework.kafka.KafkaListenerEndpointContainer#0-1-C-1] WARN  o.apache.kafka.clients.NetworkClient - [Consumer clientId=consumer-group-1-4, groupId=group-1] Connection to node -1 (localhost/127.0.0.1:9092) could not be established. Broker may not be available.
2024-11-02 22:32:05 [org.springframework.kafka.KafkaListenerEndpointContainer#0-1-C-1] WARN  o.apache.kafka.clients.NetworkClient - [Consumer clientId=consumer-group-1-4, groupId=group-1] Bootstrap broker localhost:9092 (id: -1 rack: null) disconnected
2024-11-02 22:32:05 [investment-topic-1-C-1] INFO  o.apache.kafka.clients.NetworkClient - [Consumer clientId=consumer-investment-topic-2, groupId=investment-topic] Node -1 disconnected.
2024-11-02 22:32:05 [investment-topic-1-C-1] WARN  o.apache.kafka.clients.NetworkClient - [Consumer clientId=consumer-investment-topic-2, groupId=investment-topic] Connection to node -1 (localhost/127.0.0.1:9092) could not be established. Broker may not be available.
2024-11-02 22:32:05 [investment-topic-1-C-1] WARN  o.apache.kafka.clients.NetworkClient - [Consumer clientId=consumer-investment-topic-2, groupId=investment-topic] Bootstrap broker localhost:9092 (id: -1 rack: null) disconnected
2024-11-02 22:32:05 [org.springframework.kafka.KafkaListenerEndpointContainer#1-0-C-1] INFO  o.apache.kafka.clients.NetworkClient - [Consumer clientId=consumer-group-1-5, groupId=group-1] Node -1 disconnected.
2024-11-02 22:32:05 [org.springframework.kafka.KafkaListenerEndpointContainer#1-0-C-1] WARN  o.apache.kafka.clients.NetworkClient - [Consumer clientId=consumer-group-1-5, groupId=group-1] Connection to node -1 (localhost/127.0.0.1:9092) could not be established. Broker may not be available.
2024-11-02 22:32:05 [org.springframework.kafka.KafkaListenerEndpointContainer#1-0-C-1] WARN  o.apache.kafka.clients.NetworkClient - [Consumer clientId=consumer-group-1-5, groupId=group-1] Bootstrap broker localhost:9092 (id: -1 rack: null) disconnected
2024-11-02 22:32:05 [org.springframework.kafka.KafkaListenerEndpointContainer#0-0-C-1] INFO  o.apache.kafka.clients.NetworkClient - [Consumer clientId=consumer-group-1-3, groupId=group-1] Node -1 disconnected.
2024-11-02 22:32:05 [org.springframework.kafka.KafkaListenerEndpointContainer#0-0-C-1] WARN  o.apache.kafka.clients.NetworkClient - [Consumer clientId=consumer-group-1-3, groupId=group-1] Connection to node -1 (localhost/127.0.0.1:9092) could not be established. Broker may not be available.
2024-11-02 22:32:05 [org.springframework.kafka.KafkaListenerEndpointContainer#0-0-C-1] WARN  o.apache.kafka.clients.NetworkClient - [Consumer clientId=consumer-group-1-3, groupId=group-1] Bootstrap broker localhost:9092 (id: -1 rack: null) disconnected
2024-11-02 22:32:06 [org.springframework.kafka.KafkaListenerEndpointContainer#1-1-C-1] INFO  o.apache.kafka.clients.NetworkClient - [Consumer clientId=consumer-group-1-6, groupId=group-1] Node -1 disconnected.
2024-11-02 22:32:06 [org.springframework.kafka.KafkaListenerEndpointContainer#1-1-C-1] WARN  o.apache.kafka.clients.NetworkClient - [Consumer clientId=consumer-group-1-6, groupId=group-1] Connection to node -1 (localhost/127.0.0.1:9092) could not be established. Broker may not be available.
2024-11-02 22:32:06 [org.springframework.kafka.KafkaListenerEndpointContainer#1-1-C-1] WARN  o.apache.kafka.clients.NetworkClient - [Consumer clientId=consumer-group-1-6, groupId=group-1] Bootstrap broker localhost:9092 (id: -1 rack: null) disconnected
2024-11-02 22:32:06 [org.springframework.kafka.KafkaListenerEndpointContainer#0-1-C-1] INFO  o.apache.kafka.clients.NetworkClient - [Consumer clientId=consumer-group-1-4, groupId=group-1] Node -1 disconnected.
2024-11-02 22:32:06 [org.springframework.kafka.KafkaListenerEndpointContainer#0-1-C-1] WARN  o.apache.kafka.clients.NetworkClient - [Consumer clientId=consumer-group-1-4, groupId=group-1] Connection to node -1 (localhost/127.0.0.1:9092) could not be established. Broker may not be available.
2024-11-02 22:32:06 [org.springframework.kafka.KafkaListenerEndpointContainer#0-1-C-1] WARN  o.apache.kafka.clients.NetworkClient - [Consumer clientId=consumer-group-1-4, groupId=group-1] Bootstrap broker localhost:9092 (id: -1 rack: null) disconnected
2024-11-02 22:32:06 [investment-topic-0-C-1] INFO  o.apache.kafka.clients.NetworkClient - [Consumer clientId=consumer-investment-topic-1, groupId=investment-topic] Node -1 disconnected.
2024-11-02 22:32:06 [investment-topic-0-C-1] WARN  o.apache.kafka.clients.NetworkClient - [Consumer clientId=consumer-investment-topic-1, groupId=investment-topic] Connection to node -1 (localhost/127.0.0.1:9092) could not be established. Broker may not be available.
2024-11-02 22:32:06 [investment-topic-0-C-1] WARN  o.apache.kafka.clients.NetworkClient - [Consumer clientId=consumer-investment-topic-1, groupId=investment-topic] Bootstrap broker localhost:9092 (id: -1 rack: null) disconnected
2024-11-02 22:32:06 [investment-topic-1-C-1] INFO  o.apache.kafka.clients.NetworkClient - [Consumer clientId=consumer-investment-topic-2, groupId=investment-topic] Node -1 disconnected.
2024-11-02 22:32:06 [investment-topic-1-C-1] WARN  o.apache.kafka.clients.NetworkClient - [Consumer clientId=consumer-investment-topic-2, groupId=investment-topic] Connection to node -1 (localhost/127.0.0.1:9092) could not be established. Broker may not be available.
2024-11-02 22:32:06 [investment-topic-1-C-1] WARN  o.apache.kafka.clients.NetworkClient - [Consumer clientId=consumer-investment-topic-2, groupId=investment-topic] Bootstrap broker localhost:9092 (id: -1 rack: null) disconnected
2024-11-02 22:32:06 [org.springframework.kafka.KafkaListenerEndpointContainer#1-0-C-1] INFO  o.apache.kafka.clients.NetworkClient - [Consumer clientId=consumer-group-1-5, groupId=group-1] Node -1 disconnected.
2024-11-02 22:32:06 [org.springframework.kafka.KafkaListenerEndpointContainer#1-0-C-1] WARN  o.apache.kafka.clients.NetworkClient - [Consumer clientId=consumer-group-1-5, groupId=group-1] Connection to node -1 (localhost/127.0.0.1:9092) could not be established. Broker may not be available.
2024-11-02 22:32:06 [org.springframework.kafka.KafkaListenerEndpointContainer#1-0-C-1] WARN  o.apache.kafka.clients.NetworkClient - [Consumer clientId=consumer-group-1-5, groupId=group-1] Bootstrap broker localhost:9092 (id: -1 rack: null) disconnected
2024-11-02 22:32:07 [org.springframework.kafka.KafkaListenerEndpointContainer#0-0-C-1] INFO  o.apache.kafka.clients.NetworkClient - [Consumer clientId=consumer-group-1-3, groupId=group-1] Node -1 disconnected.
2024-11-02 22:32:07 [org.springframework.kafka.KafkaListenerEndpointContainer#0-0-C-1] WARN  o.apache.kafka.clients.NetworkClient - [Consumer clientId=consumer-group-1-3, groupId=group-1] Connection to node -1 (localhost/127.0.0.1:9092) could not be established. Broker may not be available.
2024-11-02 22:32:07 [org.springframework.kafka.KafkaListenerEndpointContainer#0-0-C-1] WARN  o.apache.kafka.clients.NetworkClient - [Consumer clientId=consumer-group-1-3, groupId=group-1] Bootstrap broker localhost:9092 (id: -1 rack: null) disconnected
2024-11-02 22:32:07 [org.springframework.kafka.KafkaListenerEndpointContainer#1-1-C-1] INFO  o.apache.kafka.clients.NetworkClient - [Consumer clientId=consumer-group-1-6, groupId=group-1] Node -1 disconnected.
2024-11-02 22:32:07 [org.springframework.kafka.KafkaListenerEndpointContainer#1-1-C-1] WARN  o.apache.kafka.clients.NetworkClient - [Consumer clientId=consumer-group-1-6, groupId=group-1] Connection to node -1 (localhost/127.0.0.1:9092) could not be established. Broker may not be available.
2024-11-02 22:32:07 [org.springframework.kafka.KafkaListenerEndpointContainer#1-1-C-1] WARN  o.apache.kafka.clients.NetworkClient - [Consumer clientId=consumer-group-1-6, groupId=group-1] Bootstrap broker localhost:9092 (id: -1 rack: null) disconnected
2024-11-02 22:32:07 [org.springframework.kafka.KafkaListenerEndpointContainer#0-1-C-1] INFO  o.apache.kafka.clients.NetworkClient - [Consumer clientId=consumer-group-1-4, groupId=group-1] Node -1 disconnected.
2024-11-02 22:32:07 [org.springframework.kafka.KafkaListenerEndpointContainer#0-1-C-1] WARN  o.apache.kafka.clients.NetworkClient - [Consumer clientId=consumer-group-1-4, groupId=group-1] Connection to node -1 (localhost/127.0.0.1:9092) could not be established. Broker may not be available.
2024-11-02 22:32:07 [org.springframework.kafka.KafkaListenerEndpointContainer#0-1-C-1] WARN  o.apache.kafka.clients.NetworkClient - [Consumer clientId=consumer-group-1-4, groupId=group-1] Bootstrap broker localhost:9092 (id: -1 rack: null) disconnected
2024-11-02 22:32:07 [investment-topic-0-C-1] INFO  o.apache.kafka.clients.NetworkClient - [Consumer clientId=consumer-investment-topic-1, groupId=investment-topic] Node -1 disconnected.
2024-11-02 22:32:07 [investment-topic-0-C-1] WARN  o.apache.kafka.clients.NetworkClient - [Consumer clientId=consumer-investment-topic-1, groupId=investment-topic] Connection to node -1 (localhost/127.0.0.1:9092) could not be established. Broker may not be available.
2024-11-02 22:32:07 [investment-topic-0-C-1] WARN  o.apache.kafka.clients.NetworkClient - [Consumer clientId=consumer-investment-topic-1, groupId=investment-topic] Bootstrap broker localhost:9092 (id: -1 rack: null) disconnected
2024-11-02 22:32:07 [investment-topic-1-C-1] INFO  o.apache.kafka.clients.NetworkClient - [Consumer clientId=consumer-investment-topic-2, groupId=investment-topic] Node -1 disconnected.
2024-11-02 22:32:07 [investment-topic-1-C-1] WARN  o.apache.kafka.clients.NetworkClient - [Consumer clientId=consumer-investment-topic-2, groupId=investment-topic] Connection to node -1 (localhost/127.0.0.1:9092) could not be established. Broker may not be available.
2024-11-02 22:32:07 [investment-topic-1-C-1] WARN  o.apache.kafka.clients.NetworkClient - [Consumer clientId=consumer-investment-topic-2, groupId=investment-topic] Bootstrap broker localhost:9092 (id: -1 rack: null) disconnected
2024-11-02 22:32:07 [org.springframework.kafka.KafkaListenerEndpointContainer#1-0-C-1] INFO  o.apache.kafka.clients.NetworkClient - [Consumer clientId=consumer-group-1-5, groupId=group-1] Node -1 disconnected.
2024-11-02 22:32:07 [org.springframework.kafka.KafkaListenerEndpointContainer#1-0-C-1] WARN  o.apache.kafka.clients.NetworkClient - [Consumer clientId=consumer-group-1-5, groupId=group-1] Connection to node -1 (localhost/127.0.0.1:9092) could not be established. Broker may not be available.
2024-11-02 22:32:07 [org.springframework.kafka.KafkaListenerEndpointContainer#1-0-C-1] WARN  o.apache.kafka.clients.NetworkClient - [Consumer clientId=consumer-group-1-5, groupId=group-1] Bootstrap broker localhost:9092 (id: -1 rack: null) disconnected
2024-11-02 22:32:08 [org.springframework.kafka.KafkaListenerEndpointContainer#0-1-C-1] INFO  o.apache.kafka.clients.NetworkClient - [Consumer clientId=consumer-group-1-4, groupId=group-1] Node -1 disconnected.
2024-11-02 22:32:08 [org.springframework.kafka.KafkaListenerEndpointContainer#0-1-C-1] WARN  o.apache.kafka.clients.NetworkClient - [Consumer clientId=consumer-group-1-4, groupId=group-1] Connection to node -1 (localhost/127.0.0.1:9092) could not be established. Broker may not be available.
2024-11-02 22:32:08 [org.springframework.kafka.KafkaListenerEndpointContainer#0-1-C-1] WARN  o.apache.kafka.clients.NetworkClient - [Consumer clientId=consumer-group-1-4, groupId=group-1] Bootstrap broker localhost:9092 (id: -1 rack: null) disconnected
2024-11-02 22:32:08 [org.springframework.kafka.KafkaListenerEndpointContainer#1-1-C-1] INFO  o.apache.kafka.clients.NetworkClient - [Consumer clientId=consumer-group-1-6, groupId=group-1] Node -1 disconnected.
2024-11-02 22:32:08 [org.springframework.kafka.KafkaListenerEndpointContainer#1-1-C-1] WARN  o.apache.kafka.clients.NetworkClient - [Consumer clientId=consumer-group-1-6, groupId=group-1] Connection to node -1 (localhost/127.0.0.1:9092) could not be established. Broker may not be available.
2024-11-02 22:32:08 [org.springframework.kafka.KafkaListenerEndpointContainer#1-1-C-1] WARN  o.apache.kafka.clients.NetworkClient - [Consumer clientId=consumer-group-1-6, groupId=group-1] Bootstrap broker localhost:9092 (id: -1 rack: null) disconnected
2024-11-02 22:32:08 [org.springframework.kafka.KafkaListenerEndpointContainer#0-0-C-1] INFO  o.apache.kafka.clients.NetworkClient - [Consumer clientId=consumer-group-1-3, groupId=group-1] Node -1 disconnected.
2024-11-02 22:32:08 [org.springframework.kafka.KafkaListenerEndpointContainer#0-0-C-1] WARN  o.apache.kafka.clients.NetworkClient - [Consumer clientId=consumer-group-1-3, groupId=group-1] Connection to node -1 (localhost/127.0.0.1:9092) could not be established. Broker may not be available.
2024-11-02 22:32:08 [org.springframework.kafka.KafkaListenerEndpointContainer#0-0-C-1] WARN  o.apache.kafka.clients.NetworkClient - [Consumer clientId=consumer-group-1-3, groupId=group-1] Bootstrap broker localhost:9092 (id: -1 rack: null) disconnected
2024-11-02 22:32:08 [investment-topic-1-C-1] INFO  o.apache.kafka.clients.NetworkClient - [Consumer clientId=consumer-investment-topic-2, groupId=investment-topic] Node -1 disconnected.
2024-11-02 22:32:08 [investment-topic-1-C-1] WARN  o.apache.kafka.clients.NetworkClient - [Consumer clientId=consumer-investment-topic-2, groupId=investment-topic] Connection to node -1 (localhost/127.0.0.1:9092) could not be established. Broker may not be available.
2024-11-02 22:32:08 [investment-topic-1-C-1] WARN  o.apache.kafka.clients.NetworkClient - [Consumer clientId=consumer-investment-topic-2, groupId=investment-topic] Bootstrap broker localhost:9092 (id: -1 rack: null) disconnected
2024-11-02 22:32:08 [investment-topic-0-C-1] INFO  o.apache.kafka.clients.NetworkClient - [Consumer clientId=consumer-investment-topic-1, groupId=investment-topic] Node -1 disconnected.
2024-11-02 22:32:08 [investment-topic-0-C-1] WARN  o.apache.kafka.clients.NetworkClient - [Consumer clientId=consumer-investment-topic-1, groupId=investment-topic] Connection to node -1 (localhost/127.0.0.1:9092) could not be established. Broker may not be available.
2024-11-02 22:32:08 [investment-topic-0-C-1] WARN  o.apache.kafka.clients.NetworkClient - [Consumer clientId=consumer-investment-topic-1, groupId=investment-topic] Bootstrap broker localhost:9092 (id: -1 rack: null) disconnected
2024-11-02 22:32:08 [org.springframework.kafka.KafkaListenerEndpointContainer#1-0-C-1] INFO  o.apache.kafka.clients.NetworkClient - [Consumer clientId=consumer-group-1-5, groupId=group-1] Node -1 disconnected.
2024-11-02 22:32:08 [org.springframework.kafka.KafkaListenerEndpointContainer#1-0-C-1] WARN  o.apache.kafka.clients.NetworkClient - [Consumer clientId=consumer-group-1-5, groupId=group-1] Connection to node -1 (localhost/127.0.0.1:9092) could not be established. Broker may not be available.
2024-11-02 22:32:08 [org.springframework.kafka.KafkaListenerEndpointContainer#1-0-C-1] WARN  o.apache.kafka.clients.NetworkClient - [Consumer clientId=consumer-group-1-5, groupId=group-1] Bootstrap broker localhost:9092 (id: -1 rack: null) disconnected
2024-11-02 22:32:09 [org.springframework.kafka.KafkaListenerEndpointContainer#0-0-C-1] INFO  o.apache.kafka.clients.NetworkClient - [Consumer clientId=consumer-group-1-3, groupId=group-1] Node -1 disconnected.
2024-11-02 22:32:09 [org.springframework.kafka.KafkaListenerEndpointContainer#0-0-C-1] WARN  o.apache.kafka.clients.NetworkClient - [Consumer clientId=consumer-group-1-3, groupId=group-1] Connection to node -1 (localhost/127.0.0.1:9092) could not be established. Broker may not be available.
2024-11-02 22:32:09 [org.springframework.kafka.KafkaListenerEndpointContainer#0-0-C-1] WARN  o.apache.kafka.clients.NetworkClient - [Consumer clientId=consumer-group-1-3, groupId=group-1] Bootstrap broker localhost:9092 (id: -1 rack: null) disconnected
2024-11-02 22:32:09 [org.springframework.kafka.KafkaListenerEndpointContainer#0-1-C-1] INFO  o.apache.kafka.clients.NetworkClient - [Consumer clientId=consumer-group-1-4, groupId=group-1] Node -1 disconnected.
2024-11-02 22:32:09 [org.springframework.kafka.KafkaListenerEndpointContainer#0-1-C-1] WARN  o.apache.kafka.clients.NetworkClient - [Consumer clientId=consumer-group-1-4, groupId=group-1] Connection to node -1 (localhost/127.0.0.1:9092) could not be established. Broker may not be available.
2024-11-02 22:32:09 [org.springframework.kafka.KafkaListenerEndpointContainer#0-1-C-1] WARN  o.apache.kafka.clients.NetworkClient - [Consumer clientId=consumer-group-1-4, groupId=group-1] Bootstrap broker localhost:9092 (id: -1 rack: null) disconnected
2024-11-02 22:32:09 [investment-topic-1-C-1] INFO  o.apache.kafka.clients.NetworkClient - [Consumer clientId=consumer-investment-topic-2, groupId=investment-topic] Node -1 disconnected.
2024-11-02 22:32:09 [investment-topic-1-C-1] WARN  o.apache.kafka.clients.NetworkClient - [Consumer clientId=consumer-investment-topic-2, groupId=investment-topic] Connection to node -1 (localhost/127.0.0.1:9092) could not be established. Broker may not be available.
2024-11-02 22:32:09 [investment-topic-1-C-1] WARN  o.apache.kafka.clients.NetworkClient - [Consumer clientId=consumer-investment-topic-2, groupId=investment-topic] Bootstrap broker localhost:9092 (id: -1 rack: null) disconnected
2024-11-02 22:32:09 [org.springframework.kafka.KafkaListenerEndpointContainer#1-1-C-1] INFO  o.apache.kafka.clients.NetworkClient - [Consumer clientId=consumer-group-1-6, groupId=group-1] Node -1 disconnected.
2024-11-02 22:32:09 [org.springframework.kafka.KafkaListenerEndpointContainer#1-1-C-1] WARN  o.apache.kafka.clients.NetworkClient - [Consumer clientId=consumer-group-1-6, groupId=group-1] Connection to node -1 (localhost/127.0.0.1:9092) could not be established. Broker may not be available.
2024-11-02 22:32:09 [org.springframework.kafka.KafkaListenerEndpointContainer#1-1-C-1] WARN  o.apache.kafka.clients.NetworkClient - [Consumer clientId=consumer-group-1-6, groupId=group-1] Bootstrap broker localhost:9092 (id: -1 rack: null) disconnected
2024-11-02 22:32:09 [investment-topic-0-C-1] INFO  o.apache.kafka.clients.NetworkClient - [Consumer clientId=consumer-investment-topic-1, groupId=investment-topic] Node -1 disconnected.
2024-11-02 22:32:09 [investment-topic-0-C-1] WARN  o.apache.kafka.clients.NetworkClient - [Consumer clientId=consumer-investment-topic-1, groupId=investment-topic] Connection to node -1 (localhost/127.0.0.1:9092) could not be established. Broker may not be available.
2024-11-02 22:32:09 [investment-topic-0-C-1] WARN  o.apache.kafka.clients.NetworkClient - [Consumer clientId=consumer-investment-topic-1, groupId=investment-topic] Bootstrap broker localhost:9092 (id: -1 rack: null) disconnected
2024-11-02 22:32:09 [org.springframework.kafka.KafkaListenerEndpointContainer#1-0-C-1] INFO  o.apache.kafka.clients.NetworkClient - [Consumer clientId=consumer-group-1-5, groupId=group-1] Node -1 disconnected.
2024-11-02 22:32:09 [org.springframework.kafka.KafkaListenerEndpointContainer#1-0-C-1] WARN  o.apache.kafka.clients.NetworkClient - [Consumer clientId=consumer-group-1-5, groupId=group-1] Connection to node -1 (localhost/127.0.0.1:9092) could not be established. Broker may not be available.
2024-11-02 22:32:09 [org.springframework.kafka.KafkaListenerEndpointContainer#1-0-C-1] WARN  o.apache.kafka.clients.NetworkClient - [Consumer clientId=consumer-group-1-5, groupId=group-1] Bootstrap broker localhost:9092 (id: -1 rack: null) disconnected
2024-11-02 22:32:10 [org.springframework.kafka.KafkaListenerEndpointContainer#0-1-C-1] INFO  o.apache.kafka.clients.NetworkClient - [Consumer clientId=consumer-group-1-4, groupId=group-1] Node -1 disconnected.
2024-11-02 22:32:10 [org.springframework.kafka.KafkaListenerEndpointContainer#0-1-C-1] WARN  o.apache.kafka.clients.NetworkClient - [Consumer clientId=consumer-group-1-4, groupId=group-1] Connection to node -1 (localhost/127.0.0.1:9092) could not be established. Broker may not be available.
2024-11-02 22:32:10 [org.springframework.kafka.KafkaListenerEndpointContainer#0-1-C-1] WARN  o.apache.kafka.clients.NetworkClient - [Consumer clientId=consumer-group-1-4, groupId=group-1] Bootstrap broker localhost:9092 (id: -1 rack: null) disconnected
2024-11-02 22:32:10 [org.springframework.kafka.KafkaListenerEndpointContainer#0-0-C-1] INFO  o.apache.kafka.clients.NetworkClient - [Consumer clientId=consumer-group-1-3, groupId=group-1] Node -1 disconnected.
2024-11-02 22:32:10 [org.springframework.kafka.KafkaListenerEndpointContainer#0-0-C-1] WARN  o.apache.kafka.clients.NetworkClient - [Consumer clientId=consumer-group-1-3, groupId=group-1] Connection to node -1 (localhost/127.0.0.1:9092) could not be established. Broker may not be available.
2024-11-02 22:32:10 [org.springframework.kafka.KafkaListenerEndpointContainer#0-0-C-1] WARN  o.apache.kafka.clients.NetworkClient - [Consumer clientId=consumer-group-1-3, groupId=group-1] Bootstrap broker localhost:9092 (id: -1 rack: null) disconnected
2024-11-02 22:32:10 [investment-topic-1-C-1] INFO  o.apache.kafka.clients.NetworkClient - [Consumer clientId=consumer-investment-topic-2, groupId=investment-topic] Node -1 disconnected.
2024-11-02 22:32:10 [investment-topic-1-C-1] WARN  o.apache.kafka.clients.NetworkClient - [Consumer clientId=consumer-investment-topic-2, groupId=investment-topic] Connection to node -1 (localhost/127.0.0.1:9092) could not be established. Broker may not be available.
2024-11-02 22:32:10 [investment-topic-1-C-1] WARN  o.apache.kafka.clients.NetworkClient - [Consumer clientId=consumer-investment-topic-2, groupId=investment-topic] Bootstrap broker localhost:9092 (id: -1 rack: null) disconnected
2024-11-02 22:32:10 [org.springframework.kafka.KafkaListenerEndpointContainer#1-1-C-1] INFO  o.apache.kafka.clients.NetworkClient - [Consumer clientId=consumer-group-1-6, groupId=group-1] Node -1 disconnected.
2024-11-02 22:32:10 [org.springframework.kafka.KafkaListenerEndpointContainer#1-1-C-1] WARN  o.apache.kafka.clients.NetworkClient - [Consumer clientId=consumer-group-1-6, groupId=group-1] Connection to node -1 (localhost/127.0.0.1:9092) could not be established. Broker may not be available.
2024-11-02 22:32:10 [org.springframework.kafka.KafkaListenerEndpointContainer#1-1-C-1] WARN  o.apache.kafka.clients.NetworkClient - [Consumer clientId=consumer-group-1-6, groupId=group-1] Bootstrap broker localhost:9092 (id: -1 rack: null) disconnected
2024-11-02 22:32:10 [investment-topic-0-C-1] INFO  o.apache.kafka.clients.NetworkClient - [Consumer clientId=consumer-investment-topic-1, groupId=investment-topic] Node -1 disconnected.
2024-11-02 22:32:10 [investment-topic-0-C-1] WARN  o.apache.kafka.clients.NetworkClient - [Consumer clientId=consumer-investment-topic-1, groupId=investment-topic] Connection to node -1 (localhost/127.0.0.1:9092) could not be established. Broker may not be available.
2024-11-02 22:32:10 [investment-topic-0-C-1] WARN  o.apache.kafka.clients.NetworkClient - [Consumer clientId=consumer-investment-topic-1, groupId=investment-topic] Bootstrap broker localhost:9092 (id: -1 rack: null) disconnected
2024-11-02 22:32:10 [org.springframework.kafka.KafkaListenerEndpointContainer#1-0-C-1] INFO  o.apache.kafka.clients.NetworkClient - [Consumer clientId=consumer-group-1-5, groupId=group-1] Node -1 disconnected.
2024-11-02 22:32:10 [org.springframework.kafka.KafkaListenerEndpointContainer#1-0-C-1] WARN  o.apache.kafka.clients.NetworkClient - [Consumer clientId=consumer-group-1-5, groupId=group-1] Connection to node -1 (localhost/127.0.0.1:9092) could not be established. Broker may not be available.
2024-11-02 22:32:10 [org.springframework.kafka.KafkaListenerEndpointContainer#1-0-C-1] WARN  o.apache.kafka.clients.NetworkClient - [Consumer clientId=consumer-group-1-5, groupId=group-1] Bootstrap broker localhost:9092 (id: -1 rack: null) disconnected
2024-11-02 22:32:11 [org.springframework.kafka.KafkaListenerEndpointContainer#1-1-C-1] INFO  o.apache.kafka.clients.NetworkClient - [Consumer clientId=consumer-group-1-6, groupId=group-1] Node -1 disconnected.
2024-11-02 22:32:11 [org.springframework.kafka.KafkaListenerEndpointContainer#1-1-C-1] WARN  o.apache.kafka.clients.NetworkClient - [Consumer clientId=consumer-group-1-6, groupId=group-1] Connection to node -1 (localhost/127.0.0.1:9092) could not be established. Broker may not be available.
2024-11-02 22:32:11 [org.springframework.kafka.KafkaListenerEndpointContainer#1-1-C-1] WARN  o.apache.kafka.clients.NetworkClient - [Consumer clientId=consumer-group-1-6, groupId=group-1] Bootstrap broker localhost:9092 (id: -1 rack: null) disconnected
2024-11-02 22:32:11 [investment-topic-1-C-1] INFO  o.apache.kafka.clients.NetworkClient - [Consumer clientId=consumer-investment-topic-2, groupId=investment-topic] Node -1 disconnected.
2024-11-02 22:32:11 [investment-topic-1-C-1] WARN  o.apache.kafka.clients.NetworkClient - [Consumer clientId=consumer-investment-topic-2, groupId=investment-topic] Connection to node -1 (localhost/127.0.0.1:9092) could not be established. Broker may not be available.
2024-11-02 22:32:11 [investment-topic-1-C-1] WARN  o.apache.kafka.clients.NetworkClient - [Consumer clientId=consumer-investment-topic-2, groupId=investment-topic] Bootstrap broker localhost:9092 (id: -1 rack: null) disconnected
2024-11-02 22:32:11 [org.springframework.kafka.KafkaListenerEndpointContainer#0-1-C-1] INFO  o.apache.kafka.clients.NetworkClient - [Consumer clientId=consumer-group-1-4, groupId=group-1] Node -1 disconnected.
2024-11-02 22:32:11 [org.springframework.kafka.KafkaListenerEndpointContainer#0-1-C-1] WARN  o.apache.kafka.clients.NetworkClient - [Consumer clientId=consumer-group-1-4, groupId=group-1] Connection to node -1 (localhost/127.0.0.1:9092) could not be established. Broker may not be available.
2024-11-02 22:32:11 [org.springframework.kafka.KafkaListenerEndpointContainer#0-1-C-1] WARN  o.apache.kafka.clients.NetworkClient - [Consumer clientId=consumer-group-1-4, groupId=group-1] Bootstrap broker localhost:9092 (id: -1 rack: null) disconnected
2024-11-02 22:32:11 [investment-topic-0-C-1] INFO  o.apache.kafka.clients.NetworkClient - [Consumer clientId=consumer-investment-topic-1, groupId=investment-topic] Node -1 disconnected.
2024-11-02 22:32:11 [investment-topic-0-C-1] WARN  o.apache.kafka.clients.NetworkClient - [Consumer clientId=consumer-investment-topic-1, groupId=investment-topic] Connection to node -1 (localhost/127.0.0.1:9092) could not be established. Broker may not be available.
2024-11-02 22:32:11 [investment-topic-0-C-1] WARN  o.apache.kafka.clients.NetworkClient - [Consumer clientId=consumer-investment-topic-1, groupId=investment-topic] Bootstrap broker localhost:9092 (id: -1 rack: null) disconnected
2024-11-02 22:32:11 [org.springframework.kafka.KafkaListenerEndpointContainer#0-0-C-1] INFO  o.apache.kafka.clients.NetworkClient - [Consumer clientId=consumer-group-1-3, groupId=group-1] Node -1 disconnected.
2024-11-02 22:32:11 [org.springframework.kafka.KafkaListenerEndpointContainer#0-0-C-1] WARN  o.apache.kafka.clients.NetworkClient - [Consumer clientId=consumer-group-1-3, groupId=group-1] Connection to node -1 (localhost/127.0.0.1:9092) could not be established. Broker may not be available.
2024-11-02 22:32:11 [org.springframework.kafka.KafkaListenerEndpointContainer#0-0-C-1] WARN  o.apache.kafka.clients.NetworkClient - [Consumer clientId=consumer-group-1-3, groupId=group-1] Bootstrap broker localhost:9092 (id: -1 rack: null) disconnected
2024-11-02 22:32:11 [org.springframework.kafka.KafkaListenerEndpointContainer#1-0-C-1] INFO  o.apache.kafka.clients.NetworkClient - [Consumer clientId=consumer-group-1-5, groupId=group-1] Node -1 disconnected.
2024-11-02 22:32:11 [org.springframework.kafka.KafkaListenerEndpointContainer#1-0-C-1] WARN  o.apache.kafka.clients.NetworkClient - [Consumer clientId=consumer-group-1-5, groupId=group-1] Connection to node -1 (localhost/127.0.0.1:9092) could not be established. Broker may not be available.
2024-11-02 22:32:11 [org.springframework.kafka.KafkaListenerEndpointContainer#1-0-C-1] WARN  o.apache.kafka.clients.NetworkClient - [Consumer clientId=consumer-group-1-5, groupId=group-1] Bootstrap broker localhost:9092 (id: -1 rack: null) disconnected
2024-11-02 22:32:12 [org.springframework.kafka.KafkaListenerEndpointContainer#1-1-C-1] INFO  o.apache.kafka.clients.NetworkClient - [Consumer clientId=consumer-group-1-6, groupId=group-1] Node -1 disconnected.
2024-11-02 22:32:12 [org.springframework.kafka.KafkaListenerEndpointContainer#1-1-C-1] WARN  o.apache.kafka.clients.NetworkClient - [Consumer clientId=consumer-group-1-6, groupId=group-1] Connection to node -1 (localhost/127.0.0.1:9092) could not be established. Broker may not be available.
2024-11-02 22:32:12 [org.springframework.kafka.KafkaListenerEndpointContainer#1-1-C-1] WARN  o.apache.kafka.clients.NetworkClient - [Consumer clientId=consumer-group-1-6, groupId=group-1] Bootstrap broker localhost:9092 (id: -1 rack: null) disconnected
2024-11-02 22:32:12 [investment-topic-1-C-1] INFO  o.apache.kafka.clients.NetworkClient - [Consumer clientId=consumer-investment-topic-2, groupId=investment-topic] Node -1 disconnected.
2024-11-02 22:32:12 [investment-topic-1-C-1] WARN  o.apache.kafka.clients.NetworkClient - [Consumer clientId=consumer-investment-topic-2, groupId=investment-topic] Connection to node -1 (localhost/127.0.0.1:9092) could not be established. Broker may not be available.
2024-11-02 22:32:12 [investment-topic-1-C-1] WARN  o.apache.kafka.clients.NetworkClient - [Consumer clientId=consumer-investment-topic-2, groupId=investment-topic] Bootstrap broker localhost:9092 (id: -1 rack: null) disconnected
2024-11-02 22:32:12 [org.springframework.kafka.KafkaListenerEndpointContainer#0-1-C-1] INFO  o.apache.kafka.clients.NetworkClient - [Consumer clientId=consumer-group-1-4, groupId=group-1] Node -1 disconnected.
2024-11-02 22:32:12 [org.springframework.kafka.KafkaListenerEndpointContainer#0-1-C-1] WARN  o.apache.kafka.clients.NetworkClient - [Consumer clientId=consumer-group-1-4, groupId=group-1] Connection to node -1 (localhost/127.0.0.1:9092) could not be established. Broker may not be available.
2024-11-02 22:32:12 [org.springframework.kafka.KafkaListenerEndpointContainer#0-1-C-1] WARN  o.apache.kafka.clients.NetworkClient - [Consumer clientId=consumer-group-1-4, groupId=group-1] Bootstrap broker localhost:9092 (id: -1 rack: null) disconnected
2024-11-02 22:32:12 [investment-topic-0-C-1] INFO  o.apache.kafka.clients.NetworkClient - [Consumer clientId=consumer-investment-topic-1, groupId=investment-topic] Node -1 disconnected.
2024-11-02 22:32:12 [investment-topic-0-C-1] WARN  o.apache.kafka.clients.NetworkClient - [Consumer clientId=consumer-investment-topic-1, groupId=investment-topic] Connection to node -1 (localhost/127.0.0.1:9092) could not be established. Broker may not be available.
2024-11-02 22:32:12 [investment-topic-0-C-1] WARN  o.apache.kafka.clients.NetworkClient - [Consumer clientId=consumer-investment-topic-1, groupId=investment-topic] Bootstrap broker localhost:9092 (id: -1 rack: null) disconnected
2024-11-02 22:32:12 [org.springframework.kafka.KafkaListenerEndpointContainer#0-0-C-1] INFO  o.apache.kafka.clients.NetworkClient - [Consumer clientId=consumer-group-1-3, groupId=group-1] Node -1 disconnected.
2024-11-02 22:32:12 [org.springframework.kafka.KafkaListenerEndpointContainer#0-0-C-1] WARN  o.apache.kafka.clients.NetworkClient - [Consumer clientId=consumer-group-1-3, groupId=group-1] Connection to node -1 (localhost/127.0.0.1:9092) could not be established. Broker may not be available.
2024-11-02 22:32:12 [org.springframework.kafka.KafkaListenerEndpointContainer#0-0-C-1] WARN  o.apache.kafka.clients.NetworkClient - [Consumer clientId=consumer-group-1-3, groupId=group-1] Bootstrap broker localhost:9092 (id: -1 rack: null) disconnected
2024-11-02 22:32:12 [org.springframework.kafka.KafkaListenerEndpointContainer#1-0-C-1] INFO  o.apache.kafka.clients.NetworkClient - [Consumer clientId=consumer-group-1-5, groupId=group-1] Node -1 disconnected.
2024-11-02 22:32:12 [org.springframework.kafka.KafkaListenerEndpointContainer#1-0-C-1] WARN  o.apache.kafka.clients.NetworkClient - [Consumer clientId=consumer-group-1-5, groupId=group-1] Connection to node -1 (localhost/127.0.0.1:9092) could not be established. Broker may not be available.
2024-11-02 22:32:12 [org.springframework.kafka.KafkaListenerEndpointContainer#1-0-C-1] WARN  o.apache.kafka.clients.NetworkClient - [Consumer clientId=consumer-group-1-5, groupId=group-1] Bootstrap broker localhost:9092 (id: -1 rack: null) disconnected
2024-11-02 22:32:12 [org.springframework.kafka.KafkaListenerEndpointContainer#1-1-C-1] INFO  o.apache.kafka.clients.NetworkClient - [Consumer clientId=consumer-group-1-6, groupId=group-1] Node -1 disconnected.
2024-11-02 22:32:12 [org.springframework.kafka.KafkaListenerEndpointContainer#1-1-C-1] WARN  o.apache.kafka.clients.NetworkClient - [Consumer clientId=consumer-group-1-6, groupId=group-1] Connection to node -1 (localhost/127.0.0.1:9092) could not be established. Broker may not be available.
2024-11-02 22:32:12 [org.springframework.kafka.KafkaListenerEndpointContainer#1-1-C-1] WARN  o.apache.kafka.clients.NetworkClient - [Consumer clientId=consumer-group-1-6, groupId=group-1] Bootstrap broker localhost:9092 (id: -1 rack: null) disconnected
2024-11-02 22:32:13 [investment-topic-1-C-1] INFO  o.apache.kafka.clients.NetworkClient - [Consumer clientId=consumer-investment-topic-2, groupId=investment-topic] Node -1 disconnected.
2024-11-02 22:32:13 [investment-topic-1-C-1] WARN  o.apache.kafka.clients.NetworkClient - [Consumer clientId=consumer-investment-topic-2, groupId=investment-topic] Connection to node -1 (localhost/127.0.0.1:9092) could not be established. Broker may not be available.
2024-11-02 22:32:13 [investment-topic-1-C-1] WARN  o.apache.kafka.clients.NetworkClient - [Consumer clientId=consumer-investment-topic-2, groupId=investment-topic] Bootstrap broker localhost:9092 (id: -1 rack: null) disconnected
2024-11-02 22:32:13 [org.springframework.kafka.KafkaListenerEndpointContainer#0-1-C-1] INFO  o.apache.kafka.clients.NetworkClient - [Consumer clientId=consumer-group-1-4, groupId=group-1] Node -1 disconnected.
2024-11-02 22:32:13 [org.springframework.kafka.KafkaListenerEndpointContainer#0-1-C-1] WARN  o.apache.kafka.clients.NetworkClient - [Consumer clientId=consumer-group-1-4, groupId=group-1] Connection to node -1 (localhost/127.0.0.1:9092) could not be established. Broker may not be available.
2024-11-02 22:32:13 [org.springframework.kafka.KafkaListenerEndpointContainer#0-1-C-1] WARN  o.apache.kafka.clients.NetworkClient - [Consumer clientId=consumer-group-1-4, groupId=group-1] Bootstrap broker localhost:9092 (id: -1 rack: null) disconnected
2024-11-02 22:32:13 [investment-topic-0-C-1] INFO  o.apache.kafka.clients.NetworkClient - [Consumer clientId=consumer-investment-topic-1, groupId=investment-topic] Node -1 disconnected.
2024-11-02 22:32:13 [investment-topic-0-C-1] WARN  o.apache.kafka.clients.NetworkClient - [Consumer clientId=consumer-investment-topic-1, groupId=investment-topic] Connection to node -1 (localhost/127.0.0.1:9092) could not be established. Broker may not be available.
2024-11-02 22:32:13 [investment-topic-0-C-1] WARN  o.apache.kafka.clients.NetworkClient - [Consumer clientId=consumer-investment-topic-1, groupId=investment-topic] Bootstrap broker localhost:9092 (id: -1 rack: null) disconnected
2024-11-02 22:32:13 [org.springframework.kafka.KafkaListenerEndpointContainer#0-0-C-1] INFO  o.apache.kafka.clients.NetworkClient - [Consumer clientId=consumer-group-1-3, groupId=group-1] Node -1 disconnected.
2024-11-02 22:32:13 [org.springframework.kafka.KafkaListenerEndpointContainer#0-0-C-1] WARN  o.apache.kafka.clients.NetworkClient - [Consumer clientId=consumer-group-1-3, groupId=group-1] Connection to node -1 (localhost/127.0.0.1:9092) could not be established. Broker may not be available.
2024-11-02 22:32:13 [org.springframework.kafka.KafkaListenerEndpointContainer#0-0-C-1] WARN  o.apache.kafka.clients.NetworkClient - [Consumer clientId=consumer-group-1-3, groupId=group-1] Bootstrap broker localhost:9092 (id: -1 rack: null) disconnected
2024-11-02 22:32:13 [org.springframework.kafka.KafkaListenerEndpointContainer#1-1-C-1] INFO  o.apache.kafka.clients.NetworkClient - [Consumer clientId=consumer-group-1-6, groupId=group-1] Node -1 disconnected.
2024-11-02 22:32:13 [org.springframework.kafka.KafkaListenerEndpointContainer#1-1-C-1] WARN  o.apache.kafka.clients.NetworkClient - [Consumer clientId=consumer-group-1-6, groupId=group-1] Connection to node -1 (localhost/127.0.0.1:9092) could not be established. Broker may not be available.
2024-11-02 22:32:13 [org.springframework.kafka.KafkaListenerEndpointContainer#1-1-C-1] WARN  o.apache.kafka.clients.NetworkClient - [Consumer clientId=consumer-group-1-6, groupId=group-1] Bootstrap broker localhost:9092 (id: -1 rack: null) disconnected
2024-11-02 22:32:13 [org.springframework.kafka.KafkaListenerEndpointContainer#1-0-C-1] INFO  o.apache.kafka.clients.NetworkClient - [Consumer clientId=consumer-group-1-5, groupId=group-1] Node -1 disconnected.
2024-11-02 22:32:13 [org.springframework.kafka.KafkaListenerEndpointContainer#1-0-C-1] WARN  o.apache.kafka.clients.NetworkClient - [Consumer clientId=consumer-group-1-5, groupId=group-1] Connection to node -1 (localhost/127.0.0.1:9092) could not be established. Broker may not be available.
2024-11-02 22:32:13 [org.springframework.kafka.KafkaListenerEndpointContainer#1-0-C-1] WARN  o.apache.kafka.clients.NetworkClient - [Consumer clientId=consumer-group-1-5, groupId=group-1] Bootstrap broker localhost:9092 (id: -1 rack: null) disconnected
2024-11-02 22:32:14 [org.springframework.kafka.KafkaListenerEndpointContainer#0-1-C-1] INFO  o.apache.kafka.clients.NetworkClient - [Consumer clientId=consumer-group-1-4, groupId=group-1] Node -1 disconnected.
2024-11-02 22:32:14 [org.springframework.kafka.KafkaListenerEndpointContainer#0-1-C-1] WARN  o.apache.kafka.clients.NetworkClient - [Consumer clientId=consumer-group-1-4, groupId=group-1] Connection to node -1 (localhost/127.0.0.1:9092) could not be established. Broker may not be available.
2024-11-02 22:32:14 [org.springframework.kafka.KafkaListenerEndpointContainer#0-1-C-1] WARN  o.apache.kafka.clients.NetworkClient - [Consumer clientId=consumer-group-1-4, groupId=group-1] Bootstrap broker localhost:9092 (id: -1 rack: null) disconnected
2024-11-02 22:32:14 [investment-topic-1-C-1] INFO  o.apache.kafka.clients.NetworkClient - [Consumer clientId=consumer-investment-topic-2, groupId=investment-topic] Node -1 disconnected.
2024-11-02 22:32:14 [investment-topic-1-C-1] WARN  o.apache.kafka.clients.NetworkClient - [Consumer clientId=consumer-investment-topic-2, groupId=investment-topic] Connection to node -1 (localhost/127.0.0.1:9092) could not be established. Broker may not be available.
2024-11-02 22:32:14 [investment-topic-1-C-1] WARN  o.apache.kafka.clients.NetworkClient - [Consumer clientId=consumer-investment-topic-2, groupId=investment-topic] Bootstrap broker localhost:9092 (id: -1 rack: null) disconnected
2024-11-02 22:32:14 [investment-topic-0-C-1] INFO  o.apache.kafka.clients.NetworkClient - [Consumer clientId=consumer-investment-topic-1, groupId=investment-topic] Node -1 disconnected.
2024-11-02 22:32:14 [investment-topic-0-C-1] WARN  o.apache.kafka.clients.NetworkClient - [Consumer clientId=consumer-investment-topic-1, groupId=investment-topic] Connection to node -1 (localhost/127.0.0.1:9092) could not be established. Broker may not be available.
2024-11-02 22:32:14 [investment-topic-0-C-1] WARN  o.apache.kafka.clients.NetworkClient - [Consumer clientId=consumer-investment-topic-1, groupId=investment-topic] Bootstrap broker localhost:9092 (id: -1 rack: null) disconnected
2024-11-02 22:32:14 [org.springframework.kafka.KafkaListenerEndpointContainer#0-0-C-1] INFO  o.apache.kafka.clients.NetworkClient - [Consumer clientId=consumer-group-1-3, groupId=group-1] Node -1 disconnected.
2024-11-02 22:32:14 [org.springframework.kafka.KafkaListenerEndpointContainer#0-0-C-1] WARN  o.apache.kafka.clients.NetworkClient - [Consumer clientId=consumer-group-1-3, groupId=group-1] Connection to node -1 (localhost/127.0.0.1:9092) could not be established. Broker may not be available.
2024-11-02 22:32:14 [org.springframework.kafka.KafkaListenerEndpointContainer#0-0-C-1] WARN  o.apache.kafka.clients.NetworkClient - [Consumer clientId=consumer-group-1-3, groupId=group-1] Bootstrap broker localhost:9092 (id: -1 rack: null) disconnected
2024-11-02 22:32:14 [org.springframework.kafka.KafkaListenerEndpointContainer#1-1-C-1] INFO  o.apache.kafka.clients.NetworkClient - [Consumer clientId=consumer-group-1-6, groupId=group-1] Node -1 disconnected.
2024-11-02 22:32:14 [org.springframework.kafka.KafkaListenerEndpointContainer#1-1-C-1] WARN  o.apache.kafka.clients.NetworkClient - [Consumer clientId=consumer-group-1-6, groupId=group-1] Connection to node -1 (localhost/127.0.0.1:9092) could not be established. Broker may not be available.
2024-11-02 22:32:14 [org.springframework.kafka.KafkaListenerEndpointContainer#1-1-C-1] WARN  o.apache.kafka.clients.NetworkClient - [Consumer clientId=consumer-group-1-6, groupId=group-1] Bootstrap broker localhost:9092 (id: -1 rack: null) disconnected
2024-11-02 22:32:14 [org.springframework.kafka.KafkaListenerEndpointContainer#0-1-C-1] INFO  o.apache.kafka.clients.NetworkClient - [Consumer clientId=consumer-group-1-4, groupId=group-1] Node -1 disconnected.
2024-11-02 22:32:14 [org.springframework.kafka.KafkaListenerEndpointContainer#0-1-C-1] WARN  o.apache.kafka.clients.NetworkClient - [Consumer clientId=consumer-group-1-4, groupId=group-1] Connection to node -1 (localhost/127.0.0.1:9092) could not be established. Broker may not be available.
2024-11-02 22:32:14 [org.springframework.kafka.KafkaListenerEndpointContainer#0-1-C-1] WARN  o.apache.kafka.clients.NetworkClient - [Consumer clientId=consumer-group-1-4, groupId=group-1] Bootstrap broker localhost:9092 (id: -1 rack: null) disconnected
2024-11-02 22:32:14 [org.springframework.kafka.KafkaListenerEndpointContainer#1-0-C-1] INFO  o.apache.kafka.clients.NetworkClient - [Consumer clientId=consumer-group-1-5, groupId=group-1] Node -1 disconnected.
2024-11-02 22:32:14 [org.springframework.kafka.KafkaListenerEndpointContainer#1-0-C-1] WARN  o.apache.kafka.clients.NetworkClient - [Consumer clientId=consumer-group-1-5, groupId=group-1] Connection to node -1 (localhost/127.0.0.1:9092) could not be established. Broker may not be available.
2024-11-02 22:32:14 [org.springframework.kafka.KafkaListenerEndpointContainer#1-0-C-1] WARN  o.apache.kafka.clients.NetworkClient - [Consumer clientId=consumer-group-1-5, groupId=group-1] Bootstrap broker localhost:9092 (id: -1 rack: null) disconnected
2024-11-02 22:32:15 [investment-topic-1-C-1] INFO  o.apache.kafka.clients.NetworkClient - [Consumer clientId=consumer-investment-topic-2, groupId=investment-topic] Node -1 disconnected.
2024-11-02 22:32:15 [investment-topic-1-C-1] WARN  o.apache.kafka.clients.NetworkClient - [Consumer clientId=consumer-investment-topic-2, groupId=investment-topic] Connection to node -1 (localhost/127.0.0.1:9092) could not be established. Broker may not be available.
2024-11-02 22:32:15 [investment-topic-1-C-1] WARN  o.apache.kafka.clients.NetworkClient - [Consumer clientId=consumer-investment-topic-2, groupId=investment-topic] Bootstrap broker localhost:9092 (id: -1 rack: null) disconnected
2024-11-02 22:32:15 [org.springframework.kafka.KafkaListenerEndpointContainer#0-0-C-1] INFO  o.apache.kafka.clients.NetworkClient - [Consumer clientId=consumer-group-1-3, groupId=group-1] Node -1 disconnected.
2024-11-02 22:32:15 [org.springframework.kafka.KafkaListenerEndpointContainer#0-0-C-1] WARN  o.apache.kafka.clients.NetworkClient - [Consumer clientId=consumer-group-1-3, groupId=group-1] Connection to node -1 (localhost/127.0.0.1:9092) could not be established. Broker may not be available.
2024-11-02 22:32:15 [org.springframework.kafka.KafkaListenerEndpointContainer#0-0-C-1] WARN  o.apache.kafka.clients.NetworkClient - [Consumer clientId=consumer-group-1-3, groupId=group-1] Bootstrap broker localhost:9092 (id: -1 rack: null) disconnected
2024-11-02 22:32:15 [investment-topic-0-C-1] INFO  o.apache.kafka.clients.NetworkClient - [Consumer clientId=consumer-investment-topic-1, groupId=investment-topic] Node -1 disconnected.
2024-11-02 22:32:15 [investment-topic-0-C-1] WARN  o.apache.kafka.clients.NetworkClient - [Consumer clientId=consumer-investment-topic-1, groupId=investment-topic] Connection to node -1 (localhost/127.0.0.1:9092) could not be established. Broker may not be available.
2024-11-02 22:32:15 [investment-topic-0-C-1] WARN  o.apache.kafka.clients.NetworkClient - [Consumer clientId=consumer-investment-topic-1, groupId=investment-topic] Bootstrap broker localhost:9092 (id: -1 rack: null) disconnected
2024-11-02 22:32:15 [org.springframework.kafka.KafkaListenerEndpointContainer#1-1-C-1] INFO  o.apache.kafka.clients.NetworkClient - [Consumer clientId=consumer-group-1-6, groupId=group-1] Node -1 disconnected.
2024-11-02 22:32:15 [org.springframework.kafka.KafkaListenerEndpointContainer#1-1-C-1] WARN  o.apache.kafka.clients.NetworkClient - [Consumer clientId=consumer-group-1-6, groupId=group-1] Connection to node -1 (localhost/127.0.0.1:9092) could not be established. Broker may not be available.
2024-11-02 22:32:15 [org.springframework.kafka.KafkaListenerEndpointContainer#1-1-C-1] WARN  o.apache.kafka.clients.NetworkClient - [Consumer clientId=consumer-group-1-6, groupId=group-1] Bootstrap broker localhost:9092 (id: -1 rack: null) disconnected
2024-11-02 22:32:15 [org.springframework.kafka.KafkaListenerEndpointContainer#0-1-C-1] INFO  o.apache.kafka.clients.NetworkClient - [Consumer clientId=consumer-group-1-4, groupId=group-1] Node -1 disconnected.
2024-11-02 22:32:15 [org.springframework.kafka.KafkaListenerEndpointContainer#0-1-C-1] WARN  o.apache.kafka.clients.NetworkClient - [Consumer clientId=consumer-group-1-4, groupId=group-1] Connection to node -1 (localhost/127.0.0.1:9092) could not be established. Broker may not be available.
2024-11-02 22:32:15 [org.springframework.kafka.KafkaListenerEndpointContainer#0-1-C-1] WARN  o.apache.kafka.clients.NetworkClient - [Consumer clientId=consumer-group-1-4, groupId=group-1] Bootstrap broker localhost:9092 (id: -1 rack: null) disconnected
2024-11-02 22:32:15 [org.springframework.kafka.KafkaListenerEndpointContainer#1-0-C-1] INFO  o.apache.kafka.clients.NetworkClient - [Consumer clientId=consumer-group-1-5, groupId=group-1] Node -1 disconnected.
2024-11-02 22:32:15 [org.springframework.kafka.KafkaListenerEndpointContainer#1-0-C-1] WARN  o.apache.kafka.clients.NetworkClient - [Consumer clientId=consumer-group-1-5, groupId=group-1] Connection to node -1 (localhost/127.0.0.1:9092) could not be established. Broker may not be available.
2024-11-02 22:32:15 [org.springframework.kafka.KafkaListenerEndpointContainer#1-0-C-1] WARN  o.apache.kafka.clients.NetworkClient - [Consumer clientId=consumer-group-1-5, groupId=group-1] Bootstrap broker localhost:9092 (id: -1 rack: null) disconnected
2024-11-02 22:32:16 [investment-topic-0-C-1] INFO  o.apache.kafka.clients.NetworkClient - [Consumer clientId=consumer-investment-topic-1, groupId=investment-topic] Node -1 disconnected.
2024-11-02 22:32:16 [investment-topic-0-C-1] WARN  o.apache.kafka.clients.NetworkClient - [Consumer clientId=consumer-investment-topic-1, groupId=investment-topic] Connection to node -1 (localhost/127.0.0.1:9092) could not be established. Broker may not be available.
2024-11-02 22:32:16 [investment-topic-0-C-1] WARN  o.apache.kafka.clients.NetworkClient - [Consumer clientId=consumer-investment-topic-1, groupId=investment-topic] Bootstrap broker localhost:9092 (id: -1 rack: null) disconnected
2024-11-02 22:32:16 [investment-topic-1-C-1] INFO  o.apache.kafka.clients.NetworkClient - [Consumer clientId=consumer-investment-topic-2, groupId=investment-topic] Node -1 disconnected.
2024-11-02 22:32:16 [investment-topic-1-C-1] WARN  o.apache.kafka.clients.NetworkClient - [Consumer clientId=consumer-investment-topic-2, groupId=investment-topic] Connection to node -1 (localhost/127.0.0.1:9092) could not be established. Broker may not be available.
2024-11-02 22:32:16 [investment-topic-1-C-1] WARN  o.apache.kafka.clients.NetworkClient - [Consumer clientId=consumer-investment-topic-2, groupId=investment-topic] Bootstrap broker localhost:9092 (id: -1 rack: null) disconnected
2024-11-02 22:32:16 [org.springframework.kafka.KafkaListenerEndpointContainer#0-0-C-1] INFO  o.apache.kafka.clients.NetworkClient - [Consumer clientId=consumer-group-1-3, groupId=group-1] Node -1 disconnected.
2024-11-02 22:32:16 [org.springframework.kafka.KafkaListenerEndpointContainer#0-0-C-1] WARN  o.apache.kafka.clients.NetworkClient - [Consumer clientId=consumer-group-1-3, groupId=group-1] Connection to node -1 (localhost/127.0.0.1:9092) could not be established. Broker may not be available.
2024-11-02 22:32:16 [org.springframework.kafka.KafkaListenerEndpointContainer#0-0-C-1] WARN  o.apache.kafka.clients.NetworkClient - [Consumer clientId=consumer-group-1-3, groupId=group-1] Bootstrap broker localhost:9092 (id: -1 rack: null) disconnected
2024-11-02 22:32:16 [org.springframework.kafka.KafkaListenerEndpointContainer#0-1-C-1] INFO  o.apache.kafka.clients.NetworkClient - [Consumer clientId=consumer-group-1-4, groupId=group-1] Node -1 disconnected.
2024-11-02 22:32:16 [org.springframework.kafka.KafkaListenerEndpointContainer#0-1-C-1] WARN  o.apache.kafka.clients.NetworkClient - [Consumer clientId=consumer-group-1-4, groupId=group-1] Connection to node -1 (localhost/127.0.0.1:9092) could not be established. Broker may not be available.
2024-11-02 22:32:16 [org.springframework.kafka.KafkaListenerEndpointContainer#0-1-C-1] WARN  o.apache.kafka.clients.NetworkClient - [Consumer clientId=consumer-group-1-4, groupId=group-1] Bootstrap broker localhost:9092 (id: -1 rack: null) disconnected
2024-11-02 22:32:16 [org.springframework.kafka.KafkaListenerEndpointContainer#1-1-C-1] INFO  o.apache.kafka.clients.NetworkClient - [Consumer clientId=consumer-group-1-6, groupId=group-1] Node -1 disconnected.
2024-11-02 22:32:16 [org.springframework.kafka.KafkaListenerEndpointContainer#1-1-C-1] WARN  o.apache.kafka.clients.NetworkClient - [Consumer clientId=consumer-group-1-6, groupId=group-1] Connection to node -1 (localhost/127.0.0.1:9092) could not be established. Broker may not be available.
2024-11-02 22:32:16 [org.springframework.kafka.KafkaListenerEndpointContainer#1-1-C-1] WARN  o.apache.kafka.clients.NetworkClient - [Consumer clientId=consumer-group-1-6, groupId=group-1] Bootstrap broker localhost:9092 (id: -1 rack: null) disconnected
2024-11-02 22:32:17 [org.springframework.kafka.KafkaListenerEndpointContainer#1-0-C-1] INFO  o.apache.kafka.clients.NetworkClient - [Consumer clientId=consumer-group-1-5, groupId=group-1] Node -1 disconnected.
2024-11-02 22:32:17 [org.springframework.kafka.KafkaListenerEndpointContainer#1-0-C-1] WARN  o.apache.kafka.clients.NetworkClient - [Consumer clientId=consumer-group-1-5, groupId=group-1] Connection to node -1 (localhost/127.0.0.1:9092) could not be established. Broker may not be available.
2024-11-02 22:32:17 [org.springframework.kafka.KafkaListenerEndpointContainer#1-0-C-1] WARN  o.apache.kafka.clients.NetworkClient - [Consumer clientId=consumer-group-1-5, groupId=group-1] Bootstrap broker localhost:9092 (id: -1 rack: null) disconnected
2024-11-02 22:32:17 [investment-topic-0-C-1] INFO  o.apache.kafka.clients.NetworkClient - [Consumer clientId=consumer-investment-topic-1, groupId=investment-topic] Node -1 disconnected.
2024-11-02 22:32:17 [investment-topic-0-C-1] WARN  o.apache.kafka.clients.NetworkClient - [Consumer clientId=consumer-investment-topic-1, groupId=investment-topic] Connection to node -1 (localhost/127.0.0.1:9092) could not be established. Broker may not be available.
2024-11-02 22:32:17 [investment-topic-0-C-1] WARN  o.apache.kafka.clients.NetworkClient - [Consumer clientId=consumer-investment-topic-1, groupId=investment-topic] Bootstrap broker localhost:9092 (id: -1 rack: null) disconnected
2024-11-02 22:32:17 [org.springframework.kafka.KafkaListenerEndpointContainer#0-0-C-1] INFO  o.apache.kafka.clients.NetworkClient - [Consumer clientId=consumer-group-1-3, groupId=group-1] Node -1 disconnected.
2024-11-02 22:32:17 [org.springframework.kafka.KafkaListenerEndpointContainer#0-0-C-1] WARN  o.apache.kafka.clients.NetworkClient - [Consumer clientId=consumer-group-1-3, groupId=group-1] Connection to node -1 (localhost/127.0.0.1:9092) could not be established. Broker may not be available.
2024-11-02 22:32:17 [org.springframework.kafka.KafkaListenerEndpointContainer#0-0-C-1] WARN  o.apache.kafka.clients.NetworkClient - [Consumer clientId=consumer-group-1-3, groupId=group-1] Bootstrap broker localhost:9092 (id: -1 rack: null) disconnected
2024-11-02 22:32:17 [investment-topic-1-C-1] INFO  o.apache.kafka.clients.NetworkClient - [Consumer clientId=consumer-investment-topic-2, groupId=investment-topic] Node -1 disconnected.
2024-11-02 22:32:17 [investment-topic-1-C-1] WARN  o.apache.kafka.clients.NetworkClient - [Consumer clientId=consumer-investment-topic-2, groupId=investment-topic] Connection to node -1 (localhost/127.0.0.1:9092) could not be established. Broker may not be available.
2024-11-02 22:32:17 [investment-topic-1-C-1] WARN  o.apache.kafka.clients.NetworkClient - [Consumer clientId=consumer-investment-topic-2, groupId=investment-topic] Bootstrap broker localhost:9092 (id: -1 rack: null) disconnected
2024-11-02 22:32:17 [org.springframework.kafka.KafkaListenerEndpointContainer#1-1-C-1] INFO  o.apache.kafka.clients.NetworkClient - [Consumer clientId=consumer-group-1-6, groupId=group-1] Node -1 disconnected.
2024-11-02 22:32:17 [org.springframework.kafka.KafkaListenerEndpointContainer#1-1-C-1] WARN  o.apache.kafka.clients.NetworkClient - [Consumer clientId=consumer-group-1-6, groupId=group-1] Connection to node -1 (localhost/127.0.0.1:9092) could not be established. Broker may not be available.
2024-11-02 22:32:17 [org.springframework.kafka.KafkaListenerEndpointContainer#1-1-C-1] WARN  o.apache.kafka.clients.NetworkClient - [Consumer clientId=consumer-group-1-6, groupId=group-1] Bootstrap broker localhost:9092 (id: -1 rack: null) disconnected
2024-11-02 22:32:17 [org.springframework.kafka.KafkaListenerEndpointContainer#0-1-C-1] INFO  o.apache.kafka.clients.NetworkClient - [Consumer clientId=consumer-group-1-4, groupId=group-1] Node -1 disconnected.
2024-11-02 22:32:17 [org.springframework.kafka.KafkaListenerEndpointContainer#0-1-C-1] WARN  o.apache.kafka.clients.NetworkClient - [Consumer clientId=consumer-group-1-4, groupId=group-1] Connection to node -1 (localhost/127.0.0.1:9092) could not be established. Broker may not be available.
2024-11-02 22:32:17 [org.springframework.kafka.KafkaListenerEndpointContainer#0-1-C-1] WARN  o.apache.kafka.clients.NetworkClient - [Consumer clientId=consumer-group-1-4, groupId=group-1] Bootstrap broker localhost:9092 (id: -1 rack: null) disconnected
2024-11-02 22:32:18 [org.springframework.kafka.KafkaListenerEndpointContainer#1-0-C-1] INFO  o.apache.kafka.clients.NetworkClient - [Consumer clientId=consumer-group-1-5, groupId=group-1] Node -1 disconnected.
2024-11-02 22:32:18 [org.springframework.kafka.KafkaListenerEndpointContainer#1-0-C-1] WARN  o.apache.kafka.clients.NetworkClient - [Consumer clientId=consumer-group-1-5, groupId=group-1] Connection to node -1 (localhost/127.0.0.1:9092) could not be established. Broker may not be available.
2024-11-02 22:32:18 [org.springframework.kafka.KafkaListenerEndpointContainer#1-0-C-1] WARN  o.apache.kafka.clients.NetworkClient - [Consumer clientId=consumer-group-1-5, groupId=group-1] Bootstrap broker localhost:9092 (id: -1 rack: null) disconnected
2024-11-02 22:32:18 [investment-topic-1-C-1] INFO  o.apache.kafka.clients.NetworkClient - [Consumer clientId=consumer-investment-topic-2, groupId=investment-topic] Node -1 disconnected.
2024-11-02 22:32:18 [investment-topic-1-C-1] WARN  o.apache.kafka.clients.NetworkClient - [Consumer clientId=consumer-investment-topic-2, groupId=investment-topic] Connection to node -1 (localhost/127.0.0.1:9092) could not be established. Broker may not be available.
2024-11-02 22:32:18 [investment-topic-1-C-1] WARN  o.apache.kafka.clients.NetworkClient - [Consumer clientId=consumer-investment-topic-2, groupId=investment-topic] Bootstrap broker localhost:9092 (id: -1 rack: null) disconnected
2024-11-02 22:32:18 [org.springframework.kafka.KafkaListenerEndpointContainer#0-0-C-1] INFO  o.apache.kafka.clients.NetworkClient - [Consumer clientId=consumer-group-1-3, groupId=group-1] Node -1 disconnected.
2024-11-02 22:32:18 [org.springframework.kafka.KafkaListenerEndpointContainer#0-0-C-1] WARN  o.apache.kafka.clients.NetworkClient - [Consumer clientId=consumer-group-1-3, groupId=group-1] Connection to node -1 (localhost/127.0.0.1:9092) could not be established. Broker may not be available.
2024-11-02 22:32:18 [org.springframework.kafka.KafkaListenerEndpointContainer#0-0-C-1] WARN  o.apache.kafka.clients.NetworkClient - [Consumer clientId=consumer-group-1-3, groupId=group-1] Bootstrap broker localhost:9092 (id: -1 rack: null) disconnected
2024-11-02 22:32:18 [investment-topic-0-C-1] INFO  o.apache.kafka.clients.NetworkClient - [Consumer clientId=consumer-investment-topic-1, groupId=investment-topic] Node -1 disconnected.
2024-11-02 22:32:18 [investment-topic-0-C-1] WARN  o.apache.kafka.clients.NetworkClient - [Consumer clientId=consumer-investment-topic-1, groupId=investment-topic] Connection to node -1 (localhost/127.0.0.1:9092) could not be established. Broker may not be available.
2024-11-02 22:32:18 [investment-topic-0-C-1] WARN  o.apache.kafka.clients.NetworkClient - [Consumer clientId=consumer-investment-topic-1, groupId=investment-topic] Bootstrap broker localhost:9092 (id: -1 rack: null) disconnected
2024-11-02 22:32:18 [org.springframework.kafka.KafkaListenerEndpointContainer#1-1-C-1] INFO  o.apache.kafka.clients.NetworkClient - [Consumer clientId=consumer-group-1-6, groupId=group-1] Node -1 disconnected.
2024-11-02 22:32:18 [org.springframework.kafka.KafkaListenerEndpointContainer#1-1-C-1] WARN  o.apache.kafka.clients.NetworkClient - [Consumer clientId=consumer-group-1-6, groupId=group-1] Connection to node -1 (localhost/127.0.0.1:9092) could not be established. Broker may not be available.
2024-11-02 22:32:18 [org.springframework.kafka.KafkaListenerEndpointContainer#1-1-C-1] WARN  o.apache.kafka.clients.NetworkClient - [Consumer clientId=consumer-group-1-6, groupId=group-1] Bootstrap broker localhost:9092 (id: -1 rack: null) disconnected
2024-11-02 22:32:18 [org.springframework.kafka.KafkaListenerEndpointContainer#0-1-C-1] INFO  o.apache.kafka.clients.NetworkClient - [Consumer clientId=consumer-group-1-4, groupId=group-1] Node -1 disconnected.
2024-11-02 22:32:18 [org.springframework.kafka.KafkaListenerEndpointContainer#0-1-C-1] WARN  o.apache.kafka.clients.NetworkClient - [Consumer clientId=consumer-group-1-4, groupId=group-1] Connection to node -1 (localhost/127.0.0.1:9092) could not be established. Broker may not be available.
2024-11-02 22:32:18 [org.springframework.kafka.KafkaListenerEndpointContainer#0-1-C-1] WARN  o.apache.kafka.clients.NetworkClient - [Consumer clientId=consumer-group-1-4, groupId=group-1] Bootstrap broker localhost:9092 (id: -1 rack: null) disconnected
2024-11-02 22:32:19 [org.springframework.kafka.KafkaListenerEndpointContainer#1-0-C-1] INFO  o.apache.kafka.clients.NetworkClient - [Consumer clientId=consumer-group-1-5, groupId=group-1] Node -1 disconnected.
2024-11-02 22:32:19 [org.springframework.kafka.KafkaListenerEndpointContainer#1-0-C-1] WARN  o.apache.kafka.clients.NetworkClient - [Consumer clientId=consumer-group-1-5, groupId=group-1] Connection to node -1 (localhost/127.0.0.1:9092) could not be established. Broker may not be available.
2024-11-02 22:32:19 [org.springframework.kafka.KafkaListenerEndpointContainer#1-0-C-1] WARN  o.apache.kafka.clients.NetworkClient - [Consumer clientId=consumer-group-1-5, groupId=group-1] Bootstrap broker localhost:9092 (id: -1 rack: null) disconnected
2024-11-02 22:32:19 [investment-topic-1-C-1] INFO  o.apache.kafka.clients.NetworkClient - [Consumer clientId=consumer-investment-topic-2, groupId=investment-topic] Node -1 disconnected.
2024-11-02 22:32:19 [investment-topic-1-C-1] WARN  o.apache.kafka.clients.NetworkClient - [Consumer clientId=consumer-investment-topic-2, groupId=investment-topic] Connection to node -1 (localhost/127.0.0.1:9092) could not be established. Broker may not be available.
2024-11-02 22:32:19 [investment-topic-1-C-1] WARN  o.apache.kafka.clients.NetworkClient - [Consumer clientId=consumer-investment-topic-2, groupId=investment-topic] Bootstrap broker localhost:9092 (id: -1 rack: null) disconnected
2024-11-02 22:32:19 [org.springframework.kafka.KafkaListenerEndpointContainer#1-1-C-1] INFO  o.apache.kafka.clients.NetworkClient - [Consumer clientId=consumer-group-1-6, groupId=group-1] Node -1 disconnected.
2024-11-02 22:32:19 [org.springframework.kafka.KafkaListenerEndpointContainer#1-1-C-1] WARN  o.apache.kafka.clients.NetworkClient - [Consumer clientId=consumer-group-1-6, groupId=group-1] Connection to node -1 (localhost/127.0.0.1:9092) could not be established. Broker may not be available.
2024-11-02 22:32:19 [org.springframework.kafka.KafkaListenerEndpointContainer#1-1-C-1] WARN  o.apache.kafka.clients.NetworkClient - [Consumer clientId=consumer-group-1-6, groupId=group-1] Bootstrap broker localhost:9092 (id: -1 rack: null) disconnected
2024-11-02 22:32:19 [investment-topic-0-C-1] INFO  o.apache.kafka.clients.NetworkClient - [Consumer clientId=consumer-investment-topic-1, groupId=investment-topic] Node -1 disconnected.
2024-11-02 22:32:19 [org.springframework.kafka.KafkaListenerEndpointContainer#0-0-C-1] INFO  o.apache.kafka.clients.NetworkClient - [Consumer clientId=consumer-group-1-3, groupId=group-1] Node -1 disconnected.
2024-11-02 22:32:19 [org.springframework.kafka.KafkaListenerEndpointContainer#0-0-C-1] WARN  o.apache.kafka.clients.NetworkClient - [Consumer clientId=consumer-group-1-3, groupId=group-1] Connection to node -1 (localhost/127.0.0.1:9092) could not be established. Broker may not be available.
2024-11-02 22:32:19 [investment-topic-0-C-1] WARN  o.apache.kafka.clients.NetworkClient - [Consumer clientId=consumer-investment-topic-1, groupId=investment-topic] Connection to node -1 (localhost/127.0.0.1:9092) could not be established. Broker may not be available.
2024-11-02 22:32:19 [investment-topic-0-C-1] WARN  o.apache.kafka.clients.NetworkClient - [Consumer clientId=consumer-investment-topic-1, groupId=investment-topic] Bootstrap broker localhost:9092 (id: -1 rack: null) disconnected
2024-11-02 22:32:19 [org.springframework.kafka.KafkaListenerEndpointContainer#0-0-C-1] WARN  o.apache.kafka.clients.NetworkClient - [Consumer clientId=consumer-group-1-3, groupId=group-1] Bootstrap broker localhost:9092 (id: -1 rack: null) disconnected
2024-11-02 22:32:19 [org.springframework.kafka.KafkaListenerEndpointContainer#0-1-C-1] INFO  o.apache.kafka.clients.NetworkClient - [Consumer clientId=consumer-group-1-4, groupId=group-1] Node -1 disconnected.
2024-11-02 22:32:19 [org.springframework.kafka.KafkaListenerEndpointContainer#0-1-C-1] WARN  o.apache.kafka.clients.NetworkClient - [Consumer clientId=consumer-group-1-4, groupId=group-1] Connection to node -1 (localhost/127.0.0.1:9092) could not be established. Broker may not be available.
2024-11-02 22:32:19 [org.springframework.kafka.KafkaListenerEndpointContainer#0-1-C-1] WARN  o.apache.kafka.clients.NetworkClient - [Consumer clientId=consumer-group-1-4, groupId=group-1] Bootstrap broker localhost:9092 (id: -1 rack: null) disconnected
2024-11-02 22:32:20 [org.springframework.kafka.KafkaListenerEndpointContainer#1-0-C-1] INFO  o.apache.kafka.clients.NetworkClient - [Consumer clientId=consumer-group-1-5, groupId=group-1] Node -1 disconnected.
2024-11-02 22:32:20 [org.springframework.kafka.KafkaListenerEndpointContainer#1-0-C-1] WARN  o.apache.kafka.clients.NetworkClient - [Consumer clientId=consumer-group-1-5, groupId=group-1] Connection to node -1 (localhost/127.0.0.1:9092) could not be established. Broker may not be available.
2024-11-02 22:32:20 [org.springframework.kafka.KafkaListenerEndpointContainer#1-0-C-1] WARN  o.apache.kafka.clients.NetworkClient - [Consumer clientId=consumer-group-1-5, groupId=group-1] Bootstrap broker localhost:9092 (id: -1 rack: null) disconnected
2024-11-02 22:32:20 [investment-topic-1-C-1] INFO  o.apache.kafka.clients.NetworkClient - [Consumer clientId=consumer-investment-topic-2, groupId=investment-topic] Node -1 disconnected.
2024-11-02 22:32:20 [investment-topic-1-C-1] WARN  o.apache.kafka.clients.NetworkClient - [Consumer clientId=consumer-investment-topic-2, groupId=investment-topic] Connection to node -1 (localhost/127.0.0.1:9092) could not be established. Broker may not be available.
2024-11-02 22:32:20 [investment-topic-1-C-1] WARN  o.apache.kafka.clients.NetworkClient - [Consumer clientId=consumer-investment-topic-2, groupId=investment-topic] Bootstrap broker localhost:9092 (id: -1 rack: null) disconnected
2024-11-02 22:32:20 [investment-topic-0-C-1] INFO  o.apache.kafka.clients.NetworkClient - [Consumer clientId=consumer-investment-topic-1, groupId=investment-topic] Node -1 disconnected.
2024-11-02 22:32:20 [investment-topic-0-C-1] WARN  o.apache.kafka.clients.NetworkClient - [Consumer clientId=consumer-investment-topic-1, groupId=investment-topic] Connection to node -1 (localhost/127.0.0.1:9092) could not be established. Broker may not be available.
2024-11-02 22:32:20 [investment-topic-0-C-1] WARN  o.apache.kafka.clients.NetworkClient - [Consumer clientId=consumer-investment-topic-1, groupId=investment-topic] Bootstrap broker localhost:9092 (id: -1 rack: null) disconnected
2024-11-02 22:32:20 [org.springframework.kafka.KafkaListenerEndpointContainer#0-1-C-1] INFO  o.apache.kafka.clients.NetworkClient - [Consumer clientId=consumer-group-1-4, groupId=group-1] Node -1 disconnected.
2024-11-02 22:32:20 [org.springframework.kafka.KafkaListenerEndpointContainer#0-1-C-1] WARN  o.apache.kafka.clients.NetworkClient - [Consumer clientId=consumer-group-1-4, groupId=group-1] Connection to node -1 (localhost/127.0.0.1:9092) could not be established. Broker may not be available.
2024-11-02 22:32:20 [org.springframework.kafka.KafkaListenerEndpointContainer#0-1-C-1] WARN  o.apache.kafka.clients.NetworkClient - [Consumer clientId=consumer-group-1-4, groupId=group-1] Bootstrap broker localhost:9092 (id: -1 rack: null) disconnected
2024-11-02 22:32:20 [org.springframework.kafka.KafkaListenerEndpointContainer#0-0-C-1] INFO  o.apache.kafka.clients.NetworkClient - [Consumer clientId=consumer-group-1-3, groupId=group-1] Node -1 disconnected.
2024-11-02 22:32:20 [org.springframework.kafka.KafkaListenerEndpointContainer#0-0-C-1] WARN  o.apache.kafka.clients.NetworkClient - [Consumer clientId=consumer-group-1-3, groupId=group-1] Connection to node -1 (localhost/127.0.0.1:9092) could not be established. Broker may not be available.
2024-11-02 22:32:20 [org.springframework.kafka.KafkaListenerEndpointContainer#0-0-C-1] WARN  o.apache.kafka.clients.NetworkClient - [Consumer clientId=consumer-group-1-3, groupId=group-1] Bootstrap broker localhost:9092 (id: -1 rack: null) disconnected
2024-11-02 22:32:20 [org.springframework.kafka.KafkaListenerEndpointContainer#1-1-C-1] INFO  o.apache.kafka.clients.NetworkClient - [Consumer clientId=consumer-group-1-6, groupId=group-1] Node -1 disconnected.
2024-11-02 22:32:20 [org.springframework.kafka.KafkaListenerEndpointContainer#1-1-C-1] WARN  o.apache.kafka.clients.NetworkClient - [Consumer clientId=consumer-group-1-6, groupId=group-1] Connection to node -1 (localhost/127.0.0.1:9092) could not be established. Broker may not be available.
2024-11-02 22:32:20 [org.springframework.kafka.KafkaListenerEndpointContainer#1-1-C-1] WARN  o.apache.kafka.clients.NetworkClient - [Consumer clientId=consumer-group-1-6, groupId=group-1] Bootstrap broker localhost:9092 (id: -1 rack: null) disconnected
2024-11-02 22:32:21 [org.springframework.kafka.KafkaListenerEndpointContainer#1-0-C-1] INFO  o.apache.kafka.clients.NetworkClient - [Consumer clientId=consumer-group-1-5, groupId=group-1] Node -1 disconnected.
2024-11-02 22:32:21 [org.springframework.kafka.KafkaListenerEndpointContainer#1-0-C-1] WARN  o.apache.kafka.clients.NetworkClient - [Consumer clientId=consumer-group-1-5, groupId=group-1] Connection to node -1 (localhost/127.0.0.1:9092) could not be established. Broker may not be available.
2024-11-02 22:32:21 [org.springframework.kafka.KafkaListenerEndpointContainer#1-0-C-1] WARN  o.apache.kafka.clients.NetworkClient - [Consumer clientId=consumer-group-1-5, groupId=group-1] Bootstrap broker localhost:9092 (id: -1 rack: null) disconnected
2024-11-02 22:32:21 [investment-topic-1-C-1] INFO  o.apache.kafka.clients.NetworkClient - [Consumer clientId=consumer-investment-topic-2, groupId=investment-topic] Node -1 disconnected.
2024-11-02 22:32:21 [investment-topic-1-C-1] WARN  o.apache.kafka.clients.NetworkClient - [Consumer clientId=consumer-investment-topic-2, groupId=investment-topic] Connection to node -1 (localhost/127.0.0.1:9092) could not be established. Broker may not be available.
2024-11-02 22:32:21 [investment-topic-1-C-1] WARN  o.apache.kafka.clients.NetworkClient - [Consumer clientId=consumer-investment-topic-2, groupId=investment-topic] Bootstrap broker localhost:9092 (id: -1 rack: null) disconnected
2024-11-02 22:32:21 [org.springframework.kafka.KafkaListenerEndpointContainer#0-0-C-1] INFO  o.apache.kafka.clients.NetworkClient - [Consumer clientId=consumer-group-1-3, groupId=group-1] Node -1 disconnected.
2024-11-02 22:32:21 [org.springframework.kafka.KafkaListenerEndpointContainer#0-0-C-1] WARN  o.apache.kafka.clients.NetworkClient - [Consumer clientId=consumer-group-1-3, groupId=group-1] Connection to node -1 (localhost/127.0.0.1:9092) could not be established. Broker may not be available.
2024-11-02 22:32:21 [org.springframework.kafka.KafkaListenerEndpointContainer#0-0-C-1] WARN  o.apache.kafka.clients.NetworkClient - [Consumer clientId=consumer-group-1-3, groupId=group-1] Bootstrap broker localhost:9092 (id: -1 rack: null) disconnected
2024-11-02 22:32:21 [investment-topic-0-C-1] INFO  o.apache.kafka.clients.NetworkClient - [Consumer clientId=consumer-investment-topic-1, groupId=investment-topic] Node -1 disconnected.
2024-11-02 22:32:21 [investment-topic-0-C-1] WARN  o.apache.kafka.clients.NetworkClient - [Consumer clientId=consumer-investment-topic-1, groupId=investment-topic] Connection to node -1 (localhost/127.0.0.1:9092) could not be established. Broker may not be available.
2024-11-02 22:32:21 [investment-topic-0-C-1] WARN  o.apache.kafka.clients.NetworkClient - [Consumer clientId=consumer-investment-topic-1, groupId=investment-topic] Bootstrap broker localhost:9092 (id: -1 rack: null) disconnected
2024-11-02 22:32:21 [org.springframework.kafka.KafkaListenerEndpointContainer#0-1-C-1] INFO  o.apache.kafka.clients.NetworkClient - [Consumer clientId=consumer-group-1-4, groupId=group-1] Node -1 disconnected.
2024-11-02 22:32:21 [org.springframework.kafka.KafkaListenerEndpointContainer#0-1-C-1] WARN  o.apache.kafka.clients.NetworkClient - [Consumer clientId=consumer-group-1-4, groupId=group-1] Connection to node -1 (localhost/127.0.0.1:9092) could not be established. Broker may not be available.
2024-11-02 22:32:21 [org.springframework.kafka.KafkaListenerEndpointContainer#0-1-C-1] WARN  o.apache.kafka.clients.NetworkClient - [Consumer clientId=consumer-group-1-4, groupId=group-1] Bootstrap broker localhost:9092 (id: -1 rack: null) disconnected
2024-11-02 22:32:21 [org.springframework.kafka.KafkaListenerEndpointContainer#1-1-C-1] INFO  o.apache.kafka.clients.NetworkClient - [Consumer clientId=consumer-group-1-6, groupId=group-1] Node -1 disconnected.
2024-11-02 22:32:21 [org.springframework.kafka.KafkaListenerEndpointContainer#1-1-C-1] WARN  o.apache.kafka.clients.NetworkClient - [Consumer clientId=consumer-group-1-6, groupId=group-1] Connection to node -1 (localhost/127.0.0.1:9092) could not be established. Broker may not be available.
2024-11-02 22:32:21 [org.springframework.kafka.KafkaListenerEndpointContainer#1-1-C-1] WARN  o.apache.kafka.clients.NetworkClient - [Consumer clientId=consumer-group-1-6, groupId=group-1] Bootstrap broker localhost:9092 (id: -1 rack: null) disconnected
2024-11-02 22:32:22 [org.springframework.kafka.KafkaListenerEndpointContainer#1-0-C-1] INFO  o.apache.kafka.clients.NetworkClient - [Consumer clientId=consumer-group-1-5, groupId=group-1] Node -1 disconnected.
2024-11-02 22:32:22 [org.springframework.kafka.KafkaListenerEndpointContainer#1-0-C-1] WARN  o.apache.kafka.clients.NetworkClient - [Consumer clientId=consumer-group-1-5, groupId=group-1] Connection to node -1 (localhost/127.0.0.1:9092) could not be established. Broker may not be available.
2024-11-02 22:32:22 [org.springframework.kafka.KafkaListenerEndpointContainer#1-0-C-1] WARN  o.apache.kafka.clients.NetworkClient - [Consumer clientId=consumer-group-1-5, groupId=group-1] Bootstrap broker localhost:9092 (id: -1 rack: null) disconnected
2024-11-02 22:32:22 [investment-topic-1-C-1] INFO  o.apache.kafka.clients.NetworkClient - [Consumer clientId=consumer-investment-topic-2, groupId=investment-topic] Node -1 disconnected.
2024-11-02 22:32:22 [investment-topic-1-C-1] WARN  o.apache.kafka.clients.NetworkClient - [Consumer clientId=consumer-investment-topic-2, groupId=investment-topic] Connection to node -1 (localhost/127.0.0.1:9092) could not be established. Broker may not be available.
2024-11-02 22:32:22 [investment-topic-1-C-1] WARN  o.apache.kafka.clients.NetworkClient - [Consumer clientId=consumer-investment-topic-2, groupId=investment-topic] Bootstrap broker localhost:9092 (id: -1 rack: null) disconnected
2024-11-02 22:32:22 [org.springframework.kafka.KafkaListenerEndpointContainer#0-0-C-1] INFO  o.apache.kafka.clients.NetworkClient - [Consumer clientId=consumer-group-1-3, groupId=group-1] Node -1 disconnected.
2024-11-02 22:32:22 [org.springframework.kafka.KafkaListenerEndpointContainer#0-0-C-1] WARN  o.apache.kafka.clients.NetworkClient - [Consumer clientId=consumer-group-1-3, groupId=group-1] Connection to node -1 (localhost/127.0.0.1:9092) could not be established. Broker may not be available.
2024-11-02 22:32:22 [org.springframework.kafka.KafkaListenerEndpointContainer#0-0-C-1] WARN  o.apache.kafka.clients.NetworkClient - [Consumer clientId=consumer-group-1-3, groupId=group-1] Bootstrap broker localhost:9092 (id: -1 rack: null) disconnected
2024-11-02 22:32:22 [org.springframework.kafka.KafkaListenerEndpointContainer#0-1-C-1] INFO  o.apache.kafka.clients.NetworkClient - [Consumer clientId=consumer-group-1-4, groupId=group-1] Node -1 disconnected.
2024-11-02 22:32:22 [org.springframework.kafka.KafkaListenerEndpointContainer#0-1-C-1] WARN  o.apache.kafka.clients.NetworkClient - [Consumer clientId=consumer-group-1-4, groupId=group-1] Connection to node -1 (localhost/127.0.0.1:9092) could not be established. Broker may not be available.
2024-11-02 22:32:22 [org.springframework.kafka.KafkaListenerEndpointContainer#0-1-C-1] WARN  o.apache.kafka.clients.NetworkClient - [Consumer clientId=consumer-group-1-4, groupId=group-1] Bootstrap broker localhost:9092 (id: -1 rack: null) disconnected
2024-11-02 22:32:22 [investment-topic-0-C-1] INFO  o.apache.kafka.clients.NetworkClient - [Consumer clientId=consumer-investment-topic-1, groupId=investment-topic] Node -1 disconnected.
2024-11-02 22:32:22 [investment-topic-0-C-1] WARN  o.apache.kafka.clients.NetworkClient - [Consumer clientId=consumer-investment-topic-1, groupId=investment-topic] Connection to node -1 (localhost/127.0.0.1:9092) could not be established. Broker may not be available.
2024-11-02 22:32:22 [investment-topic-0-C-1] WARN  o.apache.kafka.clients.NetworkClient - [Consumer clientId=consumer-investment-topic-1, groupId=investment-topic] Bootstrap broker localhost:9092 (id: -1 rack: null) disconnected
2024-11-02 22:32:22 [org.springframework.kafka.KafkaListenerEndpointContainer#1-1-C-1] INFO  o.apache.kafka.clients.NetworkClient - [Consumer clientId=consumer-group-1-6, groupId=group-1] Node -1 disconnected.
2024-11-02 22:32:22 [org.springframework.kafka.KafkaListenerEndpointContainer#1-1-C-1] WARN  o.apache.kafka.clients.NetworkClient - [Consumer clientId=consumer-group-1-6, groupId=group-1] Connection to node -1 (localhost/127.0.0.1:9092) could not be established. Broker may not be available.
2024-11-02 22:32:22 [org.springframework.kafka.KafkaListenerEndpointContainer#1-1-C-1] WARN  o.apache.kafka.clients.NetworkClient - [Consumer clientId=consumer-group-1-6, groupId=group-1] Bootstrap broker localhost:9092 (id: -1 rack: null) disconnected
2024-11-02 22:32:23 [investment-topic-1-C-1] INFO  o.apache.kafka.clients.NetworkClient - [Consumer clientId=consumer-investment-topic-2, groupId=investment-topic] Node -1 disconnected.
2024-11-02 22:32:23 [investment-topic-1-C-1] WARN  o.apache.kafka.clients.NetworkClient - [Consumer clientId=consumer-investment-topic-2, groupId=investment-topic] Connection to node -1 (localhost/127.0.0.1:9092) could not be established. Broker may not be available.
2024-11-02 22:32:23 [investment-topic-1-C-1] WARN  o.apache.kafka.clients.NetworkClient - [Consumer clientId=consumer-investment-topic-2, groupId=investment-topic] Bootstrap broker localhost:9092 (id: -1 rack: null) disconnected
2024-11-02 22:32:23 [org.springframework.kafka.KafkaListenerEndpointContainer#1-0-C-1] INFO  o.apache.kafka.clients.NetworkClient - [Consumer clientId=consumer-group-1-5, groupId=group-1] Node -1 disconnected.
2024-11-02 22:32:23 [org.springframework.kafka.KafkaListenerEndpointContainer#1-0-C-1] WARN  o.apache.kafka.clients.NetworkClient - [Consumer clientId=consumer-group-1-5, groupId=group-1] Connection to node -1 (localhost/127.0.0.1:9092) could not be established. Broker may not be available.
2024-11-02 22:32:23 [org.springframework.kafka.KafkaListenerEndpointContainer#1-0-C-1] WARN  o.apache.kafka.clients.NetworkClient - [Consumer clientId=consumer-group-1-5, groupId=group-1] Bootstrap broker localhost:9092 (id: -1 rack: null) disconnected
2024-11-02 22:32:23 [org.springframework.kafka.KafkaListenerEndpointContainer#0-0-C-1] INFO  o.apache.kafka.clients.NetworkClient - [Consumer clientId=consumer-group-1-3, groupId=group-1] Node -1 disconnected.
2024-11-02 22:32:23 [org.springframework.kafka.KafkaListenerEndpointContainer#0-0-C-1] WARN  o.apache.kafka.clients.NetworkClient - [Consumer clientId=consumer-group-1-3, groupId=group-1] Connection to node -1 (localhost/127.0.0.1:9092) could not be established. Broker may not be available.
2024-11-02 22:32:23 [org.springframework.kafka.KafkaListenerEndpointContainer#0-0-C-1] WARN  o.apache.kafka.clients.NetworkClient - [Consumer clientId=consumer-group-1-3, groupId=group-1] Bootstrap broker localhost:9092 (id: -1 rack: null) disconnected
2024-11-02 22:32:23 [org.springframework.kafka.KafkaListenerEndpointContainer#1-1-C-1] INFO  o.apache.kafka.clients.NetworkClient - [Consumer clientId=consumer-group-1-6, groupId=group-1] Node -1 disconnected.
2024-11-02 22:32:23 [org.springframework.kafka.KafkaListenerEndpointContainer#1-1-C-1] WARN  o.apache.kafka.clients.NetworkClient - [Consumer clientId=consumer-group-1-6, groupId=group-1] Connection to node -1 (localhost/127.0.0.1:9092) could not be established. Broker may not be available.
2024-11-02 22:32:23 [org.springframework.kafka.KafkaListenerEndpointContainer#1-1-C-1] WARN  o.apache.kafka.clients.NetworkClient - [Consumer clientId=consumer-group-1-6, groupId=group-1] Bootstrap broker localhost:9092 (id: -1 rack: null) disconnected
2024-11-02 22:32:23 [investment-topic-0-C-1] INFO  o.apache.kafka.clients.NetworkClient - [Consumer clientId=consumer-investment-topic-1, groupId=investment-topic] Node -1 disconnected.
2024-11-02 22:32:23 [investment-topic-0-C-1] WARN  o.apache.kafka.clients.NetworkClient - [Consumer clientId=consumer-investment-topic-1, groupId=investment-topic] Connection to node -1 (localhost/127.0.0.1:9092) could not be established. Broker may not be available.
2024-11-02 22:32:23 [investment-topic-0-C-1] WARN  o.apache.kafka.clients.NetworkClient - [Consumer clientId=consumer-investment-topic-1, groupId=investment-topic] Bootstrap broker localhost:9092 (id: -1 rack: null) disconnected
2024-11-02 22:32:23 [org.springframework.kafka.KafkaListenerEndpointContainer#0-1-C-1] INFO  o.apache.kafka.clients.NetworkClient - [Consumer clientId=consumer-group-1-4, groupId=group-1] Node -1 disconnected.
2024-11-02 22:32:23 [org.springframework.kafka.KafkaListenerEndpointContainer#0-1-C-1] WARN  o.apache.kafka.clients.NetworkClient - [Consumer clientId=consumer-group-1-4, groupId=group-1] Connection to node -1 (localhost/127.0.0.1:9092) could not be established. Broker may not be available.
2024-11-02 22:32:23 [org.springframework.kafka.KafkaListenerEndpointContainer#0-1-C-1] WARN  o.apache.kafka.clients.NetworkClient - [Consumer clientId=consumer-group-1-4, groupId=group-1] Bootstrap broker localhost:9092 (id: -1 rack: null) disconnected
2024-11-02 22:32:24 [investment-topic-1-C-1] INFO  o.apache.kafka.clients.NetworkClient - [Consumer clientId=consumer-investment-topic-2, groupId=investment-topic] Node -1 disconnected.
2024-11-02 22:32:24 [investment-topic-1-C-1] WARN  o.apache.kafka.clients.NetworkClient - [Consumer clientId=consumer-investment-topic-2, groupId=investment-topic] Connection to node -1 (localhost/127.0.0.1:9092) could not be established. Broker may not be available.
2024-11-02 22:32:24 [investment-topic-1-C-1] WARN  o.apache.kafka.clients.NetworkClient - [Consumer clientId=consumer-investment-topic-2, groupId=investment-topic] Bootstrap broker localhost:9092 (id: -1 rack: null) disconnected
2024-11-02 22:32:24 [org.springframework.kafka.KafkaListenerEndpointContainer#1-0-C-1] INFO  o.apache.kafka.clients.NetworkClient - [Consumer clientId=consumer-group-1-5, groupId=group-1] Node -1 disconnected.
2024-11-02 22:32:24 [org.springframework.kafka.KafkaListenerEndpointContainer#1-0-C-1] WARN  o.apache.kafka.clients.NetworkClient - [Consumer clientId=consumer-group-1-5, groupId=group-1] Connection to node -1 (localhost/127.0.0.1:9092) could not be established. Broker may not be available.
2024-11-02 22:32:24 [org.springframework.kafka.KafkaListenerEndpointContainer#1-0-C-1] WARN  o.apache.kafka.clients.NetworkClient - [Consumer clientId=consumer-group-1-5, groupId=group-1] Bootstrap broker localhost:9092 (id: -1 rack: null) disconnected
2024-11-02 22:32:24 [org.springframework.kafka.KafkaListenerEndpointContainer#0-0-C-1] INFO  o.apache.kafka.clients.NetworkClient - [Consumer clientId=consumer-group-1-3, groupId=group-1] Node -1 disconnected.
2024-11-02 22:32:24 [org.springframework.kafka.KafkaListenerEndpointContainer#0-0-C-1] WARN  o.apache.kafka.clients.NetworkClient - [Consumer clientId=consumer-group-1-3, groupId=group-1] Connection to node -1 (localhost/127.0.0.1:9092) could not be established. Broker may not be available.
2024-11-02 22:32:24 [org.springframework.kafka.KafkaListenerEndpointContainer#0-0-C-1] WARN  o.apache.kafka.clients.NetworkClient - [Consumer clientId=consumer-group-1-3, groupId=group-1] Bootstrap broker localhost:9092 (id: -1 rack: null) disconnected
2024-11-02 22:32:24 [org.springframework.kafka.KafkaListenerEndpointContainer#1-1-C-1] INFO  o.apache.kafka.clients.NetworkClient - [Consumer clientId=consumer-group-1-6, groupId=group-1] Node -1 disconnected.
2024-11-02 22:32:24 [org.springframework.kafka.KafkaListenerEndpointContainer#1-1-C-1] WARN  o.apache.kafka.clients.NetworkClient - [Consumer clientId=consumer-group-1-6, groupId=group-1] Connection to node -1 (localhost/127.0.0.1:9092) could not be established. Broker may not be available.
2024-11-02 22:32:24 [org.springframework.kafka.KafkaListenerEndpointContainer#1-1-C-1] WARN  o.apache.kafka.clients.NetworkClient - [Consumer clientId=consumer-group-1-6, groupId=group-1] Bootstrap broker localhost:9092 (id: -1 rack: null) disconnected
2024-11-02 22:32:24 [investment-topic-0-C-1] INFO  o.apache.kafka.clients.NetworkClient - [Consumer clientId=consumer-investment-topic-1, groupId=investment-topic] Node -1 disconnected.
2024-11-02 22:32:24 [investment-topic-0-C-1] WARN  o.apache.kafka.clients.NetworkClient - [Consumer clientId=consumer-investment-topic-1, groupId=investment-topic] Connection to node -1 (localhost/127.0.0.1:9092) could not be established. Broker may not be available.
2024-11-02 22:32:24 [investment-topic-0-C-1] WARN  o.apache.kafka.clients.NetworkClient - [Consumer clientId=consumer-investment-topic-1, groupId=investment-topic] Bootstrap broker localhost:9092 (id: -1 rack: null) disconnected
2024-11-02 22:32:25 [org.springframework.kafka.KafkaListenerEndpointContainer#0-1-C-1] INFO  o.apache.kafka.clients.NetworkClient - [Consumer clientId=consumer-group-1-4, groupId=group-1] Node -1 disconnected.
2024-11-02 22:32:25 [org.springframework.kafka.KafkaListenerEndpointContainer#0-1-C-1] WARN  o.apache.kafka.clients.NetworkClient - [Consumer clientId=consumer-group-1-4, groupId=group-1] Connection to node -1 (localhost/127.0.0.1:9092) could not be established. Broker may not be available.
2024-11-02 22:32:25 [org.springframework.kafka.KafkaListenerEndpointContainer#0-1-C-1] WARN  o.apache.kafka.clients.NetworkClient - [Consumer clientId=consumer-group-1-4, groupId=group-1] Bootstrap broker localhost:9092 (id: -1 rack: null) disconnected
2024-11-02 22:32:25 [investment-topic-1-C-1] INFO  o.apache.kafka.clients.NetworkClient - [Consumer clientId=consumer-investment-topic-2, groupId=investment-topic] Node -1 disconnected.
2024-11-02 22:32:25 [investment-topic-1-C-1] WARN  o.apache.kafka.clients.NetworkClient - [Consumer clientId=consumer-investment-topic-2, groupId=investment-topic] Connection to node -1 (localhost/127.0.0.1:9092) could not be established. Broker may not be available.
2024-11-02 22:32:25 [investment-topic-1-C-1] WARN  o.apache.kafka.clients.NetworkClient - [Consumer clientId=consumer-investment-topic-2, groupId=investment-topic] Bootstrap broker localhost:9092 (id: -1 rack: null) disconnected
2024-11-02 22:32:25 [org.springframework.kafka.KafkaListenerEndpointContainer#1-0-C-1] INFO  o.apache.kafka.clients.NetworkClient - [Consumer clientId=consumer-group-1-5, groupId=group-1] Node -1 disconnected.
2024-11-02 22:32:25 [org.springframework.kafka.KafkaListenerEndpointContainer#1-0-C-1] WARN  o.apache.kafka.clients.NetworkClient - [Consumer clientId=consumer-group-1-5, groupId=group-1] Connection to node -1 (localhost/127.0.0.1:9092) could not be established. Broker may not be available.
2024-11-02 22:32:25 [org.springframework.kafka.KafkaListenerEndpointContainer#1-0-C-1] WARN  o.apache.kafka.clients.NetworkClient - [Consumer clientId=consumer-group-1-5, groupId=group-1] Bootstrap broker localhost:9092 (id: -1 rack: null) disconnected
2024-11-02 22:32:25 [org.springframework.kafka.KafkaListenerEndpointContainer#0-0-C-1] INFO  o.apache.kafka.clients.NetworkClient - [Consumer clientId=consumer-group-1-3, groupId=group-1] Node -1 disconnected.
2024-11-02 22:32:25 [org.springframework.kafka.KafkaListenerEndpointContainer#0-0-C-1] WARN  o.apache.kafka.clients.NetworkClient - [Consumer clientId=consumer-group-1-3, groupId=group-1] Connection to node -1 (localhost/127.0.0.1:9092) could not be established. Broker may not be available.
2024-11-02 22:32:25 [org.springframework.kafka.KafkaListenerEndpointContainer#0-0-C-1] WARN  o.apache.kafka.clients.NetworkClient - [Consumer clientId=consumer-group-1-3, groupId=group-1] Bootstrap broker localhost:9092 (id: -1 rack: null) disconnected
2024-11-02 22:32:25 [investment-topic-0-C-1] INFO  o.apache.kafka.clients.NetworkClient - [Consumer clientId=consumer-investment-topic-1, groupId=investment-topic] Node -1 disconnected.
2024-11-02 22:32:25 [investment-topic-0-C-1] WARN  o.apache.kafka.clients.NetworkClient - [Consumer clientId=consumer-investment-topic-1, groupId=investment-topic] Connection to node -1 (localhost/127.0.0.1:9092) could not be established. Broker may not be available.
2024-11-02 22:32:25 [investment-topic-0-C-1] WARN  o.apache.kafka.clients.NetworkClient - [Consumer clientId=consumer-investment-topic-1, groupId=investment-topic] Bootstrap broker localhost:9092 (id: -1 rack: null) disconnected
2024-11-02 22:32:26 [investment-topic-1-C-1] INFO  o.apache.kafka.clients.NetworkClient - [Consumer clientId=consumer-investment-topic-2, groupId=investment-topic] Node -1 disconnected.
2024-11-02 22:32:26 [investment-topic-1-C-1] WARN  o.apache.kafka.clients.NetworkClient - [Consumer clientId=consumer-investment-topic-2, groupId=investment-topic] Connection to node -1 (localhost/127.0.0.1:9092) could not be established. Broker may not be available.
2024-11-02 22:32:26 [investment-topic-1-C-1] WARN  o.apache.kafka.clients.NetworkClient - [Consumer clientId=consumer-investment-topic-2, groupId=investment-topic] Bootstrap broker localhost:9092 (id: -1 rack: null) disconnected
2024-11-02 22:32:26 [org.springframework.kafka.KafkaListenerEndpointContainer#0-1-C-1] INFO  o.apache.kafka.clients.NetworkClient - [Consumer clientId=consumer-group-1-4, groupId=group-1] Node -1 disconnected.
2024-11-02 22:32:26 [org.springframework.kafka.KafkaListenerEndpointContainer#0-1-C-1] WARN  o.apache.kafka.clients.NetworkClient - [Consumer clientId=consumer-group-1-4, groupId=group-1] Connection to node -1 (localhost/127.0.0.1:9092) could not be established. Broker may not be available.
2024-11-02 22:32:26 [org.springframework.kafka.KafkaListenerEndpointContainer#0-1-C-1] WARN  o.apache.kafka.clients.NetworkClient - [Consumer clientId=consumer-group-1-4, groupId=group-1] Bootstrap broker localhost:9092 (id: -1 rack: null) disconnected
2024-11-02 22:32:26 [org.springframework.kafka.KafkaListenerEndpointContainer#1-1-C-1] INFO  o.apache.kafka.clients.NetworkClient - [Consumer clientId=consumer-group-1-6, groupId=group-1] Node -1 disconnected.
2024-11-02 22:32:26 [org.springframework.kafka.KafkaListenerEndpointContainer#1-1-C-1] WARN  o.apache.kafka.clients.NetworkClient - [Consumer clientId=consumer-group-1-6, groupId=group-1] Connection to node -1 (localhost/127.0.0.1:9092) could not be established. Broker may not be available.
2024-11-02 22:32:26 [org.springframework.kafka.KafkaListenerEndpointContainer#1-1-C-1] WARN  o.apache.kafka.clients.NetworkClient - [Consumer clientId=consumer-group-1-6, groupId=group-1] Bootstrap broker localhost:9092 (id: -1 rack: null) disconnected
2024-11-02 22:32:26 [org.springframework.kafka.KafkaListenerEndpointContainer#1-0-C-1] INFO  o.apache.kafka.clients.NetworkClient - [Consumer clientId=consumer-group-1-5, groupId=group-1] Node -1 disconnected.
2024-11-02 22:32:26 [org.springframework.kafka.KafkaListenerEndpointContainer#1-0-C-1] WARN  o.apache.kafka.clients.NetworkClient - [Consumer clientId=consumer-group-1-5, groupId=group-1] Connection to node -1 (localhost/127.0.0.1:9092) could not be established. Broker may not be available.
2024-11-02 22:32:26 [org.springframework.kafka.KafkaListenerEndpointContainer#1-0-C-1] WARN  o.apache.kafka.clients.NetworkClient - [Consumer clientId=consumer-group-1-5, groupId=group-1] Bootstrap broker localhost:9092 (id: -1 rack: null) disconnected
2024-11-02 22:32:26 [org.springframework.kafka.KafkaListenerEndpointContainer#0-0-C-1] INFO  o.apache.kafka.clients.NetworkClient - [Consumer clientId=consumer-group-1-3, groupId=group-1] Node -1 disconnected.
2024-11-02 22:32:26 [org.springframework.kafka.KafkaListenerEndpointContainer#0-0-C-1] WARN  o.apache.kafka.clients.NetworkClient - [Consumer clientId=consumer-group-1-3, groupId=group-1] Connection to node -1 (localhost/127.0.0.1:9092) could not be established. Broker may not be available.
2024-11-02 22:32:26 [org.springframework.kafka.KafkaListenerEndpointContainer#0-0-C-1] WARN  o.apache.kafka.clients.NetworkClient - [Consumer clientId=consumer-group-1-3, groupId=group-1] Bootstrap broker localhost:9092 (id: -1 rack: null) disconnected
2024-11-02 22:32:26 [investment-topic-1-C-1] INFO  o.apache.kafka.clients.NetworkClient - [Consumer clientId=consumer-investment-topic-2, groupId=investment-topic] Node -1 disconnected.
2024-11-02 22:32:26 [investment-topic-1-C-1] WARN  o.apache.kafka.clients.NetworkClient - [Consumer clientId=consumer-investment-topic-2, groupId=investment-topic] Connection to node -1 (localhost/127.0.0.1:9092) could not be established. Broker may not be available.
2024-11-02 22:32:26 [investment-topic-1-C-1] WARN  o.apache.kafka.clients.NetworkClient - [Consumer clientId=consumer-investment-topic-2, groupId=investment-topic] Bootstrap broker localhost:9092 (id: -1 rack: null) disconnected
2024-11-02 22:32:27 [investment-topic-0-C-1] INFO  o.apache.kafka.clients.NetworkClient - [Consumer clientId=consumer-investment-topic-1, groupId=investment-topic] Node -1 disconnected.
2024-11-02 22:32:27 [investment-topic-0-C-1] WARN  o.apache.kafka.clients.NetworkClient - [Consumer clientId=consumer-investment-topic-1, groupId=investment-topic] Connection to node -1 (localhost/127.0.0.1:9092) could not be established. Broker may not be available.
2024-11-02 22:32:27 [investment-topic-0-C-1] WARN  o.apache.kafka.clients.NetworkClient - [Consumer clientId=consumer-investment-topic-1, groupId=investment-topic] Bootstrap broker localhost:9092 (id: -1 rack: null) disconnected
2024-11-02 22:32:27 [org.springframework.kafka.KafkaListenerEndpointContainer#0-1-C-1] INFO  o.apache.kafka.clients.NetworkClient - [Consumer clientId=consumer-group-1-4, groupId=group-1] Node -1 disconnected.
2024-11-02 22:32:27 [org.springframework.kafka.KafkaListenerEndpointContainer#0-1-C-1] WARN  o.apache.kafka.clients.NetworkClient - [Consumer clientId=consumer-group-1-4, groupId=group-1] Connection to node -1 (localhost/127.0.0.1:9092) could not be established. Broker may not be available.
2024-11-02 22:32:27 [org.springframework.kafka.KafkaListenerEndpointContainer#0-1-C-1] WARN  o.apache.kafka.clients.NetworkClient - [Consumer clientId=consumer-group-1-4, groupId=group-1] Bootstrap broker localhost:9092 (id: -1 rack: null) disconnected
2024-11-02 22:32:27 [org.springframework.kafka.KafkaListenerEndpointContainer#1-1-C-1] INFO  o.apache.kafka.clients.NetworkClient - [Consumer clientId=consumer-group-1-6, groupId=group-1] Node -1 disconnected.
2024-11-02 22:32:27 [org.springframework.kafka.KafkaListenerEndpointContainer#1-1-C-1] WARN  o.apache.kafka.clients.NetworkClient - [Consumer clientId=consumer-group-1-6, groupId=group-1] Connection to node -1 (localhost/127.0.0.1:9092) could not be established. Broker may not be available.
2024-11-02 22:32:27 [org.springframework.kafka.KafkaListenerEndpointContainer#1-1-C-1] WARN  o.apache.kafka.clients.NetworkClient - [Consumer clientId=consumer-group-1-6, groupId=group-1] Bootstrap broker localhost:9092 (id: -1 rack: null) disconnected
2024-11-02 22:32:27 [org.springframework.kafka.KafkaListenerEndpointContainer#0-0-C-1] INFO  o.apache.kafka.clients.NetworkClient - [Consumer clientId=consumer-group-1-3, groupId=group-1] Node -1 disconnected.
2024-11-02 22:32:27 [org.springframework.kafka.KafkaListenerEndpointContainer#0-0-C-1] WARN  o.apache.kafka.clients.NetworkClient - [Consumer clientId=consumer-group-1-3, groupId=group-1] Connection to node -1 (localhost/127.0.0.1:9092) could not be established. Broker may not be available.
2024-11-02 22:32:27 [org.springframework.kafka.KafkaListenerEndpointContainer#0-0-C-1] WARN  o.apache.kafka.clients.NetworkClient - [Consumer clientId=consumer-group-1-3, groupId=group-1] Bootstrap broker localhost:9092 (id: -1 rack: null) disconnected
2024-11-02 22:32:27 [org.springframework.kafka.KafkaListenerEndpointContainer#1-0-C-1] INFO  o.apache.kafka.clients.NetworkClient - [Consumer clientId=consumer-group-1-5, groupId=group-1] Node -1 disconnected.
2024-11-02 22:32:27 [org.springframework.kafka.KafkaListenerEndpointContainer#1-0-C-1] WARN  o.apache.kafka.clients.NetworkClient - [Consumer clientId=consumer-group-1-5, groupId=group-1] Connection to node -1 (localhost/127.0.0.1:9092) could not be established. Broker may not be available.
2024-11-02 22:32:27 [org.springframework.kafka.KafkaListenerEndpointContainer#1-0-C-1] WARN  o.apache.kafka.clients.NetworkClient - [Consumer clientId=consumer-group-1-5, groupId=group-1] Bootstrap broker localhost:9092 (id: -1 rack: null) disconnected
2024-11-02 22:32:28 [org.springframework.kafka.KafkaListenerEndpointContainer#1-1-C-1] INFO  o.apache.kafka.clients.NetworkClient - [Consumer clientId=consumer-group-1-6, groupId=group-1] Node -1 disconnected.
2024-11-02 22:32:28 [org.springframework.kafka.KafkaListenerEndpointContainer#1-1-C-1] WARN  o.apache.kafka.clients.NetworkClient - [Consumer clientId=consumer-group-1-6, groupId=group-1] Connection to node -1 (localhost/127.0.0.1:9092) could not be established. Broker may not be available.
2024-11-02 22:32:28 [org.springframework.kafka.KafkaListenerEndpointContainer#1-1-C-1] WARN  o.apache.kafka.clients.NetworkClient - [Consumer clientId=consumer-group-1-6, groupId=group-1] Bootstrap broker localhost:9092 (id: -1 rack: null) disconnected
2024-11-02 22:32:28 [org.springframework.kafka.KafkaListenerEndpointContainer#0-1-C-1] INFO  o.apache.kafka.clients.NetworkClient - [Consumer clientId=consumer-group-1-4, groupId=group-1] Node -1 disconnected.
2024-11-02 22:32:28 [org.springframework.kafka.KafkaListenerEndpointContainer#0-1-C-1] WARN  o.apache.kafka.clients.NetworkClient - [Consumer clientId=consumer-group-1-4, groupId=group-1] Connection to node -1 (localhost/127.0.0.1:9092) could not be established. Broker may not be available.
2024-11-02 22:32:28 [org.springframework.kafka.KafkaListenerEndpointContainer#0-1-C-1] WARN  o.apache.kafka.clients.NetworkClient - [Consumer clientId=consumer-group-1-4, groupId=group-1] Bootstrap broker localhost:9092 (id: -1 rack: null) disconnected
2024-11-02 22:32:28 [investment-topic-1-C-1] INFO  o.apache.kafka.clients.NetworkClient - [Consumer clientId=consumer-investment-topic-2, groupId=investment-topic] Node -1 disconnected.
2024-11-02 22:32:28 [investment-topic-1-C-1] WARN  o.apache.kafka.clients.NetworkClient - [Consumer clientId=consumer-investment-topic-2, groupId=investment-topic] Connection to node -1 (localhost/127.0.0.1:9092) could not be established. Broker may not be available.
2024-11-02 22:32:28 [investment-topic-1-C-1] WARN  o.apache.kafka.clients.NetworkClient - [Consumer clientId=consumer-investment-topic-2, groupId=investment-topic] Bootstrap broker localhost:9092 (id: -1 rack: null) disconnected
2024-11-02 22:32:28 [investment-topic-0-C-1] INFO  o.apache.kafka.clients.NetworkClient - [Consumer clientId=consumer-investment-topic-1, groupId=investment-topic] Node -1 disconnected.
2024-11-02 22:32:28 [investment-topic-0-C-1] WARN  o.apache.kafka.clients.NetworkClient - [Consumer clientId=consumer-investment-topic-1, groupId=investment-topic] Connection to node -1 (localhost/127.0.0.1:9092) could not be established. Broker may not be available.
2024-11-02 22:32:28 [investment-topic-0-C-1] WARN  o.apache.kafka.clients.NetworkClient - [Consumer clientId=consumer-investment-topic-1, groupId=investment-topic] Bootstrap broker localhost:9092 (id: -1 rack: null) disconnected
2024-11-02 22:32:28 [org.springframework.kafka.KafkaListenerEndpointContainer#0-0-C-1] INFO  o.apache.kafka.clients.NetworkClient - [Consumer clientId=consumer-group-1-3, groupId=group-1] Node -1 disconnected.
2024-11-02 22:32:28 [org.springframework.kafka.KafkaListenerEndpointContainer#0-0-C-1] WARN  o.apache.kafka.clients.NetworkClient - [Consumer clientId=consumer-group-1-3, groupId=group-1] Connection to node -1 (localhost/127.0.0.1:9092) could not be established. Broker may not be available.
2024-11-02 22:32:28 [org.springframework.kafka.KafkaListenerEndpointContainer#0-0-C-1] WARN  o.apache.kafka.clients.NetworkClient - [Consumer clientId=consumer-group-1-3, groupId=group-1] Bootstrap broker localhost:9092 (id: -1 rack: null) disconnected
2024-11-02 22:32:28 [org.springframework.kafka.KafkaListenerEndpointContainer#1-0-C-1] INFO  o.apache.kafka.clients.NetworkClient - [Consumer clientId=consumer-group-1-5, groupId=group-1] Node -1 disconnected.
2024-11-02 22:32:28 [org.springframework.kafka.KafkaListenerEndpointContainer#1-0-C-1] WARN  o.apache.kafka.clients.NetworkClient - [Consumer clientId=consumer-group-1-5, groupId=group-1] Connection to node -1 (localhost/127.0.0.1:9092) could not be established. Broker may not be available.
2024-11-02 22:32:28 [org.springframework.kafka.KafkaListenerEndpointContainer#1-0-C-1] WARN  o.apache.kafka.clients.NetworkClient - [Consumer clientId=consumer-group-1-5, groupId=group-1] Bootstrap broker localhost:9092 (id: -1 rack: null) disconnected
2024-11-02 22:32:28 [org.springframework.kafka.KafkaListenerEndpointContainer#0-1-C-1] INFO  o.apache.kafka.clients.NetworkClient - [Consumer clientId=consumer-group-1-4, groupId=group-1] Node -1 disconnected.
2024-11-02 22:32:28 [org.springframework.kafka.KafkaListenerEndpointContainer#0-1-C-1] WARN  o.apache.kafka.clients.NetworkClient - [Consumer clientId=consumer-group-1-4, groupId=group-1] Connection to node -1 (localhost/127.0.0.1:9092) could not be established. Broker may not be available.
2024-11-02 22:32:28 [org.springframework.kafka.KafkaListenerEndpointContainer#0-1-C-1] WARN  o.apache.kafka.clients.NetworkClient - [Consumer clientId=consumer-group-1-4, groupId=group-1] Bootstrap broker localhost:9092 (id: -1 rack: null) disconnected
2024-11-02 22:32:29 [org.springframework.kafka.KafkaListenerEndpointContainer#1-1-C-1] INFO  o.apache.kafka.clients.NetworkClient - [Consumer clientId=consumer-group-1-6, groupId=group-1] Node -1 disconnected.
2024-11-02 22:32:29 [org.springframework.kafka.KafkaListenerEndpointContainer#1-1-C-1] WARN  o.apache.kafka.clients.NetworkClient - [Consumer clientId=consumer-group-1-6, groupId=group-1] Connection to node -1 (localhost/127.0.0.1:9092) could not be established. Broker may not be available.
2024-11-02 22:32:29 [org.springframework.kafka.KafkaListenerEndpointContainer#1-1-C-1] WARN  o.apache.kafka.clients.NetworkClient - [Consumer clientId=consumer-group-1-6, groupId=group-1] Bootstrap broker localhost:9092 (id: -1 rack: null) disconnected
2024-11-02 22:32:29 [investment-topic-1-C-1] INFO  o.apache.kafka.clients.NetworkClient - [Consumer clientId=consumer-investment-topic-2, groupId=investment-topic] Node -1 disconnected.
2024-11-02 22:32:29 [investment-topic-1-C-1] WARN  o.apache.kafka.clients.NetworkClient - [Consumer clientId=consumer-investment-topic-2, groupId=investment-topic] Connection to node -1 (localhost/127.0.0.1:9092) could not be established. Broker may not be available.
2024-11-02 22:32:29 [investment-topic-1-C-1] WARN  o.apache.kafka.clients.NetworkClient - [Consumer clientId=consumer-investment-topic-2, groupId=investment-topic] Bootstrap broker localhost:9092 (id: -1 rack: null) disconnected
2024-11-02 22:32:29 [investment-topic-0-C-1] INFO  o.apache.kafka.clients.NetworkClient - [Consumer clientId=consumer-investment-topic-1, groupId=investment-topic] Node -1 disconnected.
2024-11-02 22:32:29 [investment-topic-0-C-1] WARN  o.apache.kafka.clients.NetworkClient - [Consumer clientId=consumer-investment-topic-1, groupId=investment-topic] Connection to node -1 (localhost/127.0.0.1:9092) could not be established. Broker may not be available.
2024-11-02 22:32:29 [investment-topic-0-C-1] WARN  o.apache.kafka.clients.NetworkClient - [Consumer clientId=consumer-investment-topic-1, groupId=investment-topic] Bootstrap broker localhost:9092 (id: -1 rack: null) disconnected
2024-11-02 22:32:29 [org.springframework.kafka.KafkaListenerEndpointContainer#1-0-C-1] INFO  o.apache.kafka.clients.NetworkClient - [Consumer clientId=consumer-group-1-5, groupId=group-1] Node -1 disconnected.
2024-11-02 22:32:29 [org.springframework.kafka.KafkaListenerEndpointContainer#1-0-C-1] WARN  o.apache.kafka.clients.NetworkClient - [Consumer clientId=consumer-group-1-5, groupId=group-1] Connection to node -1 (localhost/127.0.0.1:9092) could not be established. Broker may not be available.
2024-11-02 22:32:29 [org.springframework.kafka.KafkaListenerEndpointContainer#1-0-C-1] WARN  o.apache.kafka.clients.NetworkClient - [Consumer clientId=consumer-group-1-5, groupId=group-1] Bootstrap broker localhost:9092 (id: -1 rack: null) disconnected
2024-11-02 22:32:29 [org.springframework.kafka.KafkaListenerEndpointContainer#0-0-C-1] INFO  o.apache.kafka.clients.NetworkClient - [Consumer clientId=consumer-group-1-3, groupId=group-1] Node -1 disconnected.
2024-11-02 22:32:29 [org.springframework.kafka.KafkaListenerEndpointContainer#0-0-C-1] WARN  o.apache.kafka.clients.NetworkClient - [Consumer clientId=consumer-group-1-3, groupId=group-1] Connection to node -1 (localhost/127.0.0.1:9092) could not be established. Broker may not be available.
2024-11-02 22:32:29 [org.springframework.kafka.KafkaListenerEndpointContainer#0-0-C-1] WARN  o.apache.kafka.clients.NetworkClient - [Consumer clientId=consumer-group-1-3, groupId=group-1] Bootstrap broker localhost:9092 (id: -1 rack: null) disconnected
2024-11-02 22:32:29 [org.springframework.kafka.KafkaListenerEndpointContainer#0-1-C-1] INFO  o.apache.kafka.clients.NetworkClient - [Consumer clientId=consumer-group-1-4, groupId=group-1] Node -1 disconnected.
2024-11-02 22:32:29 [org.springframework.kafka.KafkaListenerEndpointContainer#0-1-C-1] WARN  o.apache.kafka.clients.NetworkClient - [Consumer clientId=consumer-group-1-4, groupId=group-1] Connection to node -1 (localhost/127.0.0.1:9092) could not be established. Broker may not be available.
2024-11-02 22:32:29 [org.springframework.kafka.KafkaListenerEndpointContainer#0-1-C-1] WARN  o.apache.kafka.clients.NetworkClient - [Consumer clientId=consumer-group-1-4, groupId=group-1] Bootstrap broker localhost:9092 (id: -1 rack: null) disconnected
2024-11-02 22:32:30 [org.springframework.kafka.KafkaListenerEndpointContainer#1-1-C-1] INFO  o.apache.kafka.clients.NetworkClient - [Consumer clientId=consumer-group-1-6, groupId=group-1] Node -1 disconnected.
2024-11-02 22:32:30 [org.springframework.kafka.KafkaListenerEndpointContainer#1-1-C-1] WARN  o.apache.kafka.clients.NetworkClient - [Consumer clientId=consumer-group-1-6, groupId=group-1] Connection to node -1 (localhost/127.0.0.1:9092) could not be established. Broker may not be available.
2024-11-02 22:32:30 [org.springframework.kafka.KafkaListenerEndpointContainer#1-1-C-1] WARN  o.apache.kafka.clients.NetworkClient - [Consumer clientId=consumer-group-1-6, groupId=group-1] Bootstrap broker localhost:9092 (id: -1 rack: null) disconnected
2024-11-02 22:32:30 [investment-topic-1-C-1] INFO  o.apache.kafka.clients.NetworkClient - [Consumer clientId=consumer-investment-topic-2, groupId=investment-topic] Node -1 disconnected.
2024-11-02 22:32:30 [investment-topic-1-C-1] WARN  o.apache.kafka.clients.NetworkClient - [Consumer clientId=consumer-investment-topic-2, groupId=investment-topic] Connection to node -1 (localhost/127.0.0.1:9092) could not be established. Broker may not be available.
2024-11-02 22:32:30 [investment-topic-1-C-1] WARN  o.apache.kafka.clients.NetworkClient - [Consumer clientId=consumer-investment-topic-2, groupId=investment-topic] Bootstrap broker localhost:9092 (id: -1 rack: null) disconnected
2024-11-02 22:32:30 [investment-topic-0-C-1] INFO  o.apache.kafka.clients.NetworkClient - [Consumer clientId=consumer-investment-topic-1, groupId=investment-topic] Node -1 disconnected.
2024-11-02 22:32:30 [investment-topic-0-C-1] INFO  o.apache.kafka.clients.NetworkClient - [Consumer clientId=consumer-investment-topic-1, groupId=investment-topic] Cancelled in-flight API_VERSIONS request with correlation id 1 due to node -1 being disconnected (elapsed time since creation: 276ms, elapsed time since send: 276ms, request timeout: 30000ms)
2024-11-02 22:32:30 [investment-topic-0-C-1] WARN  o.apache.kafka.clients.NetworkClient - [Consumer clientId=consumer-investment-topic-1, groupId=investment-topic] Bootstrap broker localhost:9092 (id: -1 rack: null) disconnected
2024-11-02 22:32:30 [org.springframework.kafka.KafkaListenerEndpointContainer#0-0-C-1] INFO  o.apache.kafka.clients.NetworkClient - [Consumer clientId=consumer-group-1-3, groupId=group-1] Node -1 disconnected.
2024-11-02 22:32:30 [org.springframework.kafka.KafkaListenerEndpointContainer#0-0-C-1] INFO  o.apache.kafka.clients.NetworkClient - [Consumer clientId=consumer-group-1-3, groupId=group-1] Cancelled in-flight API_VERSIONS request with correlation id 1 due to node -1 being disconnected (elapsed time since creation: 34ms, elapsed time since send: 34ms, request timeout: 30000ms)
2024-11-02 22:32:30 [org.springframework.kafka.KafkaListenerEndpointContainer#0-0-C-1] WARN  o.apache.kafka.clients.NetworkClient - [Consumer clientId=consumer-group-1-3, groupId=group-1] Bootstrap broker localhost:9092 (id: -1 rack: null) disconnected
2024-11-02 22:32:30 [org.springframework.kafka.KafkaListenerEndpointContainer#0-1-C-1] INFO  o.apache.kafka.clients.NetworkClient - [Consumer clientId=consumer-group-1-4, groupId=group-1] Node -1 disconnected.
2024-11-02 22:32:30 [org.springframework.kafka.KafkaListenerEndpointContainer#1-0-C-1] INFO  o.apache.kafka.clients.NetworkClient - [Consumer clientId=consumer-group-1-5, groupId=group-1] Node -1 disconnected.
2024-11-02 22:32:30 [org.springframework.kafka.KafkaListenerEndpointContainer#1-0-C-1] INFO  o.apache.kafka.clients.NetworkClient - [Consumer clientId=consumer-group-1-5, groupId=group-1] Cancelled in-flight API_VERSIONS request with correlation id 1 due to node -1 being disconnected (elapsed time since creation: 96ms, elapsed time since send: 96ms, request timeout: 30000ms)
2024-11-02 22:32:30 [org.springframework.kafka.KafkaListenerEndpointContainer#0-1-C-1] INFO  o.apache.kafka.clients.NetworkClient - [Consumer clientId=consumer-group-1-4, groupId=group-1] Cancelled in-flight API_VERSIONS request with correlation id 1 due to node -1 being disconnected (elapsed time since creation: 39ms, elapsed time since send: 39ms, request timeout: 30000ms)
2024-11-02 22:32:30 [org.springframework.kafka.KafkaListenerEndpointContainer#1-0-C-1] WARN  o.apache.kafka.clients.NetworkClient - [Consumer clientId=consumer-group-1-5, groupId=group-1] Bootstrap broker localhost:9092 (id: -1 rack: null) disconnected
2024-11-02 22:32:30 [org.springframework.kafka.KafkaListenerEndpointContainer#0-1-C-1] WARN  o.apache.kafka.clients.NetworkClient - [Consumer clientId=consumer-group-1-4, groupId=group-1] Bootstrap broker localhost:9092 (id: -1 rack: null) disconnected
2024-11-02 22:32:31 [org.springframework.kafka.KafkaListenerEndpointContainer#1-1-C-1] INFO  o.apache.kafka.clients.NetworkClient - [Consumer clientId=consumer-group-1-6, groupId=group-1] Node -1 disconnected.
2024-11-02 22:32:31 [org.springframework.kafka.KafkaListenerEndpointContainer#1-1-C-1] INFO  o.apache.kafka.clients.NetworkClient - [Consumer clientId=consumer-group-1-6, groupId=group-1] Cancelled in-flight API_VERSIONS request with correlation id 1 due to node -1 being disconnected (elapsed time since creation: 7ms, elapsed time since send: 7ms, request timeout: 30000ms)
2024-11-02 22:32:31 [org.springframework.kafka.KafkaListenerEndpointContainer#1-1-C-1] WARN  o.apache.kafka.clients.NetworkClient - [Consumer clientId=consumer-group-1-6, groupId=group-1] Bootstrap broker localhost:9092 (id: -1 rack: null) disconnected
2024-11-02 22:32:31 [investment-topic-1-C-1] INFO  o.apache.kafka.clients.NetworkClient - [Consumer clientId=consumer-investment-topic-2, groupId=investment-topic] Node -1 disconnected.
2024-11-02 22:32:31 [investment-topic-1-C-1] INFO  o.apache.kafka.clients.NetworkClient - [Consumer clientId=consumer-investment-topic-2, groupId=investment-topic] Cancelled in-flight API_VERSIONS request with correlation id 1 due to node -1 being disconnected (elapsed time since creation: 14ms, elapsed time since send: 14ms, request timeout: 30000ms)
2024-11-02 22:32:31 [investment-topic-1-C-1] WARN  o.apache.kafka.clients.NetworkClient - [Consumer clientId=consumer-investment-topic-2, groupId=investment-topic] Bootstrap broker localhost:9092 (id: -1 rack: null) disconnected
2024-11-02 22:32:31 [org.springframework.kafka.KafkaListenerEndpointContainer#1-0-C-1] INFO  o.apache.kafka.clients.NetworkClient - [Consumer clientId=consumer-group-1-5, groupId=group-1] Node -1 disconnected.
2024-11-02 22:32:31 [org.springframework.kafka.KafkaListenerEndpointContainer#1-0-C-1] INFO  o.apache.kafka.clients.NetworkClient - [Consumer clientId=consumer-group-1-5, groupId=group-1] Cancelled in-flight API_VERSIONS request with correlation id 2 due to node -1 being disconnected (elapsed time since creation: 3ms, elapsed time since send: 3ms, request timeout: 30000ms)
2024-11-02 22:32:31 [org.springframework.kafka.KafkaListenerEndpointContainer#1-0-C-1] WARN  o.apache.kafka.clients.NetworkClient - [Consumer clientId=consumer-group-1-5, groupId=group-1] Bootstrap broker localhost:9092 (id: -1 rack: null) disconnected
2024-11-02 22:32:31 [investment-topic-0-C-1] INFO  o.apache.kafka.clients.NetworkClient - [Consumer clientId=consumer-investment-topic-1, groupId=investment-topic] Node -1 disconnected.
2024-11-02 22:32:31 [investment-topic-0-C-1] INFO  o.apache.kafka.clients.NetworkClient - [Consumer clientId=consumer-investment-topic-1, groupId=investment-topic] Cancelled in-flight API_VERSIONS request with correlation id 2 due to node -1 being disconnected (elapsed time since creation: 5ms, elapsed time since send: 5ms, request timeout: 30000ms)
2024-11-02 22:32:31 [investment-topic-0-C-1] WARN  o.apache.kafka.clients.NetworkClient - [Consumer clientId=consumer-investment-topic-1, groupId=investment-topic] Bootstrap broker localhost:9092 (id: -1 rack: null) disconnected
2024-11-02 22:32:31 [org.springframework.kafka.KafkaListenerEndpointContainer#1-1-C-1] INFO  o.apache.kafka.clients.NetworkClient - [Consumer clientId=consumer-group-1-6, groupId=group-1] Node -1 disconnected.
2024-11-02 22:32:31 [org.springframework.kafka.KafkaListenerEndpointContainer#1-1-C-1] INFO  o.apache.kafka.clients.NetworkClient - [Consumer clientId=consumer-group-1-6, groupId=group-1] Cancelled in-flight API_VERSIONS request with correlation id 2 due to node -1 being disconnected (elapsed time since creation: 5ms, elapsed time since send: 5ms, request timeout: 30000ms)
2024-11-02 22:32:31 [org.springframework.kafka.KafkaListenerEndpointContainer#1-1-C-1] WARN  o.apache.kafka.clients.NetworkClient - [Consumer clientId=consumer-group-1-6, groupId=group-1] Bootstrap broker localhost:9092 (id: -1 rack: null) disconnected
2024-11-02 22:32:31 [org.springframework.kafka.KafkaListenerEndpointContainer#0-0-C-1] INFO  o.apache.kafka.clients.NetworkClient - [Consumer clientId=consumer-group-1-3, groupId=group-1] Node -1 disconnected.
2024-11-02 22:32:31 [org.springframework.kafka.KafkaListenerEndpointContainer#0-0-C-1] INFO  o.apache.kafka.clients.NetworkClient - [Consumer clientId=consumer-group-1-3, groupId=group-1] Cancelled in-flight API_VERSIONS request with correlation id 2 due to node -1 being disconnected (elapsed time since creation: 3ms, elapsed time since send: 3ms, request timeout: 30000ms)
2024-11-02 22:32:31 [org.springframework.kafka.KafkaListenerEndpointContainer#0-0-C-1] WARN  o.apache.kafka.clients.NetworkClient - [Consumer clientId=consumer-group-1-3, groupId=group-1] Bootstrap broker localhost:9092 (id: -1 rack: null) disconnected
2024-11-02 22:32:31 [investment-topic-1-C-1] INFO  o.apache.kafka.clients.NetworkClient - [Consumer clientId=consumer-investment-topic-2, groupId=investment-topic] Node -1 disconnected.
2024-11-02 22:32:31 [investment-topic-1-C-1] INFO  o.apache.kafka.clients.NetworkClient - [Consumer clientId=consumer-investment-topic-2, groupId=investment-topic] Cancelled in-flight API_VERSIONS request with correlation id 2 due to node -1 being disconnected (elapsed time since creation: 3ms, elapsed time since send: 3ms, request timeout: 30000ms)
2024-11-02 22:32:31 [investment-topic-1-C-1] WARN  o.apache.kafka.clients.NetworkClient - [Consumer clientId=consumer-investment-topic-2, groupId=investment-topic] Bootstrap broker localhost:9092 (id: -1 rack: null) disconnected
2024-11-02 22:32:31 [org.springframework.kafka.KafkaListenerEndpointContainer#0-1-C-1] INFO  o.apache.kafka.clients.NetworkClient - [Consumer clientId=consumer-group-1-4, groupId=group-1] Node -1 disconnected.
2024-11-02 22:32:31 [org.springframework.kafka.KafkaListenerEndpointContainer#0-1-C-1] INFO  o.apache.kafka.clients.NetworkClient - [Consumer clientId=consumer-group-1-4, groupId=group-1] Cancelled in-flight API_VERSIONS request with correlation id 2 due to node -1 being disconnected (elapsed time since creation: 5ms, elapsed time since send: 5ms, request timeout: 30000ms)
2024-11-02 22:32:31 [org.springframework.kafka.KafkaListenerEndpointContainer#0-1-C-1] WARN  o.apache.kafka.clients.NetworkClient - [Consumer clientId=consumer-group-1-4, groupId=group-1] Bootstrap broker localhost:9092 (id: -1 rack: null) disconnected
2024-11-02 22:32:32 [org.springframework.kafka.KafkaListenerEndpointContainer#0-0-C-1] INFO  o.apache.kafka.clients.NetworkClient - [Consumer clientId=consumer-group-1-3, groupId=group-1] Node -1 disconnected.
2024-11-02 22:32:32 [org.springframework.kafka.KafkaListenerEndpointContainer#0-0-C-1] INFO  o.apache.kafka.clients.NetworkClient - [Consumer clientId=consumer-group-1-3, groupId=group-1] Cancelled in-flight API_VERSIONS request with correlation id 3 due to node -1 being disconnected (elapsed time since creation: 4ms, elapsed time since send: 4ms, request timeout: 30000ms)
2024-11-02 22:32:32 [org.springframework.kafka.KafkaListenerEndpointContainer#0-0-C-1] WARN  o.apache.kafka.clients.NetworkClient - [Consumer clientId=consumer-group-1-3, groupId=group-1] Bootstrap broker localhost:9092 (id: -1 rack: null) disconnected
2024-11-02 22:32:33 [org.springframework.kafka.KafkaListenerEndpointContainer#0-1-C-1] INFO  o.apache.kafka.clients.NetworkClient - [Consumer clientId=consumer-group-1-4, groupId=group-1] Node -1 disconnected.
2024-11-02 22:32:33 [org.springframework.kafka.KafkaListenerEndpointContainer#0-1-C-1] INFO  o.apache.kafka.clients.NetworkClient - [Consumer clientId=consumer-group-1-4, groupId=group-1] Cancelled in-flight API_VERSIONS request with correlation id 3 due to node -1 being disconnected (elapsed time since creation: 7ms, elapsed time since send: 7ms, request timeout: 30000ms)
2024-11-02 22:32:33 [org.springframework.kafka.KafkaListenerEndpointContainer#0-1-C-1] WARN  o.apache.kafka.clients.NetworkClient - [Consumer clientId=consumer-group-1-4, groupId=group-1] Bootstrap broker localhost:9092 (id: -1 rack: null) disconnected
2024-11-02 22:32:33 [org.springframework.kafka.KafkaListenerEndpointContainer#1-0-C-1] INFO  o.apache.kafka.clients.NetworkClient - [Consumer clientId=consumer-group-1-5, groupId=group-1] Node -1 disconnected.
2024-11-02 22:32:33 [org.springframework.kafka.KafkaListenerEndpointContainer#1-0-C-1] INFO  o.apache.kafka.clients.NetworkClient - [Consumer clientId=consumer-group-1-5, groupId=group-1] Cancelled in-flight API_VERSIONS request with correlation id 3 due to node -1 being disconnected (elapsed time since creation: 4ms, elapsed time since send: 4ms, request timeout: 30000ms)
2024-11-02 22:32:33 [org.springframework.kafka.KafkaListenerEndpointContainer#1-0-C-1] WARN  o.apache.kafka.clients.NetworkClient - [Consumer clientId=consumer-group-1-5, groupId=group-1] Bootstrap broker localhost:9092 (id: -1 rack: null) disconnected
2024-11-02 22:32:33 [investment-topic-0-C-1] INFO  o.apache.kafka.clients.NetworkClient - [Consumer clientId=consumer-investment-topic-1, groupId=investment-topic] Node -1 disconnected.
2024-11-02 22:32:33 [investment-topic-0-C-1] INFO  o.apache.kafka.clients.NetworkClient - [Consumer clientId=consumer-investment-topic-1, groupId=investment-topic] Cancelled in-flight API_VERSIONS request with correlation id 3 due to node -1 being disconnected (elapsed time since creation: 4ms, elapsed time since send: 4ms, request timeout: 30000ms)
2024-11-02 22:32:33 [investment-topic-0-C-1] WARN  o.apache.kafka.clients.NetworkClient - [Consumer clientId=consumer-investment-topic-1, groupId=investment-topic] Bootstrap broker localhost:9092 (id: -1 rack: null) disconnected
2024-11-02 22:32:33 [org.springframework.kafka.KafkaListenerEndpointContainer#1-1-C-1] INFO  o.apache.kafka.clients.NetworkClient - [Consumer clientId=consumer-group-1-6, groupId=group-1] Node -1 disconnected.
2024-11-02 22:32:33 [org.springframework.kafka.KafkaListenerEndpointContainer#1-1-C-1] INFO  o.apache.kafka.clients.NetworkClient - [Consumer clientId=consumer-group-1-6, groupId=group-1] Cancelled in-flight API_VERSIONS request with correlation id 3 due to node -1 being disconnected (elapsed time since creation: 5ms, elapsed time since send: 5ms, request timeout: 30000ms)
2024-11-02 22:32:33 [org.springframework.kafka.KafkaListenerEndpointContainer#1-1-C-1] WARN  o.apache.kafka.clients.NetworkClient - [Consumer clientId=consumer-group-1-6, groupId=group-1] Bootstrap broker localhost:9092 (id: -1 rack: null) disconnected
2024-11-02 22:32:33 [investment-topic-1-C-1] INFO  o.apache.kafka.clients.NetworkClient - [Consumer clientId=consumer-investment-topic-2, groupId=investment-topic] Node -1 disconnected.
2024-11-02 22:32:33 [investment-topic-1-C-1] INFO  o.apache.kafka.clients.NetworkClient - [Consumer clientId=consumer-investment-topic-2, groupId=investment-topic] Cancelled in-flight API_VERSIONS request with correlation id 3 due to node -1 being disconnected (elapsed time since creation: 8ms, elapsed time since send: 8ms, request timeout: 30000ms)
2024-11-02 22:32:33 [investment-topic-1-C-1] WARN  o.apache.kafka.clients.NetworkClient - [Consumer clientId=consumer-investment-topic-2, groupId=investment-topic] Bootstrap broker localhost:9092 (id: -1 rack: null) disconnected
2024-11-02 22:32:34 [org.springframework.kafka.KafkaListenerEndpointContainer#1-1-C-1] INFO  o.apache.kafka.clients.NetworkClient - [Consumer clientId=consumer-group-1-6, groupId=group-1] Node -1 disconnected.
2024-11-02 22:32:34 [org.springframework.kafka.KafkaListenerEndpointContainer#1-1-C-1] INFO  o.apache.kafka.clients.NetworkClient - [Consumer clientId=consumer-group-1-6, groupId=group-1] Cancelled in-flight API_VERSIONS request with correlation id 4 due to node -1 being disconnected (elapsed time since creation: 62ms, elapsed time since send: 62ms, request timeout: 30000ms)
2024-11-02 22:32:34 [org.springframework.kafka.KafkaListenerEndpointContainer#1-1-C-1] WARN  o.apache.kafka.clients.NetworkClient - [Consumer clientId=consumer-group-1-6, groupId=group-1] Bootstrap broker localhost:9092 (id: -1 rack: null) disconnected
2024-11-02 22:32:34 [org.springframework.kafka.KafkaListenerEndpointContainer#0-1-C-1] INFO  o.apache.kafka.clients.NetworkClient - [Consumer clientId=consumer-group-1-4, groupId=group-1] Node -1 disconnected.
2024-11-02 22:32:34 [org.springframework.kafka.KafkaListenerEndpointContainer#0-1-C-1] INFO  o.apache.kafka.clients.NetworkClient - [Consumer clientId=consumer-group-1-4, groupId=group-1] Cancelled in-flight API_VERSIONS request with correlation id 4 due to node -1 being disconnected (elapsed time since creation: 59ms, elapsed time since send: 59ms, request timeout: 30000ms)
2024-11-02 22:32:34 [org.springframework.kafka.KafkaListenerEndpointContainer#0-1-C-1] WARN  o.apache.kafka.clients.NetworkClient - [Consumer clientId=consumer-group-1-4, groupId=group-1] Bootstrap broker localhost:9092 (id: -1 rack: null) disconnected
2024-11-02 22:32:34 [org.springframework.kafka.KafkaListenerEndpointContainer#0-0-C-1] INFO  o.apache.kafka.clients.NetworkClient - [Consumer clientId=consumer-group-1-3, groupId=group-1] Node -1 disconnected.
2024-11-02 22:32:34 [org.springframework.kafka.KafkaListenerEndpointContainer#1-0-C-1] INFO  o.apache.kafka.clients.NetworkClient - [Consumer clientId=consumer-group-1-5, groupId=group-1] Node -1 disconnected.
2024-11-02 22:32:34 [org.springframework.kafka.KafkaListenerEndpointContainer#1-0-C-1] INFO  o.apache.kafka.clients.NetworkClient - [Consumer clientId=consumer-group-1-5, groupId=group-1] Cancelled in-flight API_VERSIONS request with correlation id 4 due to node -1 being disconnected (elapsed time since creation: 5ms, elapsed time since send: 5ms, request timeout: 30000ms)
2024-11-02 22:32:34 [org.springframework.kafka.KafkaListenerEndpointContainer#0-0-C-1] INFO  o.apache.kafka.clients.NetworkClient - [Consumer clientId=consumer-group-1-3, groupId=group-1] Cancelled in-flight API_VERSIONS request with correlation id 4 due to node -1 being disconnected (elapsed time since creation: 5ms, elapsed time since send: 5ms, request timeout: 30000ms)
2024-11-02 22:32:34 [org.springframework.kafka.KafkaListenerEndpointContainer#1-0-C-1] WARN  o.apache.kafka.clients.NetworkClient - [Consumer clientId=consumer-group-1-5, groupId=group-1] Bootstrap broker localhost:9092 (id: -1 rack: null) disconnected
2024-11-02 22:32:34 [org.springframework.kafka.KafkaListenerEndpointContainer#0-0-C-1] WARN  o.apache.kafka.clients.NetworkClient - [Consumer clientId=consumer-group-1-3, groupId=group-1] Bootstrap broker localhost:9092 (id: -1 rack: null) disconnected
2024-11-02 22:32:34 [investment-topic-0-C-1] INFO  o.apache.kafka.clients.NetworkClient - [Consumer clientId=consumer-investment-topic-1, groupId=investment-topic] Node -1 disconnected.
2024-11-02 22:32:34 [investment-topic-0-C-1] INFO  o.apache.kafka.clients.NetworkClient - [Consumer clientId=consumer-investment-topic-1, groupId=investment-topic] Cancelled in-flight API_VERSIONS request with correlation id 4 due to node -1 being disconnected (elapsed time since creation: 4ms, elapsed time since send: 4ms, request timeout: 30000ms)
2024-11-02 22:32:34 [investment-topic-0-C-1] WARN  o.apache.kafka.clients.NetworkClient - [Consumer clientId=consumer-investment-topic-1, groupId=investment-topic] Bootstrap broker localhost:9092 (id: -1 rack: null) disconnected
2024-11-02 22:32:34 [investment-topic-1-C-1] INFO  o.apache.kafka.clients.NetworkClient - [Consumer clientId=consumer-investment-topic-2, groupId=investment-topic] Node -1 disconnected.
2024-11-02 22:32:34 [investment-topic-1-C-1] INFO  o.apache.kafka.clients.NetworkClient - [Consumer clientId=consumer-investment-topic-2, groupId=investment-topic] Cancelled in-flight API_VERSIONS request with correlation id 4 due to node -1 being disconnected (elapsed time since creation: 5ms, elapsed time since send: 5ms, request timeout: 30000ms)
2024-11-02 22:32:34 [investment-topic-1-C-1] WARN  o.apache.kafka.clients.NetworkClient - [Consumer clientId=consumer-investment-topic-2, groupId=investment-topic] Bootstrap broker localhost:9092 (id: -1 rack: null) disconnected
2024-11-02 22:32:35 [org.springframework.kafka.KafkaListenerEndpointContainer#0-0-C-1] INFO  o.apache.kafka.clients.NetworkClient - [Consumer clientId=consumer-group-1-3, groupId=group-1] Node -1 disconnected.
2024-11-02 22:32:35 [org.springframework.kafka.KafkaListenerEndpointContainer#0-0-C-1] INFO  o.apache.kafka.clients.NetworkClient - [Consumer clientId=consumer-group-1-3, groupId=group-1] Cancelled in-flight API_VERSIONS request with correlation id 5 due to node -1 being disconnected (elapsed time since creation: 20ms, elapsed time since send: 20ms, request timeout: 30000ms)
2024-11-02 22:32:35 [org.springframework.kafka.KafkaListenerEndpointContainer#0-0-C-1] WARN  o.apache.kafka.clients.NetworkClient - [Consumer clientId=consumer-group-1-3, groupId=group-1] Bootstrap broker localhost:9092 (id: -1 rack: null) disconnected
2024-11-02 22:32:35 [org.springframework.kafka.KafkaListenerEndpointContainer#1-1-C-1] INFO  o.apache.kafka.clients.NetworkClient - [Consumer clientId=consumer-group-1-6, groupId=group-1] Node -1 disconnected.
2024-11-02 22:32:35 [org.springframework.kafka.KafkaListenerEndpointContainer#1-1-C-1] INFO  o.apache.kafka.clients.NetworkClient - [Consumer clientId=consumer-group-1-6, groupId=group-1] Cancelled in-flight API_VERSIONS request with correlation id 5 due to node -1 being disconnected (elapsed time since creation: 3ms, elapsed time since send: 3ms, request timeout: 30000ms)
2024-11-02 22:32:35 [org.springframework.kafka.KafkaListenerEndpointContainer#1-1-C-1] WARN  o.apache.kafka.clients.NetworkClient - [Consumer clientId=consumer-group-1-6, groupId=group-1] Bootstrap broker localhost:9092 (id: -1 rack: null) disconnected
2024-11-02 22:32:35 [org.springframework.kafka.KafkaListenerEndpointContainer#1-0-C-1] INFO  o.apache.kafka.clients.NetworkClient - [Consumer clientId=consumer-group-1-5, groupId=group-1] Node -1 disconnected.
2024-11-02 22:32:35 [org.springframework.kafka.KafkaListenerEndpointContainer#1-0-C-1] INFO  o.apache.kafka.clients.NetworkClient - [Consumer clientId=consumer-group-1-5, groupId=group-1] Cancelled in-flight API_VERSIONS request with correlation id 5 due to node -1 being disconnected (elapsed time since creation: 57ms, elapsed time since send: 57ms, request timeout: 30000ms)
2024-11-02 22:32:35 [org.springframework.kafka.KafkaListenerEndpointContainer#1-0-C-1] WARN  o.apache.kafka.clients.NetworkClient - [Consumer clientId=consumer-group-1-5, groupId=group-1] Bootstrap broker localhost:9092 (id: -1 rack: null) disconnected
2024-11-02 22:32:35 [org.springframework.kafka.KafkaListenerEndpointContainer#0-1-C-1] INFO  o.apache.kafka.clients.NetworkClient - [Consumer clientId=consumer-group-1-4, groupId=group-1] Node -1 disconnected.
2024-11-02 22:32:35 [org.springframework.kafka.KafkaListenerEndpointContainer#0-1-C-1] INFO  o.apache.kafka.clients.NetworkClient - [Consumer clientId=consumer-group-1-4, groupId=group-1] Cancelled in-flight API_VERSIONS request with correlation id 5 due to node -1 being disconnected (elapsed time since creation: 8ms, elapsed time since send: 8ms, request timeout: 30000ms)
2024-11-02 22:32:35 [org.springframework.kafka.KafkaListenerEndpointContainer#0-1-C-1] WARN  o.apache.kafka.clients.NetworkClient - [Consumer clientId=consumer-group-1-4, groupId=group-1] Bootstrap broker localhost:9092 (id: -1 rack: null) disconnected
2024-11-02 22:32:35 [investment-topic-0-C-1] INFO  o.apache.kafka.clients.NetworkClient - [Consumer clientId=consumer-investment-topic-1, groupId=investment-topic] Node -1 disconnected.
2024-11-02 22:32:35 [investment-topic-0-C-1] INFO  o.apache.kafka.clients.NetworkClient - [Consumer clientId=consumer-investment-topic-1, groupId=investment-topic] Cancelled in-flight API_VERSIONS request with correlation id 5 due to node -1 being disconnected (elapsed time since creation: 8ms, elapsed time since send: 8ms, request timeout: 30000ms)
2024-11-02 22:32:35 [investment-topic-0-C-1] WARN  o.apache.kafka.clients.NetworkClient - [Consumer clientId=consumer-investment-topic-1, groupId=investment-topic] Bootstrap broker localhost:9092 (id: -1 rack: null) disconnected
2024-11-02 22:32:35 [investment-topic-1-C-1] INFO  o.apache.kafka.clients.NetworkClient - [Consumer clientId=consumer-investment-topic-2, groupId=investment-topic] Node -1 disconnected.
2024-11-02 22:32:35 [investment-topic-1-C-1] INFO  o.apache.kafka.clients.NetworkClient - [Consumer clientId=consumer-investment-topic-2, groupId=investment-topic] Cancelled in-flight API_VERSIONS request with correlation id 5 due to node -1 being disconnected (elapsed time since creation: 4ms, elapsed time since send: 4ms, request timeout: 30000ms)
2024-11-02 22:32:35 [investment-topic-1-C-1] WARN  o.apache.kafka.clients.NetworkClient - [Consumer clientId=consumer-investment-topic-2, groupId=investment-topic] Bootstrap broker localhost:9092 (id: -1 rack: null) disconnected
2024-11-02 22:32:35 [org.springframework.kafka.KafkaListenerEndpointContainer#1-1-C-1] INFO  o.apache.kafka.clients.NetworkClient - [Consumer clientId=consumer-group-1-6, groupId=group-1] Node -1 disconnected.
2024-11-02 22:32:35 [org.springframework.kafka.KafkaListenerEndpointContainer#1-1-C-1] INFO  o.apache.kafka.clients.NetworkClient - [Consumer clientId=consumer-group-1-6, groupId=group-1] Cancelled in-flight API_VERSIONS request with correlation id 6 due to node -1 being disconnected (elapsed time since creation: 8ms, elapsed time since send: 8ms, request timeout: 30000ms)
2024-11-02 22:32:35 [org.springframework.kafka.KafkaListenerEndpointContainer#1-1-C-1] WARN  o.apache.kafka.clients.NetworkClient - [Consumer clientId=consumer-group-1-6, groupId=group-1] Bootstrap broker localhost:9092 (id: -1 rack: null) disconnected
2024-11-02 22:32:36 [org.springframework.kafka.KafkaListenerEndpointContainer#0-0-C-1] INFO  o.apache.kafka.clients.NetworkClient - [Consumer clientId=consumer-group-1-3, groupId=group-1] Node -1 disconnected.
2024-11-02 22:32:36 [org.springframework.kafka.KafkaListenerEndpointContainer#0-0-C-1] INFO  o.apache.kafka.clients.NetworkClient - [Consumer clientId=consumer-group-1-3, groupId=group-1] Cancelled in-flight API_VERSIONS request with correlation id 6 due to node -1 being disconnected (elapsed time since creation: 3ms, elapsed time since send: 3ms, request timeout: 30000ms)
2024-11-02 22:32:36 [org.springframework.kafka.KafkaListenerEndpointContainer#0-0-C-1] WARN  o.apache.kafka.clients.NetworkClient - [Consumer clientId=consumer-group-1-3, groupId=group-1] Bootstrap broker localhost:9092 (id: -1 rack: null) disconnected
2024-11-02 22:32:36 [investment-topic-0-C-1] INFO  o.apache.kafka.clients.NetworkClient - [Consumer clientId=consumer-investment-topic-1, groupId=investment-topic] Node -1 disconnected.
2024-11-02 22:32:36 [investment-topic-0-C-1] INFO  o.apache.kafka.clients.NetworkClient - [Consumer clientId=consumer-investment-topic-1, groupId=investment-topic] Cancelled in-flight API_VERSIONS request with correlation id 6 due to node -1 being disconnected (elapsed time since creation: 3ms, elapsed time since send: 3ms, request timeout: 30000ms)
2024-11-02 22:32:36 [investment-topic-0-C-1] WARN  o.apache.kafka.clients.NetworkClient - [Consumer clientId=consumer-investment-topic-1, groupId=investment-topic] Bootstrap broker localhost:9092 (id: -1 rack: null) disconnected
2024-11-02 22:32:36 [investment-topic-1-C-1] INFO  o.apache.kafka.clients.NetworkClient - [Consumer clientId=consumer-investment-topic-2, groupId=investment-topic] Node -1 disconnected.
2024-11-02 22:32:36 [investment-topic-1-C-1] INFO  o.apache.kafka.clients.NetworkClient - [Consumer clientId=consumer-investment-topic-2, groupId=investment-topic] Cancelled in-flight API_VERSIONS request with correlation id 6 due to node -1 being disconnected (elapsed time since creation: 6ms, elapsed time since send: 6ms, request timeout: 30000ms)
2024-11-02 22:32:36 [investment-topic-1-C-1] WARN  o.apache.kafka.clients.NetworkClient - [Consumer clientId=consumer-investment-topic-2, groupId=investment-topic] Bootstrap broker localhost:9092 (id: -1 rack: null) disconnected
2024-11-02 22:32:36 [org.springframework.kafka.KafkaListenerEndpointContainer#1-0-C-1] INFO  o.apache.kafka.clients.NetworkClient - [Consumer clientId=consumer-group-1-5, groupId=group-1] Node -1 disconnected.
2024-11-02 22:32:36 [org.springframework.kafka.KafkaListenerEndpointContainer#1-0-C-1] INFO  o.apache.kafka.clients.NetworkClient - [Consumer clientId=consumer-group-1-5, groupId=group-1] Cancelled in-flight API_VERSIONS request with correlation id 6 due to node -1 being disconnected (elapsed time since creation: 5ms, elapsed time since send: 5ms, request timeout: 30000ms)
2024-11-02 22:32:36 [org.springframework.kafka.KafkaListenerEndpointContainer#1-0-C-1] WARN  o.apache.kafka.clients.NetworkClient - [Consumer clientId=consumer-group-1-5, groupId=group-1] Bootstrap broker localhost:9092 (id: -1 rack: null) disconnected
2024-11-02 22:32:36 [org.springframework.kafka.KafkaListenerEndpointContainer#0-1-C-1] INFO  o.apache.kafka.clients.NetworkClient - [Consumer clientId=consumer-group-1-4, groupId=group-1] Node -1 disconnected.
2024-11-02 22:32:36 [org.springframework.kafka.KafkaListenerEndpointContainer#0-1-C-1] INFO  o.apache.kafka.clients.NetworkClient - [Consumer clientId=consumer-group-1-4, groupId=group-1] Cancelled in-flight API_VERSIONS request with correlation id 6 due to node -1 being disconnected (elapsed time since creation: 3ms, elapsed time since send: 3ms, request timeout: 30000ms)
2024-11-02 22:32:36 [org.springframework.kafka.KafkaListenerEndpointContainer#0-1-C-1] WARN  o.apache.kafka.clients.NetworkClient - [Consumer clientId=consumer-group-1-4, groupId=group-1] Bootstrap broker localhost:9092 (id: -1 rack: null) disconnected
2024-11-02 22:32:36 [org.springframework.kafka.KafkaListenerEndpointContainer#1-1-C-1] INFO  o.apache.kafka.clients.NetworkClient - [Consumer clientId=consumer-group-1-6, groupId=group-1] Node -1 disconnected.
2024-11-02 22:32:36 [org.springframework.kafka.KafkaListenerEndpointContainer#1-1-C-1] INFO  o.apache.kafka.clients.NetworkClient - [Consumer clientId=consumer-group-1-6, groupId=group-1] Cancelled in-flight API_VERSIONS request with correlation id 7 due to node -1 being disconnected (elapsed time since creation: 4ms, elapsed time since send: 4ms, request timeout: 30000ms)
2024-11-02 22:32:36 [org.springframework.kafka.KafkaListenerEndpointContainer#1-1-C-1] WARN  o.apache.kafka.clients.NetworkClient - [Consumer clientId=consumer-group-1-6, groupId=group-1] Bootstrap broker localhost:9092 (id: -1 rack: null) disconnected
2024-11-02 22:32:37 [org.springframework.kafka.KafkaListenerEndpointContainer#1-0-C-1] INFO  o.apache.kafka.clients.NetworkClient - [Consumer clientId=consumer-group-1-5, groupId=group-1] Node -1 disconnected.
2024-11-02 22:32:37 [investment-topic-0-C-1] INFO  o.apache.kafka.clients.NetworkClient - [Consumer clientId=consumer-investment-topic-1, groupId=investment-topic] Node -1 disconnected.
2024-11-02 22:32:37 [org.springframework.kafka.KafkaListenerEndpointContainer#1-0-C-1] INFO  o.apache.kafka.clients.NetworkClient - [Consumer clientId=consumer-group-1-5, groupId=group-1] Cancelled in-flight API_VERSIONS request with correlation id 7 due to node -1 being disconnected (elapsed time since creation: 4ms, elapsed time since send: 4ms, request timeout: 30000ms)
2024-11-02 22:32:37 [investment-topic-0-C-1] INFO  o.apache.kafka.clients.NetworkClient - [Consumer clientId=consumer-investment-topic-1, groupId=investment-topic] Cancelled in-flight API_VERSIONS request with correlation id 7 due to node -1 being disconnected (elapsed time since creation: 5ms, elapsed time since send: 5ms, request timeout: 30000ms)
2024-11-02 22:32:37 [investment-topic-0-C-1] WARN  o.apache.kafka.clients.NetworkClient - [Consumer clientId=consumer-investment-topic-1, groupId=investment-topic] Bootstrap broker localhost:9092 (id: -1 rack: null) disconnected
2024-11-02 22:32:37 [org.springframework.kafka.KafkaListenerEndpointContainer#1-0-C-1] WARN  o.apache.kafka.clients.NetworkClient - [Consumer clientId=consumer-group-1-5, groupId=group-1] Bootstrap broker localhost:9092 (id: -1 rack: null) disconnected
2024-11-02 22:32:37 [org.springframework.kafka.KafkaListenerEndpointContainer#0-0-C-1] INFO  o.apache.kafka.clients.NetworkClient - [Consumer clientId=consumer-group-1-3, groupId=group-1] Node -1 disconnected.
2024-11-02 22:32:37 [org.springframework.kafka.KafkaListenerEndpointContainer#0-0-C-1] INFO  o.apache.kafka.clients.NetworkClient - [Consumer clientId=consumer-group-1-3, groupId=group-1] Cancelled in-flight API_VERSIONS request with correlation id 7 due to node -1 being disconnected (elapsed time since creation: 4ms, elapsed time since send: 4ms, request timeout: 30000ms)
2024-11-02 22:32:37 [org.springframework.kafka.KafkaListenerEndpointContainer#0-0-C-1] WARN  o.apache.kafka.clients.NetworkClient - [Consumer clientId=consumer-group-1-3, groupId=group-1] Bootstrap broker localhost:9092 (id: -1 rack: null) disconnected
2024-11-02 22:32:37 [investment-topic-1-C-1] INFO  o.apache.kafka.clients.NetworkClient - [Consumer clientId=consumer-investment-topic-2, groupId=investment-topic] Node -1 disconnected.
2024-11-02 22:32:37 [investment-topic-1-C-1] INFO  o.apache.kafka.clients.NetworkClient - [Consumer clientId=consumer-investment-topic-2, groupId=investment-topic] Cancelled in-flight API_VERSIONS request with correlation id 7 due to node -1 being disconnected (elapsed time since creation: 4ms, elapsed time since send: 4ms, request timeout: 30000ms)
2024-11-02 22:32:37 [investment-topic-1-C-1] WARN  o.apache.kafka.clients.NetworkClient - [Consumer clientId=consumer-investment-topic-2, groupId=investment-topic] Bootstrap broker localhost:9092 (id: -1 rack: null) disconnected
2024-11-02 22:32:37 [org.springframework.kafka.KafkaListenerEndpointContainer#0-1-C-1] INFO  o.apache.kafka.clients.NetworkClient - [Consumer clientId=consumer-group-1-4, groupId=group-1] Node -1 disconnected.
2024-11-02 22:32:37 [org.springframework.kafka.KafkaListenerEndpointContainer#0-1-C-1] INFO  o.apache.kafka.clients.NetworkClient - [Consumer clientId=consumer-group-1-4, groupId=group-1] Cancelled in-flight API_VERSIONS request with correlation id 7 due to node -1 being disconnected (elapsed time since creation: 31ms, elapsed time since send: 31ms, request timeout: 30000ms)
2024-11-02 22:32:37 [org.springframework.kafka.KafkaListenerEndpointContainer#0-1-C-1] WARN  o.apache.kafka.clients.NetworkClient - [Consumer clientId=consumer-group-1-4, groupId=group-1] Bootstrap broker localhost:9092 (id: -1 rack: null) disconnected
2024-11-02 22:32:37 [org.springframework.kafka.KafkaListenerEndpointContainer#1-1-C-1] INFO  o.apache.kafka.clients.NetworkClient - [Consumer clientId=consumer-group-1-6, groupId=group-1] Node -1 disconnected.
2024-11-02 22:32:37 [org.springframework.kafka.KafkaListenerEndpointContainer#1-1-C-1] INFO  o.apache.kafka.clients.NetworkClient - [Consumer clientId=consumer-group-1-6, groupId=group-1] Cancelled in-flight API_VERSIONS request with correlation id 8 due to node -1 being disconnected (elapsed time since creation: 104ms, elapsed time since send: 104ms, request timeout: 30000ms)
2024-11-02 22:32:37 [org.springframework.kafka.KafkaListenerEndpointContainer#1-1-C-1] WARN  o.apache.kafka.clients.NetworkClient - [Consumer clientId=consumer-group-1-6, groupId=group-1] Bootstrap broker localhost:9092 (id: -1 rack: null) disconnected
2024-11-02 22:32:38 [investment-topic-0-C-1] INFO  o.apache.kafka.clients.NetworkClient - [Consumer clientId=consumer-investment-topic-1, groupId=investment-topic] Node -1 disconnected.
2024-11-02 22:32:38 [investment-topic-0-C-1] INFO  o.apache.kafka.clients.NetworkClient - [Consumer clientId=consumer-investment-topic-1, groupId=investment-topic] Cancelled in-flight API_VERSIONS request with correlation id 8 due to node -1 being disconnected (elapsed time since creation: 10ms, elapsed time since send: 10ms, request timeout: 30000ms)
2024-11-02 22:32:38 [investment-topic-0-C-1] WARN  o.apache.kafka.clients.NetworkClient - [Consumer clientId=consumer-investment-topic-1, groupId=investment-topic] Bootstrap broker localhost:9092 (id: -1 rack: null) disconnected
2024-11-02 22:32:38 [org.springframework.kafka.KafkaListenerEndpointContainer#1-0-C-1] INFO  o.apache.kafka.clients.NetworkClient - [Consumer clientId=consumer-group-1-5, groupId=group-1] Node -1 disconnected.
2024-11-02 22:32:38 [org.springframework.kafka.KafkaListenerEndpointContainer#1-0-C-1] INFO  o.apache.kafka.clients.NetworkClient - [Consumer clientId=consumer-group-1-5, groupId=group-1] Cancelled in-flight API_VERSIONS request with correlation id 8 due to node -1 being disconnected (elapsed time since creation: 4ms, elapsed time since send: 4ms, request timeout: 30000ms)
2024-11-02 22:32:38 [org.springframework.kafka.KafkaListenerEndpointContainer#1-0-C-1] WARN  o.apache.kafka.clients.NetworkClient - [Consumer clientId=consumer-group-1-5, groupId=group-1] Bootstrap broker localhost:9092 (id: -1 rack: null) disconnected
2024-11-02 22:32:38 [org.springframework.kafka.KafkaListenerEndpointContainer#0-0-C-1] INFO  o.apache.kafka.clients.NetworkClient - [Consumer clientId=consumer-group-1-3, groupId=group-1] Node -1 disconnected.
2024-11-02 22:32:38 [org.springframework.kafka.KafkaListenerEndpointContainer#0-0-C-1] INFO  o.apache.kafka.clients.NetworkClient - [Consumer clientId=consumer-group-1-3, groupId=group-1] Cancelled in-flight API_VERSIONS request with correlation id 8 due to node -1 being disconnected (elapsed time since creation: 3ms, elapsed time since send: 3ms, request timeout: 30000ms)
2024-11-02 22:32:38 [org.springframework.kafka.KafkaListenerEndpointContainer#0-0-C-1] WARN  o.apache.kafka.clients.NetworkClient - [Consumer clientId=consumer-group-1-3, groupId=group-1] Bootstrap broker localhost:9092 (id: -1 rack: null) disconnected
2024-11-02 22:32:38 [investment-topic-1-C-1] INFO  o.apache.kafka.clients.NetworkClient - [Consumer clientId=consumer-investment-topic-2, groupId=investment-topic] Node -1 disconnected.
2024-11-02 22:32:38 [investment-topic-1-C-1] INFO  o.apache.kafka.clients.NetworkClient - [Consumer clientId=consumer-investment-topic-2, groupId=investment-topic] Cancelled in-flight API_VERSIONS request with correlation id 8 due to node -1 being disconnected (elapsed time since creation: 1ms, elapsed time since send: 1ms, request timeout: 30000ms)
2024-11-02 22:32:38 [investment-topic-1-C-1] WARN  o.apache.kafka.clients.NetworkClient - [Consumer clientId=consumer-investment-topic-2, groupId=investment-topic] Bootstrap broker localhost:9092 (id: -1 rack: null) disconnected
2024-11-02 22:32:38 [org.springframework.kafka.KafkaListenerEndpointContainer#0-1-C-1] INFO  o.apache.kafka.clients.NetworkClient - [Consumer clientId=consumer-group-1-4, groupId=group-1] Node -1 disconnected.
2024-11-02 22:32:38 [org.springframework.kafka.KafkaListenerEndpointContainer#0-1-C-1] INFO  o.apache.kafka.clients.NetworkClient - [Consumer clientId=consumer-group-1-4, groupId=group-1] Cancelled in-flight API_VERSIONS request with correlation id 8 due to node -1 being disconnected (elapsed time since creation: 5ms, elapsed time since send: 5ms, request timeout: 30000ms)
2024-11-02 22:32:38 [org.springframework.kafka.KafkaListenerEndpointContainer#0-1-C-1] WARN  o.apache.kafka.clients.NetworkClient - [Consumer clientId=consumer-group-1-4, groupId=group-1] Bootstrap broker localhost:9092 (id: -1 rack: null) disconnected
2024-11-02 22:32:38 [org.springframework.kafka.KafkaListenerEndpointContainer#1-1-C-1] INFO  o.apache.kafka.clients.NetworkClient - [Consumer clientId=consumer-group-1-6, groupId=group-1] Node -1 disconnected.
2024-11-02 22:32:38 [org.springframework.kafka.KafkaListenerEndpointContainer#1-1-C-1] INFO  o.apache.kafka.clients.NetworkClient - [Consumer clientId=consumer-group-1-6, groupId=group-1] Cancelled in-flight API_VERSIONS request with correlation id 9 due to node -1 being disconnected (elapsed time since creation: 4ms, elapsed time since send: 4ms, request timeout: 30000ms)
2024-11-02 22:32:38 [org.springframework.kafka.KafkaListenerEndpointContainer#1-1-C-1] WARN  o.apache.kafka.clients.NetworkClient - [Consumer clientId=consumer-group-1-6, groupId=group-1] Bootstrap broker localhost:9092 (id: -1 rack: null) disconnected
2024-11-02 22:32:39 [investment-topic-0-C-1] INFO  o.apache.kafka.clients.NetworkClient - [Consumer clientId=consumer-investment-topic-1, groupId=investment-topic] Node -1 disconnected.
2024-11-02 22:32:39 [investment-topic-0-C-1] INFO  o.apache.kafka.clients.NetworkClient - [Consumer clientId=consumer-investment-topic-1, groupId=investment-topic] Cancelled in-flight API_VERSIONS request with correlation id 9 due to node -1 being disconnected (elapsed time since creation: 4ms, elapsed time since send: 4ms, request timeout: 30000ms)
2024-11-02 22:32:39 [investment-topic-0-C-1] WARN  o.apache.kafka.clients.NetworkClient - [Consumer clientId=consumer-investment-topic-1, groupId=investment-topic] Bootstrap broker localhost:9092 (id: -1 rack: null) disconnected
2024-11-02 22:32:39 [org.springframework.kafka.KafkaListenerEndpointContainer#1-0-C-1] INFO  o.apache.kafka.clients.NetworkClient - [Consumer clientId=consumer-group-1-5, groupId=group-1] Node -1 disconnected.
2024-11-02 22:32:39 [org.springframework.kafka.KafkaListenerEndpointContainer#1-0-C-1] INFO  o.apache.kafka.clients.NetworkClient - [Consumer clientId=consumer-group-1-5, groupId=group-1] Cancelled in-flight API_VERSIONS request with correlation id 9 due to node -1 being disconnected (elapsed time since creation: 4ms, elapsed time since send: 4ms, request timeout: 30000ms)
2024-11-02 22:32:39 [org.springframework.kafka.KafkaListenerEndpointContainer#1-0-C-1] WARN  o.apache.kafka.clients.NetworkClient - [Consumer clientId=consumer-group-1-5, groupId=group-1] Bootstrap broker localhost:9092 (id: -1 rack: null) disconnected
2024-11-02 22:32:39 [investment-topic-1-C-1] INFO  o.apache.kafka.clients.NetworkClient - [Consumer clientId=consumer-investment-topic-2, groupId=investment-topic] Node -1 disconnected.
2024-11-02 22:32:39 [investment-topic-1-C-1] INFO  o.apache.kafka.clients.NetworkClient - [Consumer clientId=consumer-investment-topic-2, groupId=investment-topic] Cancelled in-flight API_VERSIONS request with correlation id 9 due to node -1 being disconnected (elapsed time since creation: 4ms, elapsed time since send: 4ms, request timeout: 30000ms)
2024-11-02 22:32:39 [investment-topic-1-C-1] WARN  o.apache.kafka.clients.NetworkClient - [Consumer clientId=consumer-investment-topic-2, groupId=investment-topic] Bootstrap broker localhost:9092 (id: -1 rack: null) disconnected
2024-11-02 22:32:39 [org.springframework.kafka.KafkaListenerEndpointContainer#0-0-C-1] INFO  o.apache.kafka.clients.NetworkClient - [Consumer clientId=consumer-group-1-3, groupId=group-1] Node -1 disconnected.
2024-11-02 22:32:39 [org.springframework.kafka.KafkaListenerEndpointContainer#0-0-C-1] INFO  o.apache.kafka.clients.NetworkClient - [Consumer clientId=consumer-group-1-3, groupId=group-1] Cancelled in-flight API_VERSIONS request with correlation id 9 due to node -1 being disconnected (elapsed time since creation: 3ms, elapsed time since send: 3ms, request timeout: 30000ms)
2024-11-02 22:32:39 [org.springframework.kafka.KafkaListenerEndpointContainer#0-0-C-1] WARN  o.apache.kafka.clients.NetworkClient - [Consumer clientId=consumer-group-1-3, groupId=group-1] Bootstrap broker localhost:9092 (id: -1 rack: null) disconnected
2024-11-02 22:32:39 [org.springframework.kafka.KafkaListenerEndpointContainer#0-1-C-1] INFO  o.apache.kafka.clients.NetworkClient - [Consumer clientId=consumer-group-1-4, groupId=group-1] Node -1 disconnected.
2024-11-02 22:32:39 [org.springframework.kafka.KafkaListenerEndpointContainer#0-1-C-1] INFO  o.apache.kafka.clients.NetworkClient - [Consumer clientId=consumer-group-1-4, groupId=group-1] Cancelled in-flight API_VERSIONS request with correlation id 9 due to node -1 being disconnected (elapsed time since creation: 3ms, elapsed time since send: 3ms, request timeout: 30000ms)
2024-11-02 22:32:39 [org.springframework.kafka.KafkaListenerEndpointContainer#0-1-C-1] WARN  o.apache.kafka.clients.NetworkClient - [Consumer clientId=consumer-group-1-4, groupId=group-1] Bootstrap broker localhost:9092 (id: -1 rack: null) disconnected
2024-11-02 22:32:40 [org.springframework.kafka.KafkaListenerEndpointContainer#1-1-C-1] INFO  o.apache.kafka.clients.NetworkClient - [Consumer clientId=consumer-group-1-6, groupId=group-1] Node -1 disconnected.
2024-11-02 22:32:40 [org.springframework.kafka.KafkaListenerEndpointContainer#1-1-C-1] INFO  o.apache.kafka.clients.NetworkClient - [Consumer clientId=consumer-group-1-6, groupId=group-1] Cancelled in-flight API_VERSIONS request with correlation id 10 due to node -1 being disconnected (elapsed time since creation: 3ms, elapsed time since send: 3ms, request timeout: 30000ms)
2024-11-02 22:32:40 [org.springframework.kafka.KafkaListenerEndpointContainer#1-1-C-1] WARN  o.apache.kafka.clients.NetworkClient - [Consumer clientId=consumer-group-1-6, groupId=group-1] Bootstrap broker localhost:9092 (id: -1 rack: null) disconnected
2024-11-02 22:32:40 [investment-topic-1-C-1] INFO  o.apache.kafka.clients.NetworkClient - [Consumer clientId=consumer-investment-topic-2, groupId=investment-topic] Node -1 disconnected.
2024-11-02 22:32:40 [investment-topic-1-C-1] INFO  o.apache.kafka.clients.NetworkClient - [Consumer clientId=consumer-investment-topic-2, groupId=investment-topic] Cancelled in-flight API_VERSIONS request with correlation id 10 due to node -1 being disconnected (elapsed time since creation: 3ms, elapsed time since send: 3ms, request timeout: 30000ms)
2024-11-02 22:32:40 [investment-topic-1-C-1] WARN  o.apache.kafka.clients.NetworkClient - [Consumer clientId=consumer-investment-topic-2, groupId=investment-topic] Bootstrap broker localhost:9092 (id: -1 rack: null) disconnected
2024-11-02 22:32:40 [investment-topic-0-C-1] INFO  o.apache.kafka.clients.NetworkClient - [Consumer clientId=consumer-investment-topic-1, groupId=investment-topic] Node -1 disconnected.
2024-11-02 22:32:40 [investment-topic-0-C-1] INFO  o.apache.kafka.clients.NetworkClient - [Consumer clientId=consumer-investment-topic-1, groupId=investment-topic] Cancelled in-flight API_VERSIONS request with correlation id 10 due to node -1 being disconnected (elapsed time since creation: 2ms, elapsed time since send: 2ms, request timeout: 30000ms)
2024-11-02 22:32:40 [investment-topic-0-C-1] WARN  o.apache.kafka.clients.NetworkClient - [Consumer clientId=consumer-investment-topic-1, groupId=investment-topic] Bootstrap broker localhost:9092 (id: -1 rack: null) disconnected
2024-11-02 22:32:40 [org.springframework.kafka.KafkaListenerEndpointContainer#1-0-C-1] INFO  o.apache.kafka.clients.NetworkClient - [Consumer clientId=consumer-group-1-5, groupId=group-1] Node -1 disconnected.
2024-11-02 22:32:40 [org.springframework.kafka.KafkaListenerEndpointContainer#1-0-C-1] INFO  o.apache.kafka.clients.NetworkClient - [Consumer clientId=consumer-group-1-5, groupId=group-1] Cancelled in-flight API_VERSIONS request with correlation id 10 due to node -1 being disconnected (elapsed time since creation: 3ms, elapsed time since send: 3ms, request timeout: 30000ms)
2024-11-02 22:32:40 [org.springframework.kafka.KafkaListenerEndpointContainer#1-0-C-1] WARN  o.apache.kafka.clients.NetworkClient - [Consumer clientId=consumer-group-1-5, groupId=group-1] Bootstrap broker localhost:9092 (id: -1 rack: null) disconnected
2024-11-02 22:32:40 [org.springframework.kafka.KafkaListenerEndpointContainer#0-0-C-1] INFO  o.apache.kafka.clients.NetworkClient - [Consumer clientId=consumer-group-1-3, groupId=group-1] Node -1 disconnected.
2024-11-02 22:32:40 [org.springframework.kafka.KafkaListenerEndpointContainer#0-0-C-1] INFO  o.apache.kafka.clients.NetworkClient - [Consumer clientId=consumer-group-1-3, groupId=group-1] Cancelled in-flight API_VERSIONS request with correlation id 10 due to node -1 being disconnected (elapsed time since creation: 3ms, elapsed time since send: 3ms, request timeout: 30000ms)
2024-11-02 22:32:40 [org.springframework.kafka.KafkaListenerEndpointContainer#0-0-C-1] WARN  o.apache.kafka.clients.NetworkClient - [Consumer clientId=consumer-group-1-3, groupId=group-1] Bootstrap broker localhost:9092 (id: -1 rack: null) disconnected
2024-11-02 22:32:40 [org.springframework.kafka.KafkaListenerEndpointContainer#0-1-C-1] INFO  o.apache.kafka.clients.NetworkClient - [Consumer clientId=consumer-group-1-4, groupId=group-1] Node -1 disconnected.
2024-11-02 22:32:40 [org.springframework.kafka.KafkaListenerEndpointContainer#0-1-C-1] INFO  o.apache.kafka.clients.NetworkClient - [Consumer clientId=consumer-group-1-4, groupId=group-1] Cancelled in-flight API_VERSIONS request with correlation id 10 due to node -1 being disconnected (elapsed time since creation: 8ms, elapsed time since send: 8ms, request timeout: 30000ms)
2024-11-02 22:32:40 [org.springframework.kafka.KafkaListenerEndpointContainer#0-1-C-1] WARN  o.apache.kafka.clients.NetworkClient - [Consumer clientId=consumer-group-1-4, groupId=group-1] Bootstrap broker localhost:9092 (id: -1 rack: null) disconnected
2024-11-02 22:32:41 [org.springframework.kafka.KafkaListenerEndpointContainer#1-1-C-1] INFO  o.apache.kafka.clients.NetworkClient - [Consumer clientId=consumer-group-1-6, groupId=group-1] Node -1 disconnected.
2024-11-02 22:32:41 [org.springframework.kafka.KafkaListenerEndpointContainer#1-1-C-1] INFO  o.apache.kafka.clients.NetworkClient - [Consumer clientId=consumer-group-1-6, groupId=group-1] Cancelled in-flight API_VERSIONS request with correlation id 11 due to node -1 being disconnected (elapsed time since creation: 6ms, elapsed time since send: 6ms, request timeout: 30000ms)
2024-11-02 22:32:41 [org.springframework.kafka.KafkaListenerEndpointContainer#1-1-C-1] WARN  o.apache.kafka.clients.NetworkClient - [Consumer clientId=consumer-group-1-6, groupId=group-1] Bootstrap broker localhost:9092 (id: -1 rack: null) disconnected
2024-11-02 22:32:41 [investment-topic-0-C-1] INFO  o.apache.kafka.clients.NetworkClient - [Consumer clientId=consumer-investment-topic-1, groupId=investment-topic] Node -1 disconnected.
2024-11-02 22:32:41 [investment-topic-0-C-1] INFO  o.apache.kafka.clients.NetworkClient - [Consumer clientId=consumer-investment-topic-1, groupId=investment-topic] Cancelled in-flight API_VERSIONS request with correlation id 11 due to node -1 being disconnected (elapsed time since creation: 7ms, elapsed time since send: 7ms, request timeout: 30000ms)
2024-11-02 22:32:41 [investment-topic-1-C-1] INFO  o.apache.kafka.clients.NetworkClient - [Consumer clientId=consumer-investment-topic-2, groupId=investment-topic] Node -1 disconnected.
2024-11-02 22:32:41 [investment-topic-0-C-1] WARN  o.apache.kafka.clients.NetworkClient - [Consumer clientId=consumer-investment-topic-1, groupId=investment-topic] Bootstrap broker localhost:9092 (id: -1 rack: null) disconnected
2024-11-02 22:32:41 [investment-topic-1-C-1] INFO  o.apache.kafka.clients.NetworkClient - [Consumer clientId=consumer-investment-topic-2, groupId=investment-topic] Cancelled in-flight API_VERSIONS request with correlation id 11 due to node -1 being disconnected (elapsed time since creation: 8ms, elapsed time since send: 8ms, request timeout: 30000ms)
2024-11-02 22:32:41 [investment-topic-1-C-1] WARN  o.apache.kafka.clients.NetworkClient - [Consumer clientId=consumer-investment-topic-2, groupId=investment-topic] Bootstrap broker localhost:9092 (id: -1 rack: null) disconnected
2024-11-02 22:32:41 [org.springframework.kafka.KafkaListenerEndpointContainer#0-0-C-1] INFO  o.apache.kafka.clients.NetworkClient - [Consumer clientId=consumer-group-1-3, groupId=group-1] Node -1 disconnected.
2024-11-02 22:32:41 [org.springframework.kafka.KafkaListenerEndpointContainer#0-0-C-1] INFO  o.apache.kafka.clients.NetworkClient - [Consumer clientId=consumer-group-1-3, groupId=group-1] Cancelled in-flight API_VERSIONS request with correlation id 11 due to node -1 being disconnected (elapsed time since creation: 5ms, elapsed time since send: 5ms, request timeout: 30000ms)
2024-11-02 22:32:41 [org.springframework.kafka.KafkaListenerEndpointContainer#0-0-C-1] WARN  o.apache.kafka.clients.NetworkClient - [Consumer clientId=consumer-group-1-3, groupId=group-1] Bootstrap broker localhost:9092 (id: -1 rack: null) disconnected
2024-11-02 22:32:41 [org.springframework.kafka.KafkaListenerEndpointContainer#1-0-C-1] INFO  o.apache.kafka.clients.NetworkClient - [Consumer clientId=consumer-group-1-5, groupId=group-1] Node -1 disconnected.
2024-11-02 22:32:41 [org.springframework.kafka.KafkaListenerEndpointContainer#1-0-C-1] INFO  o.apache.kafka.clients.NetworkClient - [Consumer clientId=consumer-group-1-5, groupId=group-1] Cancelled in-flight API_VERSIONS request with correlation id 11 due to node -1 being disconnected (elapsed time since creation: 5ms, elapsed time since send: 5ms, request timeout: 30000ms)
2024-11-02 22:32:41 [org.springframework.kafka.KafkaListenerEndpointContainer#1-0-C-1] WARN  o.apache.kafka.clients.NetworkClient - [Consumer clientId=consumer-group-1-5, groupId=group-1] Bootstrap broker localhost:9092 (id: -1 rack: null) disconnected
2024-11-02 22:32:41 [org.springframework.kafka.KafkaListenerEndpointContainer#0-1-C-1] INFO  o.apache.kafka.clients.NetworkClient - [Consumer clientId=consumer-group-1-4, groupId=group-1] Node -1 disconnected.
2024-11-02 22:32:41 [org.springframework.kafka.KafkaListenerEndpointContainer#0-1-C-1] INFO  o.apache.kafka.clients.NetworkClient - [Consumer clientId=consumer-group-1-4, groupId=group-1] Cancelled in-flight API_VERSIONS request with correlation id 11 due to node -1 being disconnected (elapsed time since creation: 12ms, elapsed time since send: 12ms, request timeout: 30000ms)
2024-11-02 22:32:41 [org.springframework.kafka.KafkaListenerEndpointContainer#0-1-C-1] WARN  o.apache.kafka.clients.NetworkClient - [Consumer clientId=consumer-group-1-4, groupId=group-1] Bootstrap broker localhost:9092 (id: -1 rack: null) disconnected
2024-11-02 22:32:42 [org.springframework.kafka.KafkaListenerEndpointContainer#1-1-C-1] INFO  o.apache.kafka.clients.NetworkClient - [Consumer clientId=consumer-group-1-6, groupId=group-1] Node -1 disconnected.
2024-11-02 22:32:42 [org.springframework.kafka.KafkaListenerEndpointContainer#1-1-C-1] INFO  o.apache.kafka.clients.NetworkClient - [Consumer clientId=consumer-group-1-6, groupId=group-1] Cancelled in-flight API_VERSIONS request with correlation id 12 due to node -1 being disconnected (elapsed time since creation: 2ms, elapsed time since send: 2ms, request timeout: 30000ms)
2024-11-02 22:32:42 [org.springframework.kafka.KafkaListenerEndpointContainer#1-1-C-1] WARN  o.apache.kafka.clients.NetworkClient - [Consumer clientId=consumer-group-1-6, groupId=group-1] Bootstrap broker localhost:9092 (id: -1 rack: null) disconnected
2024-11-02 22:32:42 [investment-topic-0-C-1] INFO  o.apache.kafka.clients.NetworkClient - [Consumer clientId=consumer-investment-topic-1, groupId=investment-topic] Node -1 disconnected.
2024-11-02 22:32:42 [investment-topic-0-C-1] INFO  o.apache.kafka.clients.NetworkClient - [Consumer clientId=consumer-investment-topic-1, groupId=investment-topic] Cancelled in-flight API_VERSIONS request with correlation id 12 due to node -1 being disconnected (elapsed time since creation: 7ms, elapsed time since send: 7ms, request timeout: 30000ms)
2024-11-02 22:32:42 [investment-topic-0-C-1] WARN  o.apache.kafka.clients.NetworkClient - [Consumer clientId=consumer-investment-topic-1, groupId=investment-topic] Bootstrap broker localhost:9092 (id: -1 rack: null) disconnected
2024-11-02 22:32:42 [investment-topic-1-C-1] INFO  o.apache.kafka.clients.NetworkClient - [Consumer clientId=consumer-investment-topic-2, groupId=investment-topic] Node -1 disconnected.
2024-11-02 22:32:42 [investment-topic-1-C-1] INFO  o.apache.kafka.clients.NetworkClient - [Consumer clientId=consumer-investment-topic-2, groupId=investment-topic] Cancelled in-flight API_VERSIONS request with correlation id 12 due to node -1 being disconnected (elapsed time since creation: 47ms, elapsed time since send: 47ms, request timeout: 30000ms)
2024-11-02 22:32:42 [investment-topic-1-C-1] WARN  o.apache.kafka.clients.NetworkClient - [Consumer clientId=consumer-investment-topic-2, groupId=investment-topic] Bootstrap broker localhost:9092 (id: -1 rack: null) disconnected
2024-11-02 22:32:42 [org.springframework.kafka.KafkaListenerEndpointContainer#0-0-C-1] INFO  o.apache.kafka.clients.NetworkClient - [Consumer clientId=consumer-group-1-3, groupId=group-1] Node -1 disconnected.
2024-11-02 22:32:42 [org.springframework.kafka.KafkaListenerEndpointContainer#0-0-C-1] INFO  o.apache.kafka.clients.NetworkClient - [Consumer clientId=consumer-group-1-3, groupId=group-1] Cancelled in-flight API_VERSIONS request with correlation id 12 due to node -1 being disconnected (elapsed time since creation: 2ms, elapsed time since send: 2ms, request timeout: 30000ms)
2024-11-02 22:32:42 [org.springframework.kafka.KafkaListenerEndpointContainer#0-0-C-1] WARN  o.apache.kafka.clients.NetworkClient - [Consumer clientId=consumer-group-1-3, groupId=group-1] Bootstrap broker localhost:9092 (id: -1 rack: null) disconnected
2024-11-02 22:32:42 [org.springframework.kafka.KafkaListenerEndpointContainer#1-0-C-1] INFO  o.apache.kafka.clients.NetworkClient - [Consumer clientId=consumer-group-1-5, groupId=group-1] Node -1 disconnected.
2024-11-02 22:32:42 [org.springframework.kafka.KafkaListenerEndpointContainer#1-0-C-1] INFO  o.apache.kafka.clients.NetworkClient - [Consumer clientId=consumer-group-1-5, groupId=group-1] Cancelled in-flight API_VERSIONS request with correlation id 12 due to node -1 being disconnected (elapsed time since creation: 6ms, elapsed time since send: 6ms, request timeout: 30000ms)
2024-11-02 22:32:42 [org.springframework.kafka.KafkaListenerEndpointContainer#1-0-C-1] WARN  o.apache.kafka.clients.NetworkClient - [Consumer clientId=consumer-group-1-5, groupId=group-1] Bootstrap broker localhost:9092 (id: -1 rack: null) disconnected
2024-11-02 22:32:42 [org.springframework.kafka.KafkaListenerEndpointContainer#0-1-C-1] INFO  o.apache.kafka.clients.NetworkClient - [Consumer clientId=consumer-group-1-4, groupId=group-1] Node -1 disconnected.
2024-11-02 22:32:42 [org.springframework.kafka.KafkaListenerEndpointContainer#0-1-C-1] INFO  o.apache.kafka.clients.NetworkClient - [Consumer clientId=consumer-group-1-4, groupId=group-1] Cancelled in-flight API_VERSIONS request with correlation id 12 due to node -1 being disconnected (elapsed time since creation: 5ms, elapsed time since send: 5ms, request timeout: 30000ms)
2024-11-02 22:32:42 [org.springframework.kafka.KafkaListenerEndpointContainer#0-1-C-1] WARN  o.apache.kafka.clients.NetworkClient - [Consumer clientId=consumer-group-1-4, groupId=group-1] Bootstrap broker localhost:9092 (id: -1 rack: null) disconnected
2024-11-02 22:32:43 [org.springframework.kafka.KafkaListenerEndpointContainer#1-1-C-1] INFO  o.apache.kafka.clients.NetworkClient - [Consumer clientId=consumer-group-1-6, groupId=group-1] Node -1 disconnected.
2024-11-02 22:32:43 [org.springframework.kafka.KafkaListenerEndpointContainer#1-1-C-1] INFO  o.apache.kafka.clients.NetworkClient - [Consumer clientId=consumer-group-1-6, groupId=group-1] Cancelled in-flight API_VERSIONS request with correlation id 13 due to node -1 being disconnected (elapsed time since creation: 4ms, elapsed time since send: 4ms, request timeout: 30000ms)
2024-11-02 22:32:43 [org.springframework.kafka.KafkaListenerEndpointContainer#1-1-C-1] WARN  o.apache.kafka.clients.NetworkClient - [Consumer clientId=consumer-group-1-6, groupId=group-1] Bootstrap broker localhost:9092 (id: -1 rack: null) disconnected
2024-11-02 22:32:43 [org.springframework.kafka.KafkaListenerEndpointContainer#0-0-C-1] INFO  o.apache.kafka.clients.NetworkClient - [Consumer clientId=consumer-group-1-3, groupId=group-1] Node -1 disconnected.
2024-11-02 22:32:43 [org.springframework.kafka.KafkaListenerEndpointContainer#0-0-C-1] INFO  o.apache.kafka.clients.NetworkClient - [Consumer clientId=consumer-group-1-3, groupId=group-1] Cancelled in-flight API_VERSIONS request with correlation id 13 due to node -1 being disconnected (elapsed time since creation: 8ms, elapsed time since send: 8ms, request timeout: 30000ms)
2024-11-02 22:32:43 [org.springframework.kafka.KafkaListenerEndpointContainer#0-0-C-1] WARN  o.apache.kafka.clients.NetworkClient - [Consumer clientId=consumer-group-1-3, groupId=group-1] Bootstrap broker localhost:9092 (id: -1 rack: null) disconnected
2024-11-02 22:32:43 [investment-topic-0-C-1] INFO  o.apache.kafka.clients.NetworkClient - [Consumer clientId=consumer-investment-topic-1, groupId=investment-topic] Node -1 disconnected.
2024-11-02 22:32:43 [investment-topic-0-C-1] INFO  o.apache.kafka.clients.NetworkClient - [Consumer clientId=consumer-investment-topic-1, groupId=investment-topic] Cancelled in-flight API_VERSIONS request with correlation id 13 due to node -1 being disconnected (elapsed time since creation: 14ms, elapsed time since send: 14ms, request timeout: 30000ms)
2024-11-02 22:32:43 [investment-topic-0-C-1] WARN  o.apache.kafka.clients.NetworkClient - [Consumer clientId=consumer-investment-topic-1, groupId=investment-topic] Bootstrap broker localhost:9092 (id: -1 rack: null) disconnected
2024-11-02 22:32:43 [investment-topic-1-C-1] INFO  o.apache.kafka.clients.NetworkClient - [Consumer clientId=consumer-investment-topic-2, groupId=investment-topic] Node -1 disconnected.
2024-11-02 22:32:43 [investment-topic-1-C-1] INFO  o.apache.kafka.clients.NetworkClient - [Consumer clientId=consumer-investment-topic-2, groupId=investment-topic] Cancelled in-flight API_VERSIONS request with correlation id 13 due to node -1 being disconnected (elapsed time since creation: 38ms, elapsed time since send: 38ms, request timeout: 30000ms)
2024-11-02 22:32:43 [investment-topic-1-C-1] WARN  o.apache.kafka.clients.NetworkClient - [Consumer clientId=consumer-investment-topic-2, groupId=investment-topic] Bootstrap broker localhost:9092 (id: -1 rack: null) disconnected
2024-11-02 22:32:43 [org.springframework.kafka.KafkaListenerEndpointContainer#0-1-C-1] INFO  o.apache.kafka.clients.NetworkClient - [Consumer clientId=consumer-group-1-4, groupId=group-1] Node -1 disconnected.
2024-11-02 22:32:43 [org.springframework.kafka.KafkaListenerEndpointContainer#0-1-C-1] INFO  o.apache.kafka.clients.NetworkClient - [Consumer clientId=consumer-group-1-4, groupId=group-1] Cancelled in-flight API_VERSIONS request with correlation id 13 due to node -1 being disconnected (elapsed time since creation: 40ms, elapsed time since send: 40ms, request timeout: 30000ms)
2024-11-02 22:32:43 [org.springframework.kafka.KafkaListenerEndpointContainer#0-1-C-1] WARN  o.apache.kafka.clients.NetworkClient - [Consumer clientId=consumer-group-1-4, groupId=group-1] Bootstrap broker localhost:9092 (id: -1 rack: null) disconnected
2024-11-02 22:32:43 [org.springframework.kafka.KafkaListenerEndpointContainer#1-0-C-1] INFO  o.apache.kafka.clients.NetworkClient - [Consumer clientId=consumer-group-1-5, groupId=group-1] Node -1 disconnected.
2024-11-02 22:32:43 [org.springframework.kafka.KafkaListenerEndpointContainer#1-0-C-1] INFO  o.apache.kafka.clients.NetworkClient - [Consumer clientId=consumer-group-1-5, groupId=group-1] Cancelled in-flight API_VERSIONS request with correlation id 13 due to node -1 being disconnected (elapsed time since creation: 13ms, elapsed time since send: 13ms, request timeout: 30000ms)
2024-11-02 22:32:43 [org.springframework.kafka.KafkaListenerEndpointContainer#1-0-C-1] WARN  o.apache.kafka.clients.NetworkClient - [Consumer clientId=consumer-group-1-5, groupId=group-1] Bootstrap broker localhost:9092 (id: -1 rack: null) disconnected
2024-11-02 22:32:44 [org.springframework.kafka.KafkaListenerEndpointContainer#1-1-C-1] INFO  o.apache.kafka.clients.NetworkClient - [Consumer clientId=consumer-group-1-6, groupId=group-1] Node -1 disconnected.
2024-11-02 22:32:44 [org.springframework.kafka.KafkaListenerEndpointContainer#1-1-C-1] INFO  o.apache.kafka.clients.NetworkClient - [Consumer clientId=consumer-group-1-6, groupId=group-1] Cancelled in-flight API_VERSIONS request with correlation id 14 due to node -1 being disconnected (elapsed time since creation: 15ms, elapsed time since send: 15ms, request timeout: 30000ms)
2024-11-02 22:32:44 [org.springframework.kafka.KafkaListenerEndpointContainer#1-1-C-1] WARN  o.apache.kafka.clients.NetworkClient - [Consumer clientId=consumer-group-1-6, groupId=group-1] Bootstrap broker localhost:9092 (id: -1 rack: null) disconnected
2024-11-02 22:32:44 [org.springframework.kafka.KafkaListenerEndpointContainer#0-0-C-1] INFO  o.apache.kafka.clients.NetworkClient - [Consumer clientId=consumer-group-1-3, groupId=group-1] Node -1 disconnected.
2024-11-02 22:32:44 [org.springframework.kafka.KafkaListenerEndpointContainer#0-0-C-1] INFO  o.apache.kafka.clients.NetworkClient - [Consumer clientId=consumer-group-1-3, groupId=group-1] Cancelled in-flight API_VERSIONS request with correlation id 14 due to node -1 being disconnected (elapsed time since creation: 5ms, elapsed time since send: 5ms, request timeout: 30000ms)
2024-11-02 22:32:44 [org.springframework.kafka.KafkaListenerEndpointContainer#0-0-C-1] WARN  o.apache.kafka.clients.NetworkClient - [Consumer clientId=consumer-group-1-3, groupId=group-1] Bootstrap broker localhost:9092 (id: -1 rack: null) disconnected
2024-11-02 22:32:44 [investment-topic-0-C-1] INFO  o.apache.kafka.clients.NetworkClient - [Consumer clientId=consumer-investment-topic-1, groupId=investment-topic] Node -1 disconnected.
2024-11-02 22:32:44 [investment-topic-0-C-1] INFO  o.apache.kafka.clients.NetworkClient - [Consumer clientId=consumer-investment-topic-1, groupId=investment-topic] Cancelled in-flight API_VERSIONS request with correlation id 14 due to node -1 being disconnected (elapsed time since creation: 5ms, elapsed time since send: 5ms, request timeout: 30000ms)
2024-11-02 22:32:44 [investment-topic-0-C-1] WARN  o.apache.kafka.clients.NetworkClient - [Consumer clientId=consumer-investment-topic-1, groupId=investment-topic] Bootstrap broker localhost:9092 (id: -1 rack: null) disconnected
2024-11-02 22:32:44 [investment-topic-1-C-1] INFO  o.apache.kafka.clients.NetworkClient - [Consumer clientId=consumer-investment-topic-2, groupId=investment-topic] Node -1 disconnected.
2024-11-02 22:32:44 [investment-topic-1-C-1] INFO  o.apache.kafka.clients.NetworkClient - [Consumer clientId=consumer-investment-topic-2, groupId=investment-topic] Cancelled in-flight API_VERSIONS request with correlation id 14 due to node -1 being disconnected (elapsed time since creation: 5ms, elapsed time since send: 5ms, request timeout: 30000ms)
2024-11-02 22:32:44 [investment-topic-1-C-1] WARN  o.apache.kafka.clients.NetworkClient - [Consumer clientId=consumer-investment-topic-2, groupId=investment-topic] Bootstrap broker localhost:9092 (id: -1 rack: null) disconnected
2024-11-02 22:32:44 [org.springframework.kafka.KafkaListenerEndpointContainer#0-1-C-1] INFO  o.apache.kafka.clients.NetworkClient - [Consumer clientId=consumer-group-1-4, groupId=group-1] Node -1 disconnected.
2024-11-02 22:32:44 [org.springframework.kafka.KafkaListenerEndpointContainer#0-1-C-1] INFO  o.apache.kafka.clients.NetworkClient - [Consumer clientId=consumer-group-1-4, groupId=group-1] Cancelled in-flight API_VERSIONS request with correlation id 14 due to node -1 being disconnected (elapsed time since creation: 3ms, elapsed time since send: 3ms, request timeout: 30000ms)
2024-11-02 22:32:44 [org.springframework.kafka.KafkaListenerEndpointContainer#0-1-C-1] WARN  o.apache.kafka.clients.NetworkClient - [Consumer clientId=consumer-group-1-4, groupId=group-1] Bootstrap broker localhost:9092 (id: -1 rack: null) disconnected
2024-11-02 22:32:44 [org.springframework.kafka.KafkaListenerEndpointContainer#1-0-C-1] INFO  o.apache.kafka.clients.NetworkClient - [Consumer clientId=consumer-group-1-5, groupId=group-1] Node -1 disconnected.
2024-11-02 22:32:44 [org.springframework.kafka.KafkaListenerEndpointContainer#1-0-C-1] INFO  o.apache.kafka.clients.NetworkClient - [Consumer clientId=consumer-group-1-5, groupId=group-1] Cancelled in-flight API_VERSIONS request with correlation id 14 due to node -1 being disconnected (elapsed time since creation: 7ms, elapsed time since send: 7ms, request timeout: 30000ms)
2024-11-02 22:32:44 [org.springframework.kafka.KafkaListenerEndpointContainer#1-0-C-1] WARN  o.apache.kafka.clients.NetworkClient - [Consumer clientId=consumer-group-1-5, groupId=group-1] Bootstrap broker localhost:9092 (id: -1 rack: null) disconnected
2024-11-02 22:32:45 [org.springframework.kafka.KafkaListenerEndpointContainer#1-1-C-1] INFO  o.apache.kafka.clients.NetworkClient - [Consumer clientId=consumer-group-1-6, groupId=group-1] Node -1 disconnected.
2024-11-02 22:32:45 [org.springframework.kafka.KafkaListenerEndpointContainer#1-1-C-1] INFO  o.apache.kafka.clients.NetworkClient - [Consumer clientId=consumer-group-1-6, groupId=group-1] Cancelled in-flight API_VERSIONS request with correlation id 15 due to node -1 being disconnected (elapsed time since creation: 1ms, elapsed time since send: 1ms, request timeout: 30000ms)
2024-11-02 22:32:45 [org.springframework.kafka.KafkaListenerEndpointContainer#1-1-C-1] WARN  o.apache.kafka.clients.NetworkClient - [Consumer clientId=consumer-group-1-6, groupId=group-1] Bootstrap broker localhost:9092 (id: -1 rack: null) disconnected
2024-11-02 22:32:45 [org.springframework.kafka.KafkaListenerEndpointContainer#0-0-C-1] INFO  o.apache.kafka.clients.NetworkClient - [Consumer clientId=consumer-group-1-3, groupId=group-1] Node -1 disconnected.
2024-11-02 22:32:45 [org.springframework.kafka.KafkaListenerEndpointContainer#0-0-C-1] INFO  o.apache.kafka.clients.NetworkClient - [Consumer clientId=consumer-group-1-3, groupId=group-1] Cancelled in-flight API_VERSIONS request with correlation id 15 due to node -1 being disconnected (elapsed time since creation: 3ms, elapsed time since send: 3ms, request timeout: 30000ms)
2024-11-02 22:32:45 [org.springframework.kafka.KafkaListenerEndpointContainer#0-0-C-1] WARN  o.apache.kafka.clients.NetworkClient - [Consumer clientId=consumer-group-1-3, groupId=group-1] Bootstrap broker localhost:9092 (id: -1 rack: null) disconnected
2024-11-02 22:32:45 [investment-topic-1-C-1] INFO  o.apache.kafka.clients.NetworkClient - [Consumer clientId=consumer-investment-topic-2, groupId=investment-topic] Node -1 disconnected.
2024-11-02 22:32:45 [investment-topic-1-C-1] INFO  o.apache.kafka.clients.NetworkClient - [Consumer clientId=consumer-investment-topic-2, groupId=investment-topic] Cancelled in-flight API_VERSIONS request with correlation id 15 due to node -1 being disconnected (elapsed time since creation: 5ms, elapsed time since send: 5ms, request timeout: 30000ms)
2024-11-02 22:32:45 [investment-topic-1-C-1] WARN  o.apache.kafka.clients.NetworkClient - [Consumer clientId=consumer-investment-topic-2, groupId=investment-topic] Bootstrap broker localhost:9092 (id: -1 rack: null) disconnected
2024-11-02 22:32:45 [investment-topic-0-C-1] INFO  o.apache.kafka.clients.NetworkClient - [Consumer clientId=consumer-investment-topic-1, groupId=investment-topic] Node -1 disconnected.
2024-11-02 22:32:45 [investment-topic-0-C-1] INFO  o.apache.kafka.clients.NetworkClient - [Consumer clientId=consumer-investment-topic-1, groupId=investment-topic] Cancelled in-flight API_VERSIONS request with correlation id 15 due to node -1 being disconnected (elapsed time since creation: 8ms, elapsed time since send: 8ms, request timeout: 30000ms)
2024-11-02 22:32:45 [investment-topic-0-C-1] WARN  o.apache.kafka.clients.NetworkClient - [Consumer clientId=consumer-investment-topic-1, groupId=investment-topic] Bootstrap broker localhost:9092 (id: -1 rack: null) disconnected
2024-11-02 22:32:45 [org.springframework.kafka.KafkaListenerEndpointContainer#0-1-C-1] INFO  o.apache.kafka.clients.NetworkClient - [Consumer clientId=consumer-group-1-4, groupId=group-1] Node -1 disconnected.
2024-11-02 22:32:45 [org.springframework.kafka.KafkaListenerEndpointContainer#0-1-C-1] INFO  o.apache.kafka.clients.NetworkClient - [Consumer clientId=consumer-group-1-4, groupId=group-1] Cancelled in-flight API_VERSIONS request with correlation id 15 due to node -1 being disconnected (elapsed time since creation: 4ms, elapsed time since send: 4ms, request timeout: 30000ms)
2024-11-02 22:32:45 [org.springframework.kafka.KafkaListenerEndpointContainer#0-1-C-1] WARN  o.apache.kafka.clients.NetworkClient - [Consumer clientId=consumer-group-1-4, groupId=group-1] Bootstrap broker localhost:9092 (id: -1 rack: null) disconnected
2024-11-02 22:32:45 [org.springframework.kafka.KafkaListenerEndpointContainer#1-1-C-1] INFO  o.apache.kafka.clients.NetworkClient - [Consumer clientId=consumer-group-1-6, groupId=group-1] Node -1 disconnected.
2024-11-02 22:32:45 [org.springframework.kafka.KafkaListenerEndpointContainer#1-1-C-1] INFO  o.apache.kafka.clients.NetworkClient - [Consumer clientId=consumer-group-1-6, groupId=group-1] Cancelled in-flight API_VERSIONS request with correlation id 16 due to node -1 being disconnected (elapsed time since creation: 4ms, elapsed time since send: 4ms, request timeout: 30000ms)
2024-11-02 22:32:45 [org.springframework.kafka.KafkaListenerEndpointContainer#1-1-C-1] WARN  o.apache.kafka.clients.NetworkClient - [Consumer clientId=consumer-group-1-6, groupId=group-1] Bootstrap broker localhost:9092 (id: -1 rack: null) disconnected
2024-11-02 22:32:45 [org.springframework.kafka.KafkaListenerEndpointContainer#1-0-C-1] INFO  o.apache.kafka.clients.NetworkClient - [Consumer clientId=consumer-group-1-5, groupId=group-1] Node -1 disconnected.
2024-11-02 22:32:45 [org.springframework.kafka.KafkaListenerEndpointContainer#1-0-C-1] INFO  o.apache.kafka.clients.NetworkClient - [Consumer clientId=consumer-group-1-5, groupId=group-1] Cancelled in-flight API_VERSIONS request with correlation id 15 due to node -1 being disconnected (elapsed time since creation: 3ms, elapsed time since send: 3ms, request timeout: 30000ms)
2024-11-02 22:32:45 [org.springframework.kafka.KafkaListenerEndpointContainer#1-0-C-1] WARN  o.apache.kafka.clients.NetworkClient - [Consumer clientId=consumer-group-1-5, groupId=group-1] Bootstrap broker localhost:9092 (id: -1 rack: null) disconnected
2024-11-02 22:32:46 [org.springframework.kafka.KafkaListenerEndpointContainer#0-0-C-1] INFO  o.apache.kafka.clients.NetworkClient - [Consumer clientId=consumer-group-1-3, groupId=group-1] Node -1 disconnected.
2024-11-02 22:32:46 [org.springframework.kafka.KafkaListenerEndpointContainer#0-0-C-1] INFO  o.apache.kafka.clients.NetworkClient - [Consumer clientId=consumer-group-1-3, groupId=group-1] Cancelled in-flight API_VERSIONS request with correlation id 16 due to node -1 being disconnected (elapsed time since creation: 6ms, elapsed time since send: 6ms, request timeout: 30000ms)
2024-11-02 22:32:46 [org.springframework.kafka.KafkaListenerEndpointContainer#0-0-C-1] WARN  o.apache.kafka.clients.NetworkClient - [Consumer clientId=consumer-group-1-3, groupId=group-1] Bootstrap broker localhost:9092 (id: -1 rack: null) disconnected
2024-11-02 22:32:46 [investment-topic-1-C-1] INFO  o.apache.kafka.clients.NetworkClient - [Consumer clientId=consumer-investment-topic-2, groupId=investment-topic] Node -1 disconnected.
2024-11-02 22:32:46 [investment-topic-1-C-1] INFO  o.apache.kafka.clients.NetworkClient - [Consumer clientId=consumer-investment-topic-2, groupId=investment-topic] Cancelled in-flight API_VERSIONS request with correlation id 16 due to node -1 being disconnected (elapsed time since creation: 3ms, elapsed time since send: 3ms, request timeout: 30000ms)
2024-11-02 22:32:46 [investment-topic-1-C-1] WARN  o.apache.kafka.clients.NetworkClient - [Consumer clientId=consumer-investment-topic-2, groupId=investment-topic] Bootstrap broker localhost:9092 (id: -1 rack: null) disconnected
2024-11-02 22:32:46 [org.springframework.kafka.KafkaListenerEndpointContainer#1-1-C-1] INFO  o.apache.kafka.clients.NetworkClient - [Consumer clientId=consumer-group-1-6, groupId=group-1] Node -1 disconnected.
2024-11-02 22:32:46 [org.springframework.kafka.KafkaListenerEndpointContainer#1-1-C-1] INFO  o.apache.kafka.clients.NetworkClient - [Consumer clientId=consumer-group-1-6, groupId=group-1] Cancelled in-flight API_VERSIONS request with correlation id 17 due to node -1 being disconnected (elapsed time since creation: 7ms, elapsed time since send: 7ms, request timeout: 30000ms)
2024-11-02 22:32:46 [org.springframework.kafka.KafkaListenerEndpointContainer#1-1-C-1] WARN  o.apache.kafka.clients.NetworkClient - [Consumer clientId=consumer-group-1-6, groupId=group-1] Bootstrap broker localhost:9092 (id: -1 rack: null) disconnected
2024-11-02 22:32:46 [investment-topic-0-C-1] INFO  o.apache.kafka.clients.NetworkClient - [Consumer clientId=consumer-investment-topic-1, groupId=investment-topic] Node -1 disconnected.
2024-11-02 22:32:46 [investment-topic-0-C-1] INFO  o.apache.kafka.clients.NetworkClient - [Consumer clientId=consumer-investment-topic-1, groupId=investment-topic] Cancelled in-flight API_VERSIONS request with correlation id 16 due to node -1 being disconnected (elapsed time since creation: 5ms, elapsed time since send: 5ms, request timeout: 30000ms)
2024-11-02 22:32:46 [investment-topic-0-C-1] WARN  o.apache.kafka.clients.NetworkClient - [Consumer clientId=consumer-investment-topic-1, groupId=investment-topic] Bootstrap broker localhost:9092 (id: -1 rack: null) disconnected
2024-11-02 22:32:46 [org.springframework.kafka.KafkaListenerEndpointContainer#0-1-C-1] INFO  o.apache.kafka.clients.NetworkClient - [Consumer clientId=consumer-group-1-4, groupId=group-1] Node -1 disconnected.
2024-11-02 22:32:46 [org.springframework.kafka.KafkaListenerEndpointContainer#0-1-C-1] INFO  o.apache.kafka.clients.NetworkClient - [Consumer clientId=consumer-group-1-4, groupId=group-1] Cancelled in-flight API_VERSIONS request with correlation id 16 due to node -1 being disconnected (elapsed time since creation: 6ms, elapsed time since send: 6ms, request timeout: 30000ms)
2024-11-02 22:32:46 [org.springframework.kafka.KafkaListenerEndpointContainer#0-1-C-1] WARN  o.apache.kafka.clients.NetworkClient - [Consumer clientId=consumer-group-1-4, groupId=group-1] Bootstrap broker localhost:9092 (id: -1 rack: null) disconnected
2024-11-02 22:32:47 [org.springframework.kafka.KafkaListenerEndpointContainer#1-0-C-1] INFO  o.apache.kafka.clients.NetworkClient - [Consumer clientId=consumer-group-1-5, groupId=group-1] Node -1 disconnected.
2024-11-02 22:32:47 [org.springframework.kafka.KafkaListenerEndpointContainer#1-0-C-1] INFO  o.apache.kafka.clients.NetworkClient - [Consumer clientId=consumer-group-1-5, groupId=group-1] Cancelled in-flight API_VERSIONS request with correlation id 16 due to node -1 being disconnected (elapsed time since creation: 5ms, elapsed time since send: 5ms, request timeout: 30000ms)
2024-11-02 22:32:47 [org.springframework.kafka.KafkaListenerEndpointContainer#1-0-C-1] WARN  o.apache.kafka.clients.NetworkClient - [Consumer clientId=consumer-group-1-5, groupId=group-1] Bootstrap broker localhost:9092 (id: -1 rack: null) disconnected
2024-11-02 22:32:47 [org.springframework.kafka.KafkaListenerEndpointContainer#0-0-C-1] INFO  o.apache.kafka.clients.NetworkClient - [Consumer clientId=consumer-group-1-3, groupId=group-1] Node -1 disconnected.
2024-11-02 22:32:47 [org.springframework.kafka.KafkaListenerEndpointContainer#0-0-C-1] INFO  o.apache.kafka.clients.NetworkClient - [Consumer clientId=consumer-group-1-3, groupId=group-1] Cancelled in-flight API_VERSIONS request with correlation id 17 due to node -1 being disconnected (elapsed time since creation: 3ms, elapsed time since send: 3ms, request timeout: 30000ms)
2024-11-02 22:32:47 [org.springframework.kafka.KafkaListenerEndpointContainer#0-0-C-1] WARN  o.apache.kafka.clients.NetworkClient - [Consumer clientId=consumer-group-1-3, groupId=group-1] Bootstrap broker localhost:9092 (id: -1 rack: null) disconnected
2024-11-02 22:32:47 [investment-topic-1-C-1] INFO  o.apache.kafka.clients.NetworkClient - [Consumer clientId=consumer-investment-topic-2, groupId=investment-topic] Node -1 disconnected.
2024-11-02 22:32:47 [investment-topic-1-C-1] INFO  o.apache.kafka.clients.NetworkClient - [Consumer clientId=consumer-investment-topic-2, groupId=investment-topic] Cancelled in-flight API_VERSIONS request with correlation id 17 due to node -1 being disconnected (elapsed time since creation: 4ms, elapsed time since send: 4ms, request timeout: 30000ms)
2024-11-02 22:32:47 [investment-topic-1-C-1] WARN  o.apache.kafka.clients.NetworkClient - [Consumer clientId=consumer-investment-topic-2, groupId=investment-topic] Bootstrap broker localhost:9092 (id: -1 rack: null) disconnected
2024-11-02 22:32:47 [org.springframework.kafka.KafkaListenerEndpointContainer#0-1-C-1] INFO  o.apache.kafka.clients.NetworkClient - [Consumer clientId=consumer-group-1-4, groupId=group-1] Node -1 disconnected.
2024-11-02 22:32:47 [org.springframework.kafka.KafkaListenerEndpointContainer#0-1-C-1] INFO  o.apache.kafka.clients.NetworkClient - [Consumer clientId=consumer-group-1-4, groupId=group-1] Cancelled in-flight API_VERSIONS request with correlation id 17 due to node -1 being disconnected (elapsed time since creation: 3ms, elapsed time since send: 3ms, request timeout: 30000ms)
2024-11-02 22:32:47 [org.springframework.kafka.KafkaListenerEndpointContainer#0-1-C-1] WARN  o.apache.kafka.clients.NetworkClient - [Consumer clientId=consumer-group-1-4, groupId=group-1] Bootstrap broker localhost:9092 (id: -1 rack: null) disconnected
2024-11-02 22:32:47 [investment-topic-0-C-1] INFO  o.apache.kafka.clients.NetworkClient - [Consumer clientId=consumer-investment-topic-1, groupId=investment-topic] Node -1 disconnected.
2024-11-02 22:32:47 [investment-topic-0-C-1] INFO  o.apache.kafka.clients.NetworkClient - [Consumer clientId=consumer-investment-topic-1, groupId=investment-topic] Cancelled in-flight API_VERSIONS request with correlation id 17 due to node -1 being disconnected (elapsed time since creation: 3ms, elapsed time since send: 3ms, request timeout: 30000ms)
2024-11-02 22:32:47 [investment-topic-0-C-1] WARN  o.apache.kafka.clients.NetworkClient - [Consumer clientId=consumer-investment-topic-1, groupId=investment-topic] Bootstrap broker localhost:9092 (id: -1 rack: null) disconnected
2024-11-02 22:32:48 [org.springframework.kafka.KafkaListenerEndpointContainer#1-1-C-1] INFO  o.apache.kafka.clients.NetworkClient - [Consumer clientId=consumer-group-1-6, groupId=group-1] Node -1 disconnected.
2024-11-02 22:32:48 [org.springframework.kafka.KafkaListenerEndpointContainer#1-1-C-1] INFO  o.apache.kafka.clients.NetworkClient - [Consumer clientId=consumer-group-1-6, groupId=group-1] Cancelled in-flight API_VERSIONS request with correlation id 18 due to node -1 being disconnected (elapsed time since creation: 6ms, elapsed time since send: 6ms, request timeout: 30000ms)
2024-11-02 22:32:48 [org.springframework.kafka.KafkaListenerEndpointContainer#1-1-C-1] WARN  o.apache.kafka.clients.NetworkClient - [Consumer clientId=consumer-group-1-6, groupId=group-1] Bootstrap broker localhost:9092 (id: -1 rack: null) disconnected
2024-11-02 22:32:48 [org.springframework.kafka.KafkaListenerEndpointContainer#1-0-C-1] INFO  o.apache.kafka.clients.NetworkClient - [Consumer clientId=consumer-group-1-5, groupId=group-1] Node -1 disconnected.
2024-11-02 22:32:48 [org.springframework.kafka.KafkaListenerEndpointContainer#1-0-C-1] INFO  o.apache.kafka.clients.NetworkClient - [Consumer clientId=consumer-group-1-5, groupId=group-1] Cancelled in-flight API_VERSIONS request with correlation id 17 due to node -1 being disconnected (elapsed time since creation: 3ms, elapsed time since send: 3ms, request timeout: 30000ms)
2024-11-02 22:32:48 [org.springframework.kafka.KafkaListenerEndpointContainer#1-0-C-1] WARN  o.apache.kafka.clients.NetworkClient - [Consumer clientId=consumer-group-1-5, groupId=group-1] Bootstrap broker localhost:9092 (id: -1 rack: null) disconnected
2024-11-02 22:32:48 [investment-topic-1-C-1] INFO  o.apache.kafka.clients.NetworkClient - [Consumer clientId=consumer-investment-topic-2, groupId=investment-topic] Node -1 disconnected.
2024-11-02 22:32:48 [investment-topic-1-C-1] INFO  o.apache.kafka.clients.NetworkClient - [Consumer clientId=consumer-investment-topic-2, groupId=investment-topic] Cancelled in-flight API_VERSIONS request with correlation id 18 due to node -1 being disconnected (elapsed time since creation: 2ms, elapsed time since send: 2ms, request timeout: 30000ms)
2024-11-02 22:32:48 [investment-topic-1-C-1] WARN  o.apache.kafka.clients.NetworkClient - [Consumer clientId=consumer-investment-topic-2, groupId=investment-topic] Bootstrap broker localhost:9092 (id: -1 rack: null) disconnected
2024-11-02 22:32:48 [org.springframework.kafka.KafkaListenerEndpointContainer#0-0-C-1] INFO  o.apache.kafka.clients.NetworkClient - [Consumer clientId=consumer-group-1-3, groupId=group-1] Node -1 disconnected.
2024-11-02 22:32:48 [org.springframework.kafka.KafkaListenerEndpointContainer#0-0-C-1] INFO  o.apache.kafka.clients.NetworkClient - [Consumer clientId=consumer-group-1-3, groupId=group-1] Cancelled in-flight API_VERSIONS request with correlation id 18 due to node -1 being disconnected (elapsed time since creation: 3ms, elapsed time since send: 3ms, request timeout: 30000ms)
2024-11-02 22:32:48 [org.springframework.kafka.KafkaListenerEndpointContainer#0-0-C-1] WARN  o.apache.kafka.clients.NetworkClient - [Consumer clientId=consumer-group-1-3, groupId=group-1] Bootstrap broker localhost:9092 (id: -1 rack: null) disconnected
2024-11-02 22:32:48 [org.springframework.kafka.KafkaListenerEndpointContainer#0-1-C-1] INFO  o.apache.kafka.clients.NetworkClient - [Consumer clientId=consumer-group-1-4, groupId=group-1] Node -1 disconnected.
2024-11-02 22:32:48 [org.springframework.kafka.KafkaListenerEndpointContainer#0-1-C-1] INFO  o.apache.kafka.clients.NetworkClient - [Consumer clientId=consumer-group-1-4, groupId=group-1] Cancelled in-flight API_VERSIONS request with correlation id 18 due to node -1 being disconnected (elapsed time since creation: 4ms, elapsed time since send: 4ms, request timeout: 30000ms)
2024-11-02 22:32:48 [org.springframework.kafka.KafkaListenerEndpointContainer#0-1-C-1] WARN  o.apache.kafka.clients.NetworkClient - [Consumer clientId=consumer-group-1-4, groupId=group-1] Bootstrap broker localhost:9092 (id: -1 rack: null) disconnected
2024-11-02 22:32:49 [investment-topic-0-C-1] INFO  o.apache.kafka.clients.NetworkClient - [Consumer clientId=consumer-investment-topic-1, groupId=investment-topic] Node -1 disconnected.
2024-11-02 22:32:49 [investment-topic-0-C-1] INFO  o.apache.kafka.clients.NetworkClient - [Consumer clientId=consumer-investment-topic-1, groupId=investment-topic] Cancelled in-flight API_VERSIONS request with correlation id 18 due to node -1 being disconnected (elapsed time since creation: 2ms, elapsed time since send: 2ms, request timeout: 30000ms)
2024-11-02 22:32:49 [investment-topic-0-C-1] WARN  o.apache.kafka.clients.NetworkClient - [Consumer clientId=consumer-investment-topic-1, groupId=investment-topic] Bootstrap broker localhost:9092 (id: -1 rack: null) disconnected
2024-11-02 22:32:49 [org.springframework.kafka.KafkaListenerEndpointContainer#1-1-C-1] INFO  o.apache.kafka.clients.NetworkClient - [Consumer clientId=consumer-group-1-6, groupId=group-1] Node -1 disconnected.
2024-11-02 22:32:49 [org.springframework.kafka.KafkaListenerEndpointContainer#1-1-C-1] INFO  o.apache.kafka.clients.NetworkClient - [Consumer clientId=consumer-group-1-6, groupId=group-1] Cancelled in-flight API_VERSIONS request with correlation id 19 due to node -1 being disconnected (elapsed time since creation: 5ms, elapsed time since send: 5ms, request timeout: 30000ms)
2024-11-02 22:32:49 [org.springframework.kafka.KafkaListenerEndpointContainer#1-1-C-1] WARN  o.apache.kafka.clients.NetworkClient - [Consumer clientId=consumer-group-1-6, groupId=group-1] Bootstrap broker localhost:9092 (id: -1 rack: null) disconnected
2024-11-02 22:32:49 [org.springframework.kafka.KafkaListenerEndpointContainer#1-0-C-1] INFO  o.apache.kafka.clients.NetworkClient - [Consumer clientId=consumer-group-1-5, groupId=group-1] Node -1 disconnected.
2024-11-02 22:32:49 [org.springframework.kafka.KafkaListenerEndpointContainer#1-0-C-1] INFO  o.apache.kafka.clients.NetworkClient - [Consumer clientId=consumer-group-1-5, groupId=group-1] Cancelled in-flight API_VERSIONS request with correlation id 18 due to node -1 being disconnected (elapsed time since creation: 3ms, elapsed time since send: 3ms, request timeout: 30000ms)
2024-11-02 22:32:49 [org.springframework.kafka.KafkaListenerEndpointContainer#1-0-C-1] WARN  o.apache.kafka.clients.NetworkClient - [Consumer clientId=consumer-group-1-5, groupId=group-1] Bootstrap broker localhost:9092 (id: -1 rack: null) disconnected
2024-11-02 22:32:49 [investment-topic-1-C-1] INFO  o.apache.kafka.clients.NetworkClient - [Consumer clientId=consumer-investment-topic-2, groupId=investment-topic] Node -1 disconnected.
2024-11-02 22:32:49 [investment-topic-1-C-1] INFO  o.apache.kafka.clients.NetworkClient - [Consumer clientId=consumer-investment-topic-2, groupId=investment-topic] Cancelled in-flight API_VERSIONS request with correlation id 19 due to node -1 being disconnected (elapsed time since creation: 3ms, elapsed time since send: 3ms, request timeout: 30000ms)
2024-11-02 22:32:49 [investment-topic-1-C-1] WARN  o.apache.kafka.clients.NetworkClient - [Consumer clientId=consumer-investment-topic-2, groupId=investment-topic] Bootstrap broker localhost:9092 (id: -1 rack: null) disconnected
2024-11-02 22:32:49 [org.springframework.kafka.KafkaListenerEndpointContainer#0-0-C-1] INFO  o.apache.kafka.clients.NetworkClient - [Consumer clientId=consumer-group-1-3, groupId=group-1] Node -1 disconnected.
2024-11-02 22:32:49 [org.springframework.kafka.KafkaListenerEndpointContainer#0-0-C-1] INFO  o.apache.kafka.clients.NetworkClient - [Consumer clientId=consumer-group-1-3, groupId=group-1] Cancelled in-flight API_VERSIONS request with correlation id 19 due to node -1 being disconnected (elapsed time since creation: 3ms, elapsed time since send: 3ms, request timeout: 30000ms)
2024-11-02 22:32:49 [org.springframework.kafka.KafkaListenerEndpointContainer#0-0-C-1] WARN  o.apache.kafka.clients.NetworkClient - [Consumer clientId=consumer-group-1-3, groupId=group-1] Bootstrap broker localhost:9092 (id: -1 rack: null) disconnected
2024-11-02 22:32:49 [org.springframework.kafka.KafkaListenerEndpointContainer#0-1-C-1] INFO  o.apache.kafka.clients.NetworkClient - [Consumer clientId=consumer-group-1-4, groupId=group-1] Node -1 disconnected.
2024-11-02 22:32:49 [org.springframework.kafka.KafkaListenerEndpointContainer#0-1-C-1] INFO  o.apache.kafka.clients.NetworkClient - [Consumer clientId=consumer-group-1-4, groupId=group-1] Cancelled in-flight API_VERSIONS request with correlation id 19 due to node -1 being disconnected (elapsed time since creation: 3ms, elapsed time since send: 3ms, request timeout: 30000ms)
2024-11-02 22:32:49 [org.springframework.kafka.KafkaListenerEndpointContainer#0-1-C-1] WARN  o.apache.kafka.clients.NetworkClient - [Consumer clientId=consumer-group-1-4, groupId=group-1] Bootstrap broker localhost:9092 (id: -1 rack: null) disconnected
2024-11-02 22:32:49 [investment-topic-0-C-1] INFO  o.apache.kafka.clients.NetworkClient - [Consumer clientId=consumer-investment-topic-1, groupId=investment-topic] Node -1 disconnected.
2024-11-02 22:32:49 [investment-topic-0-C-1] INFO  o.apache.kafka.clients.NetworkClient - [Consumer clientId=consumer-investment-topic-1, groupId=investment-topic] Cancelled in-flight API_VERSIONS request with correlation id 19 due to node -1 being disconnected (elapsed time since creation: 4ms, elapsed time since send: 4ms, request timeout: 30000ms)
2024-11-02 22:32:49 [investment-topic-0-C-1] WARN  o.apache.kafka.clients.NetworkClient - [Consumer clientId=consumer-investment-topic-1, groupId=investment-topic] Bootstrap broker localhost:9092 (id: -1 rack: null) disconnected
2024-11-02 22:32:50 [org.springframework.kafka.KafkaListenerEndpointContainer#1-0-C-1] INFO  o.apache.kafka.clients.NetworkClient - [Consumer clientId=consumer-group-1-5, groupId=group-1] Node -1 disconnected.
2024-11-02 22:32:50 [org.springframework.kafka.KafkaListenerEndpointContainer#1-0-C-1] INFO  o.apache.kafka.clients.NetworkClient - [Consumer clientId=consumer-group-1-5, groupId=group-1] Cancelled in-flight API_VERSIONS request with correlation id 19 due to node -1 being disconnected (elapsed time since creation: 5ms, elapsed time since send: 5ms, request timeout: 30000ms)
2024-11-02 22:32:50 [org.springframework.kafka.KafkaListenerEndpointContainer#1-0-C-1] WARN  o.apache.kafka.clients.NetworkClient - [Consumer clientId=consumer-group-1-5, groupId=group-1] Bootstrap broker localhost:9092 (id: -1 rack: null) disconnected
2024-11-02 22:32:50 [investment-topic-1-C-1] INFO  o.apache.kafka.clients.NetworkClient - [Consumer clientId=consumer-investment-topic-2, groupId=investment-topic] Node -1 disconnected.
2024-11-02 22:32:50 [investment-topic-1-C-1] INFO  o.apache.kafka.clients.NetworkClient - [Consumer clientId=consumer-investment-topic-2, groupId=investment-topic] Cancelled in-flight API_VERSIONS request with correlation id 20 due to node -1 being disconnected (elapsed time since creation: 3ms, elapsed time since send: 3ms, request timeout: 30000ms)
2024-11-02 22:32:50 [investment-topic-1-C-1] WARN  o.apache.kafka.clients.NetworkClient - [Consumer clientId=consumer-investment-topic-2, groupId=investment-topic] Bootstrap broker localhost:9092 (id: -1 rack: null) disconnected
2024-11-02 22:32:50 [org.springframework.kafka.KafkaListenerEndpointContainer#1-1-C-1] INFO  o.apache.kafka.clients.NetworkClient - [Consumer clientId=consumer-group-1-6, groupId=group-1] Node -1 disconnected.
2024-11-02 22:32:50 [org.springframework.kafka.KafkaListenerEndpointContainer#1-1-C-1] INFO  o.apache.kafka.clients.NetworkClient - [Consumer clientId=consumer-group-1-6, groupId=group-1] Cancelled in-flight API_VERSIONS request with correlation id 20 due to node -1 being disconnected (elapsed time since creation: 3ms, elapsed time since send: 3ms, request timeout: 30000ms)
2024-11-02 22:32:50 [org.springframework.kafka.KafkaListenerEndpointContainer#1-1-C-1] WARN  o.apache.kafka.clients.NetworkClient - [Consumer clientId=consumer-group-1-6, groupId=group-1] Bootstrap broker localhost:9092 (id: -1 rack: null) disconnected
2024-11-02 22:32:50 [org.springframework.kafka.KafkaListenerEndpointContainer#1-0-C-1] INFO  o.apache.kafka.clients.NetworkClient - [Consumer clientId=consumer-group-1-5, groupId=group-1] Node -1 disconnected.
2024-11-02 22:32:50 [org.springframework.kafka.KafkaListenerEndpointContainer#1-0-C-1] INFO  o.apache.kafka.clients.NetworkClient - [Consumer clientId=consumer-group-1-5, groupId=group-1] Cancelled in-flight API_VERSIONS request with correlation id 20 due to node -1 being disconnected (elapsed time since creation: 3ms, elapsed time since send: 3ms, request timeout: 30000ms)
2024-11-02 22:32:50 [org.springframework.kafka.KafkaListenerEndpointContainer#1-0-C-1] WARN  o.apache.kafka.clients.NetworkClient - [Consumer clientId=consumer-group-1-5, groupId=group-1] Bootstrap broker localhost:9092 (id: -1 rack: null) disconnected
2024-11-02 22:32:50 [investment-topic-0-C-1] INFO  o.apache.kafka.clients.NetworkClient - [Consumer clientId=consumer-investment-topic-1, groupId=investment-topic] Node -1 disconnected.
2024-11-02 22:32:50 [investment-topic-0-C-1] INFO  o.apache.kafka.clients.NetworkClient - [Consumer clientId=consumer-investment-topic-1, groupId=investment-topic] Cancelled in-flight API_VERSIONS request with correlation id 20 due to node -1 being disconnected (elapsed time since creation: 2ms, elapsed time since send: 2ms, request timeout: 30000ms)
2024-11-02 22:32:50 [investment-topic-0-C-1] WARN  o.apache.kafka.clients.NetworkClient - [Consumer clientId=consumer-investment-topic-1, groupId=investment-topic] Bootstrap broker localhost:9092 (id: -1 rack: null) disconnected
2024-11-02 22:32:50 [org.springframework.kafka.KafkaListenerEndpointContainer#0-1-C-1] INFO  o.apache.kafka.clients.NetworkClient - [Consumer clientId=consumer-group-1-4, groupId=group-1] Node -1 disconnected.
2024-11-02 22:32:50 [org.springframework.kafka.KafkaListenerEndpointContainer#0-1-C-1] INFO  o.apache.kafka.clients.NetworkClient - [Consumer clientId=consumer-group-1-4, groupId=group-1] Cancelled in-flight API_VERSIONS request with correlation id 20 due to node -1 being disconnected (elapsed time since creation: 3ms, elapsed time since send: 3ms, request timeout: 30000ms)
2024-11-02 22:32:50 [org.springframework.kafka.KafkaListenerEndpointContainer#0-1-C-1] WARN  o.apache.kafka.clients.NetworkClient - [Consumer clientId=consumer-group-1-4, groupId=group-1] Bootstrap broker localhost:9092 (id: -1 rack: null) disconnected
2024-11-02 22:32:51 [org.springframework.kafka.KafkaListenerEndpointContainer#0-0-C-1] INFO  o.apache.kafka.clients.NetworkClient - [Consumer clientId=consumer-group-1-3, groupId=group-1] Node -1 disconnected.
2024-11-02 22:32:51 [org.springframework.kafka.KafkaListenerEndpointContainer#0-0-C-1] INFO  o.apache.kafka.clients.NetworkClient - [Consumer clientId=consumer-group-1-3, groupId=group-1] Cancelled in-flight API_VERSIONS request with correlation id 20 due to node -1 being disconnected (elapsed time since creation: 3ms, elapsed time since send: 3ms, request timeout: 30000ms)
2024-11-02 22:32:51 [org.springframework.kafka.KafkaListenerEndpointContainer#0-0-C-1] WARN  o.apache.kafka.clients.NetworkClient - [Consumer clientId=consumer-group-1-3, groupId=group-1] Bootstrap broker localhost:9092 (id: -1 rack: null) disconnected
2024-11-02 22:32:51 [investment-topic-1-C-1] INFO  o.apache.kafka.clients.NetworkClient - [Consumer clientId=consumer-investment-topic-2, groupId=investment-topic] Node -1 disconnected.
2024-11-02 22:32:51 [investment-topic-1-C-1] INFO  o.apache.kafka.clients.NetworkClient - [Consumer clientId=consumer-investment-topic-2, groupId=investment-topic] Cancelled in-flight API_VERSIONS request with correlation id 21 due to node -1 being disconnected (elapsed time since creation: 3ms, elapsed time since send: 3ms, request timeout: 30000ms)
2024-11-02 22:32:51 [investment-topic-1-C-1] WARN  o.apache.kafka.clients.NetworkClient - [Consumer clientId=consumer-investment-topic-2, groupId=investment-topic] Bootstrap broker localhost:9092 (id: -1 rack: null) disconnected
2024-11-02 22:32:51 [org.springframework.kafka.KafkaListenerEndpointContainer#1-1-C-1] INFO  o.apache.kafka.clients.NetworkClient - [Consumer clientId=consumer-group-1-6, groupId=group-1] Node -1 disconnected.
2024-11-02 22:32:51 [org.springframework.kafka.KafkaListenerEndpointContainer#1-1-C-1] INFO  o.apache.kafka.clients.NetworkClient - [Consumer clientId=consumer-group-1-6, groupId=group-1] Cancelled in-flight API_VERSIONS request with correlation id 21 due to node -1 being disconnected (elapsed time since creation: 4ms, elapsed time since send: 4ms, request timeout: 30000ms)
2024-11-02 22:32:51 [org.springframework.kafka.KafkaListenerEndpointContainer#1-1-C-1] WARN  o.apache.kafka.clients.NetworkClient - [Consumer clientId=consumer-group-1-6, groupId=group-1] Bootstrap broker localhost:9092 (id: -1 rack: null) disconnected
2024-11-02 22:32:51 [org.springframework.kafka.KafkaListenerEndpointContainer#0-1-C-1] INFO  o.apache.kafka.clients.NetworkClient - [Consumer clientId=consumer-group-1-4, groupId=group-1] Node -1 disconnected.
2024-11-02 22:32:51 [org.springframework.kafka.KafkaListenerEndpointContainer#0-1-C-1] INFO  o.apache.kafka.clients.NetworkClient - [Consumer clientId=consumer-group-1-4, groupId=group-1] Cancelled in-flight API_VERSIONS request with correlation id 21 due to node -1 being disconnected (elapsed time since creation: 4ms, elapsed time since send: 4ms, request timeout: 30000ms)
2024-11-02 22:32:51 [org.springframework.kafka.KafkaListenerEndpointContainer#0-1-C-1] WARN  o.apache.kafka.clients.NetworkClient - [Consumer clientId=consumer-group-1-4, groupId=group-1] Bootstrap broker localhost:9092 (id: -1 rack: null) disconnected
2024-11-02 22:32:51 [investment-topic-0-C-1] INFO  o.apache.kafka.clients.NetworkClient - [Consumer clientId=consumer-investment-topic-1, groupId=investment-topic] Node -1 disconnected.
2024-11-02 22:32:51 [investment-topic-0-C-1] INFO  o.apache.kafka.clients.NetworkClient - [Consumer clientId=consumer-investment-topic-1, groupId=investment-topic] Cancelled in-flight API_VERSIONS request with correlation id 21 due to node -1 being disconnected (elapsed time since creation: 5ms, elapsed time since send: 5ms, request timeout: 30000ms)
2024-11-02 22:32:51 [investment-topic-0-C-1] WARN  o.apache.kafka.clients.NetworkClient - [Consumer clientId=consumer-investment-topic-1, groupId=investment-topic] Bootstrap broker localhost:9092 (id: -1 rack: null) disconnected
2024-11-02 22:32:51 [org.springframework.kafka.KafkaListenerEndpointContainer#0-0-C-1] INFO  o.apache.kafka.clients.NetworkClient - [Consumer clientId=consumer-group-1-3, groupId=group-1] Node -1 disconnected.
2024-11-02 22:32:51 [org.springframework.kafka.KafkaListenerEndpointContainer#0-0-C-1] INFO  o.apache.kafka.clients.NetworkClient - [Consumer clientId=consumer-group-1-3, groupId=group-1] Cancelled in-flight API_VERSIONS request with correlation id 21 due to node -1 being disconnected (elapsed time since creation: 4ms, elapsed time since send: 4ms, request timeout: 30000ms)
2024-11-02 22:32:51 [org.springframework.kafka.KafkaListenerEndpointContainer#0-0-C-1] WARN  o.apache.kafka.clients.NetworkClient - [Consumer clientId=consumer-group-1-3, groupId=group-1] Bootstrap broker localhost:9092 (id: -1 rack: null) disconnected
2024-11-02 22:32:51 [org.springframework.kafka.KafkaListenerEndpointContainer#1-0-C-1] INFO  o.apache.kafka.clients.NetworkClient - [Consumer clientId=consumer-group-1-5, groupId=group-1] Node -1 disconnected.
2024-11-02 22:32:51 [org.springframework.kafka.KafkaListenerEndpointContainer#1-0-C-1] INFO  o.apache.kafka.clients.NetworkClient - [Consumer clientId=consumer-group-1-5, groupId=group-1] Cancelled in-flight API_VERSIONS request with correlation id 21 due to node -1 being disconnected (elapsed time since creation: 2ms, elapsed time since send: 2ms, request timeout: 30000ms)
2024-11-02 22:32:51 [org.springframework.kafka.KafkaListenerEndpointContainer#1-0-C-1] WARN  o.apache.kafka.clients.NetworkClient - [Consumer clientId=consumer-group-1-5, groupId=group-1] Bootstrap broker localhost:9092 (id: -1 rack: null) disconnected
2024-11-02 22:32:52 [investment-topic-1-C-1] INFO  o.apache.kafka.clients.NetworkClient - [Consumer clientId=consumer-investment-topic-2, groupId=investment-topic] Node -1 disconnected.
2024-11-02 22:32:52 [investment-topic-1-C-1] INFO  o.apache.kafka.clients.NetworkClient - [Consumer clientId=consumer-investment-topic-2, groupId=investment-topic] Cancelled in-flight API_VERSIONS request with correlation id 22 due to node -1 being disconnected (elapsed time since creation: 3ms, elapsed time since send: 3ms, request timeout: 30000ms)
2024-11-02 22:32:52 [investment-topic-1-C-1] WARN  o.apache.kafka.clients.NetworkClient - [Consumer clientId=consumer-investment-topic-2, groupId=investment-topic] Bootstrap broker localhost:9092 (id: -1 rack: null) disconnected
2024-11-02 22:32:52 [org.springframework.kafka.KafkaListenerEndpointContainer#1-1-C-1] INFO  o.apache.kafka.clients.NetworkClient - [Consumer clientId=consumer-group-1-6, groupId=group-1] Node -1 disconnected.
2024-11-02 22:32:52 [org.springframework.kafka.KafkaListenerEndpointContainer#1-1-C-1] INFO  o.apache.kafka.clients.NetworkClient - [Consumer clientId=consumer-group-1-6, groupId=group-1] Cancelled in-flight API_VERSIONS request with correlation id 22 due to node -1 being disconnected (elapsed time since creation: 4ms, elapsed time since send: 4ms, request timeout: 30000ms)
2024-11-02 22:32:52 [org.springframework.kafka.KafkaListenerEndpointContainer#1-1-C-1] WARN  o.apache.kafka.clients.NetworkClient - [Consumer clientId=consumer-group-1-6, groupId=group-1] Bootstrap broker localhost:9092 (id: -1 rack: null) disconnected
2024-11-02 22:32:52 [org.springframework.kafka.KafkaListenerEndpointContainer#0-1-C-1] INFO  o.apache.kafka.clients.NetworkClient - [Consumer clientId=consumer-group-1-4, groupId=group-1] Node -1 disconnected.
2024-11-02 22:32:52 [org.springframework.kafka.KafkaListenerEndpointContainer#0-1-C-1] INFO  o.apache.kafka.clients.NetworkClient - [Consumer clientId=consumer-group-1-4, groupId=group-1] Cancelled in-flight API_VERSIONS request with correlation id 22 due to node -1 being disconnected (elapsed time since creation: 5ms, elapsed time since send: 5ms, request timeout: 30000ms)
2024-11-02 22:32:52 [org.springframework.kafka.KafkaListenerEndpointContainer#0-1-C-1] WARN  o.apache.kafka.clients.NetworkClient - [Consumer clientId=consumer-group-1-4, groupId=group-1] Bootstrap broker localhost:9092 (id: -1 rack: null) disconnected
2024-11-02 22:32:52 [investment-topic-0-C-1] INFO  o.apache.kafka.clients.NetworkClient - [Consumer clientId=consumer-investment-topic-1, groupId=investment-topic] Node -1 disconnected.
2024-11-02 22:32:52 [investment-topic-0-C-1] INFO  o.apache.kafka.clients.NetworkClient - [Consumer clientId=consumer-investment-topic-1, groupId=investment-topic] Cancelled in-flight API_VERSIONS request with correlation id 22 due to node -1 being disconnected (elapsed time since creation: 3ms, elapsed time since send: 3ms, request timeout: 30000ms)
2024-11-02 22:32:52 [investment-topic-0-C-1] WARN  o.apache.kafka.clients.NetworkClient - [Consumer clientId=consumer-investment-topic-1, groupId=investment-topic] Bootstrap broker localhost:9092 (id: -1 rack: null) disconnected
2024-11-02 22:32:52 [org.springframework.kafka.KafkaListenerEndpointContainer#1-0-C-1] INFO  o.apache.kafka.clients.NetworkClient - [Consumer clientId=consumer-group-1-5, groupId=group-1] Node -1 disconnected.
2024-11-02 22:32:52 [org.springframework.kafka.KafkaListenerEndpointContainer#1-0-C-1] INFO  o.apache.kafka.clients.NetworkClient - [Consumer clientId=consumer-group-1-5, groupId=group-1] Cancelled in-flight API_VERSIONS request with correlation id 22 due to node -1 being disconnected (elapsed time since creation: 4ms, elapsed time since send: 4ms, request timeout: 30000ms)
2024-11-02 22:32:52 [org.springframework.kafka.KafkaListenerEndpointContainer#1-0-C-1] WARN  o.apache.kafka.clients.NetworkClient - [Consumer clientId=consumer-group-1-5, groupId=group-1] Bootstrap broker localhost:9092 (id: -1 rack: null) disconnected
2024-11-02 22:32:53 [org.springframework.kafka.KafkaListenerEndpointContainer#0-0-C-1] INFO  o.apache.kafka.clients.NetworkClient - [Consumer clientId=consumer-group-1-3, groupId=group-1] Node -1 disconnected.
2024-11-02 22:32:53 [org.springframework.kafka.KafkaListenerEndpointContainer#0-0-C-1] INFO  o.apache.kafka.clients.NetworkClient - [Consumer clientId=consumer-group-1-3, groupId=group-1] Cancelled in-flight API_VERSIONS request with correlation id 22 due to node -1 being disconnected (elapsed time since creation: 3ms, elapsed time since send: 3ms, request timeout: 30000ms)
2024-11-02 22:32:53 [org.springframework.kafka.KafkaListenerEndpointContainer#0-0-C-1] WARN  o.apache.kafka.clients.NetworkClient - [Consumer clientId=consumer-group-1-3, groupId=group-1] Bootstrap broker localhost:9092 (id: -1 rack: null) disconnected
2024-11-02 22:32:53 [investment-topic-1-C-1] INFO  o.apache.kafka.clients.NetworkClient - [Consumer clientId=consumer-investment-topic-2, groupId=investment-topic] Node -1 disconnected.
2024-11-02 22:32:53 [investment-topic-1-C-1] INFO  o.apache.kafka.clients.NetworkClient - [Consumer clientId=consumer-investment-topic-2, groupId=investment-topic] Cancelled in-flight API_VERSIONS request with correlation id 23 due to node -1 being disconnected (elapsed time since creation: 4ms, elapsed time since send: 4ms, request timeout: 30000ms)
2024-11-02 22:32:53 [investment-topic-1-C-1] WARN  o.apache.kafka.clients.NetworkClient - [Consumer clientId=consumer-investment-topic-2, groupId=investment-topic] Bootstrap broker localhost:9092 (id: -1 rack: null) disconnected
2024-11-02 22:32:53 [org.springframework.kafka.KafkaListenerEndpointContainer#1-1-C-1] INFO  o.apache.kafka.clients.NetworkClient - [Consumer clientId=consumer-group-1-6, groupId=group-1] Node -1 disconnected.
2024-11-02 22:32:53 [org.springframework.kafka.KafkaListenerEndpointContainer#1-1-C-1] INFO  o.apache.kafka.clients.NetworkClient - [Consumer clientId=consumer-group-1-6, groupId=group-1] Cancelled in-flight API_VERSIONS request with correlation id 23 due to node -1 being disconnected (elapsed time since creation: 4ms, elapsed time since send: 4ms, request timeout: 30000ms)
2024-11-02 22:32:53 [org.springframework.kafka.KafkaListenerEndpointContainer#1-1-C-1] WARN  o.apache.kafka.clients.NetworkClient - [Consumer clientId=consumer-group-1-6, groupId=group-1] Bootstrap broker localhost:9092 (id: -1 rack: null) disconnected
2024-11-02 22:32:53 [org.springframework.kafka.KafkaListenerEndpointContainer#1-0-C-1] INFO  o.apache.kafka.clients.NetworkClient - [Consumer clientId=consumer-group-1-5, groupId=group-1] Node -1 disconnected.
2024-11-02 22:32:53 [org.springframework.kafka.KafkaListenerEndpointContainer#1-0-C-1] INFO  o.apache.kafka.clients.NetworkClient - [Consumer clientId=consumer-group-1-5, groupId=group-1] Cancelled in-flight API_VERSIONS request with correlation id 23 due to node -1 being disconnected (elapsed time since creation: 3ms, elapsed time since send: 3ms, request timeout: 30000ms)
2024-11-02 22:32:53 [org.springframework.kafka.KafkaListenerEndpointContainer#1-0-C-1] WARN  o.apache.kafka.clients.NetworkClient - [Consumer clientId=consumer-group-1-5, groupId=group-1] Bootstrap broker localhost:9092 (id: -1 rack: null) disconnected
2024-11-02 22:32:53 [investment-topic-0-C-1] INFO  o.apache.kafka.clients.NetworkClient - [Consumer clientId=consumer-investment-topic-1, groupId=investment-topic] Node -1 disconnected.
2024-11-02 22:32:53 [investment-topic-0-C-1] INFO  o.apache.kafka.clients.NetworkClient - [Consumer clientId=consumer-investment-topic-1, groupId=investment-topic] Cancelled in-flight API_VERSIONS request with correlation id 23 due to node -1 being disconnected (elapsed time since creation: 4ms, elapsed time since send: 4ms, request timeout: 30000ms)
2024-11-02 22:32:53 [investment-topic-0-C-1] WARN  o.apache.kafka.clients.NetworkClient - [Consumer clientId=consumer-investment-topic-1, groupId=investment-topic] Bootstrap broker localhost:9092 (id: -1 rack: null) disconnected
2024-11-02 22:32:53 [org.springframework.kafka.KafkaListenerEndpointContainer#0-1-C-1] INFO  o.apache.kafka.clients.NetworkClient - [Consumer clientId=consumer-group-1-4, groupId=group-1] Node -1 disconnected.
2024-11-02 22:32:53 [org.springframework.kafka.KafkaListenerEndpointContainer#0-1-C-1] INFO  o.apache.kafka.clients.NetworkClient - [Consumer clientId=consumer-group-1-4, groupId=group-1] Cancelled in-flight API_VERSIONS request with correlation id 23 due to node -1 being disconnected (elapsed time since creation: 3ms, elapsed time since send: 3ms, request timeout: 30000ms)
2024-11-02 22:32:53 [org.springframework.kafka.KafkaListenerEndpointContainer#0-1-C-1] WARN  o.apache.kafka.clients.NetworkClient - [Consumer clientId=consumer-group-1-4, groupId=group-1] Bootstrap broker localhost:9092 (id: -1 rack: null) disconnected
2024-11-02 22:32:54 [org.springframework.kafka.KafkaListenerEndpointContainer#0-0-C-1] INFO  o.apache.kafka.clients.NetworkClient - [Consumer clientId=consumer-group-1-3, groupId=group-1] Node -1 disconnected.
2024-11-02 22:32:54 [org.springframework.kafka.KafkaListenerEndpointContainer#0-0-C-1] INFO  o.apache.kafka.clients.NetworkClient - [Consumer clientId=consumer-group-1-3, groupId=group-1] Cancelled in-flight API_VERSIONS request with correlation id 23 due to node -1 being disconnected (elapsed time since creation: 3ms, elapsed time since send: 3ms, request timeout: 30000ms)
2024-11-02 22:32:54 [org.springframework.kafka.KafkaListenerEndpointContainer#0-0-C-1] WARN  o.apache.kafka.clients.NetworkClient - [Consumer clientId=consumer-group-1-3, groupId=group-1] Bootstrap broker localhost:9092 (id: -1 rack: null) disconnected
2024-11-02 22:32:54 [investment-topic-1-C-1] INFO  o.apache.kafka.clients.NetworkClient - [Consumer clientId=consumer-investment-topic-2, groupId=investment-topic] Node -1 disconnected.
2024-11-02 22:32:54 [investment-topic-1-C-1] INFO  o.apache.kafka.clients.NetworkClient - [Consumer clientId=consumer-investment-topic-2, groupId=investment-topic] Cancelled in-flight API_VERSIONS request with correlation id 24 due to node -1 being disconnected (elapsed time since creation: 4ms, elapsed time since send: 4ms, request timeout: 30000ms)
2024-11-02 22:32:54 [investment-topic-1-C-1] WARN  o.apache.kafka.clients.NetworkClient - [Consumer clientId=consumer-investment-topic-2, groupId=investment-topic] Bootstrap broker localhost:9092 (id: -1 rack: null) disconnected
2024-11-02 22:32:54 [org.springframework.kafka.KafkaListenerEndpointContainer#1-0-C-1] INFO  o.apache.kafka.clients.NetworkClient - [Consumer clientId=consumer-group-1-5, groupId=group-1] Node -1 disconnected.
2024-11-02 22:32:54 [org.springframework.kafka.KafkaListenerEndpointContainer#1-0-C-1] INFO  o.apache.kafka.clients.NetworkClient - [Consumer clientId=consumer-group-1-5, groupId=group-1] Cancelled in-flight API_VERSIONS request with correlation id 24 due to node -1 being disconnected (elapsed time since creation: 3ms, elapsed time since send: 3ms, request timeout: 30000ms)
2024-11-02 22:32:54 [org.springframework.kafka.KafkaListenerEndpointContainer#1-0-C-1] WARN  o.apache.kafka.clients.NetworkClient - [Consumer clientId=consumer-group-1-5, groupId=group-1] Bootstrap broker localhost:9092 (id: -1 rack: null) disconnected
2024-11-02 22:32:54 [org.springframework.kafka.KafkaListenerEndpointContainer#1-1-C-1] INFO  o.apache.kafka.clients.NetworkClient - [Consumer clientId=consumer-group-1-6, groupId=group-1] Node -1 disconnected.
2024-11-02 22:32:54 [org.springframework.kafka.KafkaListenerEndpointContainer#1-1-C-1] INFO  o.apache.kafka.clients.NetworkClient - [Consumer clientId=consumer-group-1-6, groupId=group-1] Cancelled in-flight API_VERSIONS request with correlation id 24 due to node -1 being disconnected (elapsed time since creation: 3ms, elapsed time since send: 3ms, request timeout: 30000ms)
2024-11-02 22:32:54 [org.springframework.kafka.KafkaListenerEndpointContainer#1-1-C-1] WARN  o.apache.kafka.clients.NetworkClient - [Consumer clientId=consumer-group-1-6, groupId=group-1] Bootstrap broker localhost:9092 (id: -1 rack: null) disconnected
2024-11-02 22:32:54 [investment-topic-0-C-1] INFO  o.apache.kafka.clients.NetworkClient - [Consumer clientId=consumer-investment-topic-1, groupId=investment-topic] Node -1 disconnected.
2024-11-02 22:32:54 [investment-topic-0-C-1] INFO  o.apache.kafka.clients.NetworkClient - [Consumer clientId=consumer-investment-topic-1, groupId=investment-topic] Cancelled in-flight API_VERSIONS request with correlation id 24 due to node -1 being disconnected (elapsed time since creation: 4ms, elapsed time since send: 4ms, request timeout: 30000ms)
2024-11-02 22:32:54 [investment-topic-0-C-1] WARN  o.apache.kafka.clients.NetworkClient - [Consumer clientId=consumer-investment-topic-1, groupId=investment-topic] Bootstrap broker localhost:9092 (id: -1 rack: null) disconnected
2024-11-02 22:32:55 [org.springframework.kafka.KafkaListenerEndpointContainer#0-1-C-1] INFO  o.apache.kafka.clients.NetworkClient - [Consumer clientId=consumer-group-1-4, groupId=group-1] Node -1 disconnected.
2024-11-02 22:32:55 [org.springframework.kafka.KafkaListenerEndpointContainer#0-1-C-1] INFO  o.apache.kafka.clients.NetworkClient - [Consumer clientId=consumer-group-1-4, groupId=group-1] Cancelled in-flight API_VERSIONS request with correlation id 24 due to node -1 being disconnected (elapsed time since creation: 3ms, elapsed time since send: 3ms, request timeout: 30000ms)
2024-11-02 22:32:55 [org.springframework.kafka.KafkaListenerEndpointContainer#0-1-C-1] WARN  o.apache.kafka.clients.NetworkClient - [Consumer clientId=consumer-group-1-4, groupId=group-1] Bootstrap broker localhost:9092 (id: -1 rack: null) disconnected
2024-11-02 22:32:55 [investment-topic-1-C-1] INFO  o.apache.kafka.clients.NetworkClient - [Consumer clientId=consumer-investment-topic-2, groupId=investment-topic] Node -1 disconnected.
2024-11-02 22:32:55 [investment-topic-1-C-1] INFO  o.apache.kafka.clients.NetworkClient - [Consumer clientId=consumer-investment-topic-2, groupId=investment-topic] Cancelled in-flight API_VERSIONS request with correlation id 25 due to node -1 being disconnected (elapsed time since creation: 3ms, elapsed time since send: 3ms, request timeout: 30000ms)
2024-11-02 22:32:55 [investment-topic-1-C-1] WARN  o.apache.kafka.clients.NetworkClient - [Consumer clientId=consumer-investment-topic-2, groupId=investment-topic] Bootstrap broker localhost:9092 (id: -1 rack: null) disconnected
2024-11-02 22:32:55 [org.springframework.kafka.KafkaListenerEndpointContainer#0-0-C-1] INFO  o.apache.kafka.clients.NetworkClient - [Consumer clientId=consumer-group-1-3, groupId=group-1] Node -1 disconnected.
2024-11-02 22:32:55 [org.springframework.kafka.KafkaListenerEndpointContainer#0-0-C-1] INFO  o.apache.kafka.clients.NetworkClient - [Consumer clientId=consumer-group-1-3, groupId=group-1] Cancelled in-flight API_VERSIONS request with correlation id 24 due to node -1 being disconnected (elapsed time since creation: 3ms, elapsed time since send: 3ms, request timeout: 30000ms)
2024-11-02 22:32:55 [org.springframework.kafka.KafkaListenerEndpointContainer#0-0-C-1] WARN  o.apache.kafka.clients.NetworkClient - [Consumer clientId=consumer-group-1-3, groupId=group-1] Bootstrap broker localhost:9092 (id: -1 rack: null) disconnected
2024-11-02 22:32:55 [org.springframework.kafka.KafkaListenerEndpointContainer#1-0-C-1] INFO  o.apache.kafka.clients.NetworkClient - [Consumer clientId=consumer-group-1-5, groupId=group-1] Node -1 disconnected.
2024-11-02 22:32:55 [org.springframework.kafka.KafkaListenerEndpointContainer#1-0-C-1] INFO  o.apache.kafka.clients.NetworkClient - [Consumer clientId=consumer-group-1-5, groupId=group-1] Cancelled in-flight API_VERSIONS request with correlation id 25 due to node -1 being disconnected (elapsed time since creation: 3ms, elapsed time since send: 3ms, request timeout: 30000ms)
2024-11-02 22:32:55 [org.springframework.kafka.KafkaListenerEndpointContainer#1-0-C-1] WARN  o.apache.kafka.clients.NetworkClient - [Consumer clientId=consumer-group-1-5, groupId=group-1] Bootstrap broker localhost:9092 (id: -1 rack: null) disconnected
2024-11-02 22:32:55 [org.springframework.kafka.KafkaListenerEndpointContainer#1-1-C-1] INFO  o.apache.kafka.clients.NetworkClient - [Consumer clientId=consumer-group-1-6, groupId=group-1] Node -1 disconnected.
2024-11-02 22:32:55 [org.springframework.kafka.KafkaListenerEndpointContainer#1-1-C-1] INFO  o.apache.kafka.clients.NetworkClient - [Consumer clientId=consumer-group-1-6, groupId=group-1] Cancelled in-flight API_VERSIONS request with correlation id 25 due to node -1 being disconnected (elapsed time since creation: 7ms, elapsed time since send: 7ms, request timeout: 30000ms)
2024-11-02 22:32:55 [org.springframework.kafka.KafkaListenerEndpointContainer#1-1-C-1] WARN  o.apache.kafka.clients.NetworkClient - [Consumer clientId=consumer-group-1-6, groupId=group-1] Bootstrap broker localhost:9092 (id: -1 rack: null) disconnected
2024-11-02 22:32:55 [investment-topic-0-C-1] INFO  o.apache.kafka.clients.NetworkClient - [Consumer clientId=consumer-investment-topic-1, groupId=investment-topic] Node -1 disconnected.
2024-11-02 22:32:55 [investment-topic-0-C-1] INFO  o.apache.kafka.clients.NetworkClient - [Consumer clientId=consumer-investment-topic-1, groupId=investment-topic] Cancelled in-flight API_VERSIONS request with correlation id 25 due to node -1 being disconnected (elapsed time since creation: 3ms, elapsed time since send: 3ms, request timeout: 30000ms)
2024-11-02 22:32:55 [investment-topic-0-C-1] WARN  o.apache.kafka.clients.NetworkClient - [Consumer clientId=consumer-investment-topic-1, groupId=investment-topic] Bootstrap broker localhost:9092 (id: -1 rack: null) disconnected
2024-11-02 22:32:56 [org.springframework.kafka.KafkaListenerEndpointContainer#0-1-C-1] INFO  o.apache.kafka.clients.NetworkClient - [Consumer clientId=consumer-group-1-4, groupId=group-1] Node -1 disconnected.
2024-11-02 22:32:56 [org.springframework.kafka.KafkaListenerEndpointContainer#0-1-C-1] INFO  o.apache.kafka.clients.NetworkClient - [Consumer clientId=consumer-group-1-4, groupId=group-1] Cancelled in-flight API_VERSIONS request with correlation id 25 due to node -1 being disconnected (elapsed time since creation: 2ms, elapsed time since send: 2ms, request timeout: 30000ms)
2024-11-02 22:32:56 [org.springframework.kafka.KafkaListenerEndpointContainer#0-1-C-1] WARN  o.apache.kafka.clients.NetworkClient - [Consumer clientId=consumer-group-1-4, groupId=group-1] Bootstrap broker localhost:9092 (id: -1 rack: null) disconnected
2024-11-02 22:32:56 [investment-topic-1-C-1] INFO  o.apache.kafka.clients.NetworkClient - [Consumer clientId=consumer-investment-topic-2, groupId=investment-topic] Node -1 disconnected.
2024-11-02 22:32:56 [investment-topic-1-C-1] INFO  o.apache.kafka.clients.NetworkClient - [Consumer clientId=consumer-investment-topic-2, groupId=investment-topic] Cancelled in-flight API_VERSIONS request with correlation id 26 due to node -1 being disconnected (elapsed time since creation: 42ms, elapsed time since send: 42ms, request timeout: 30000ms)
2024-11-02 22:32:56 [investment-topic-1-C-1] WARN  o.apache.kafka.clients.NetworkClient - [Consumer clientId=consumer-investment-topic-2, groupId=investment-topic] Bootstrap broker localhost:9092 (id: -1 rack: null) disconnected
2024-11-02 22:32:56 [org.springframework.kafka.KafkaListenerEndpointContainer#0-0-C-1] INFO  o.apache.kafka.clients.NetworkClient - [Consumer clientId=consumer-group-1-3, groupId=group-1] Node -1 disconnected.
2024-11-02 22:32:56 [org.springframework.kafka.KafkaListenerEndpointContainer#0-0-C-1] INFO  o.apache.kafka.clients.NetworkClient - [Consumer clientId=consumer-group-1-3, groupId=group-1] Cancelled in-flight API_VERSIONS request with correlation id 25 due to node -1 being disconnected (elapsed time since creation: 50ms, elapsed time since send: 50ms, request timeout: 30000ms)
2024-11-02 22:32:56 [org.springframework.kafka.KafkaListenerEndpointContainer#0-0-C-1] WARN  o.apache.kafka.clients.NetworkClient - [Consumer clientId=consumer-group-1-3, groupId=group-1] Bootstrap broker localhost:9092 (id: -1 rack: null) disconnected
2024-11-02 22:32:56 [org.springframework.kafka.KafkaListenerEndpointContainer#1-0-C-1] INFO  o.apache.kafka.clients.NetworkClient - [Consumer clientId=consumer-group-1-5, groupId=group-1] Node -1 disconnected.
2024-11-02 22:32:56 [org.springframework.kafka.KafkaListenerEndpointContainer#1-0-C-1] INFO  o.apache.kafka.clients.NetworkClient - [Consumer clientId=consumer-group-1-5, groupId=group-1] Cancelled in-flight API_VERSIONS request with correlation id 26 due to node -1 being disconnected (elapsed time since creation: 3ms, elapsed time since send: 3ms, request timeout: 30000ms)
2024-11-02 22:32:56 [org.springframework.kafka.KafkaListenerEndpointContainer#1-0-C-1] WARN  o.apache.kafka.clients.NetworkClient - [Consumer clientId=consumer-group-1-5, groupId=group-1] Bootstrap broker localhost:9092 (id: -1 rack: null) disconnected
2024-11-02 22:32:56 [org.springframework.kafka.KafkaListenerEndpointContainer#1-1-C-1] INFO  o.apache.kafka.clients.NetworkClient - [Consumer clientId=consumer-group-1-6, groupId=group-1] Node -1 disconnected.
2024-11-02 22:32:56 [org.springframework.kafka.KafkaListenerEndpointContainer#1-1-C-1] INFO  o.apache.kafka.clients.NetworkClient - [Consumer clientId=consumer-group-1-6, groupId=group-1] Cancelled in-flight API_VERSIONS request with correlation id 26 due to node -1 being disconnected (elapsed time since creation: 4ms, elapsed time since send: 4ms, request timeout: 30000ms)
2024-11-02 22:32:56 [org.springframework.kafka.KafkaListenerEndpointContainer#1-1-C-1] WARN  o.apache.kafka.clients.NetworkClient - [Consumer clientId=consumer-group-1-6, groupId=group-1] Bootstrap broker localhost:9092 (id: -1 rack: null) disconnected
2024-11-02 22:32:56 [investment-topic-0-C-1] INFO  o.apache.kafka.clients.NetworkClient - [Consumer clientId=consumer-investment-topic-1, groupId=investment-topic] Node -1 disconnected.
2024-11-02 22:32:56 [investment-topic-0-C-1] INFO  o.apache.kafka.clients.NetworkClient - [Consumer clientId=consumer-investment-topic-1, groupId=investment-topic] Cancelled in-flight API_VERSIONS request with correlation id 26 due to node -1 being disconnected (elapsed time since creation: 4ms, elapsed time since send: 4ms, request timeout: 30000ms)
2024-11-02 22:32:56 [investment-topic-0-C-1] WARN  o.apache.kafka.clients.NetworkClient - [Consumer clientId=consumer-investment-topic-1, groupId=investment-topic] Bootstrap broker localhost:9092 (id: -1 rack: null) disconnected
2024-11-02 22:32:57 [org.springframework.kafka.KafkaListenerEndpointContainer#0-1-C-1] INFO  o.apache.kafka.clients.NetworkClient - [Consumer clientId=consumer-group-1-4, groupId=group-1] Node -1 disconnected.
2024-11-02 22:32:57 [org.springframework.kafka.KafkaListenerEndpointContainer#0-1-C-1] INFO  o.apache.kafka.clients.NetworkClient - [Consumer clientId=consumer-group-1-4, groupId=group-1] Cancelled in-flight API_VERSIONS request with correlation id 26 due to node -1 being disconnected (elapsed time since creation: 3ms, elapsed time since send: 3ms, request timeout: 30000ms)
2024-11-02 22:32:57 [org.springframework.kafka.KafkaListenerEndpointContainer#0-1-C-1] WARN  o.apache.kafka.clients.NetworkClient - [Consumer clientId=consumer-group-1-4, groupId=group-1] Bootstrap broker localhost:9092 (id: -1 rack: null) disconnected
2024-11-02 22:32:58 [org.springframework.kafka.KafkaListenerEndpointContainer#1-0-C-1] INFO  org.apache.kafka.clients.Metadata - [Consumer clientId=consumer-group-1-5, groupId=group-1] Cluster ID: 5L6g3nShT-eMCtK--X86sw
2024-11-02 22:32:58 [org.springframework.kafka.KafkaListenerEndpointContainer#0-0-C-1] INFO  org.apache.kafka.clients.Metadata - [Consumer clientId=consumer-group-1-3, groupId=group-1] Cluster ID: 5L6g3nShT-eMCtK--X86sw
2024-11-02 22:32:58 [org.springframework.kafka.KafkaListenerEndpointContainer#1-1-C-1] INFO  org.apache.kafka.clients.Metadata - [Consumer clientId=consumer-group-1-6, groupId=group-1] Cluster ID: 5L6g3nShT-eMCtK--X86sw
2024-11-02 22:32:58 [investment-topic-1-C-1] INFO  org.apache.kafka.clients.Metadata - [Consumer clientId=consumer-investment-topic-2, groupId=investment-topic] Cluster ID: 5L6g3nShT-eMCtK--X86sw
2024-11-02 22:32:58 [investment-topic-0-C-1] INFO  org.apache.kafka.clients.Metadata - [Consumer clientId=consumer-investment-topic-1, groupId=investment-topic] Cluster ID: 5L6g3nShT-eMCtK--X86sw
2024-11-02 22:32:58 [org.springframework.kafka.KafkaListenerEndpointContainer#0-0-C-1] INFO  o.a.k.c.c.i.ConsumerCoordinator - [Consumer clientId=consumer-group-1-3, groupId=group-1] Discovered group coordinator localhost:9092 (id: 2147483646 rack: null)
2024-11-02 22:32:58 [investment-topic-0-C-1] INFO  o.a.k.c.c.i.ConsumerCoordinator - [Consumer clientId=consumer-investment-topic-1, groupId=investment-topic] Discovered group coordinator localhost:9092 (id: 2147483646 rack: null)
2024-11-02 22:32:58 [org.springframework.kafka.KafkaListenerEndpointContainer#1-1-C-1] INFO  o.a.k.c.c.i.ConsumerCoordinator - [Consumer clientId=consumer-group-1-6, groupId=group-1] Discovered group coordinator localhost:9092 (id: 2147483646 rack: null)
2024-11-02 22:32:58 [investment-topic-1-C-1] INFO  o.a.k.c.c.i.ConsumerCoordinator - [Consumer clientId=consumer-investment-topic-2, groupId=investment-topic] Discovered group coordinator localhost:9092 (id: 2147483646 rack: null)
2024-11-02 22:32:58 [org.springframework.kafka.KafkaListenerEndpointContainer#1-0-C-1] INFO  o.a.k.c.c.i.ConsumerCoordinator - [Consumer clientId=consumer-group-1-5, groupId=group-1] Discovered group coordinator localhost:9092 (id: 2147483646 rack: null)
2024-11-02 22:32:58 [investment-topic-1-C-1] INFO  o.a.k.c.c.i.ConsumerCoordinator - [Consumer clientId=consumer-investment-topic-2, groupId=investment-topic] (Re-)joining group
2024-11-02 22:32:58 [org.springframework.kafka.KafkaListenerEndpointContainer#1-1-C-1] INFO  o.a.k.c.c.i.ConsumerCoordinator - [Consumer clientId=consumer-group-1-6, groupId=group-1] (Re-)joining group
2024-11-02 22:32:58 [investment-topic-0-C-1] INFO  o.a.k.c.c.i.ConsumerCoordinator - [Consumer clientId=consumer-investment-topic-1, groupId=investment-topic] (Re-)joining group
2024-11-02 22:32:58 [org.springframework.kafka.KafkaListenerEndpointContainer#0-0-C-1] INFO  o.a.k.c.c.i.ConsumerCoordinator - [Consumer clientId=consumer-group-1-3, groupId=group-1] (Re-)joining group
2024-11-02 22:32:58 [org.springframework.kafka.KafkaListenerEndpointContainer#1-0-C-1] INFO  o.a.k.c.c.i.ConsumerCoordinator - [Consumer clientId=consumer-group-1-5, groupId=group-1] (Re-)joining group
2024-11-02 22:32:58 [org.springframework.kafka.KafkaListenerEndpointContainer#1-0-C-1] INFO  o.a.k.c.c.i.ConsumerCoordinator - [Consumer clientId=consumer-group-1-5, groupId=group-1] Request joining group due to: need to re-join with the given member-id: consumer-group-1-5-63848c3c-63a6-4e17-b0dd-21eb76d9e7d9
2024-11-02 22:32:58 [org.springframework.kafka.KafkaListenerEndpointContainer#0-0-C-1] INFO  o.a.k.c.c.i.ConsumerCoordinator - [Consumer clientId=consumer-group-1-3, groupId=group-1] Request joining group due to: need to re-join with the given member-id: consumer-group-1-3-1361afc2-77ea-4ee3-9316-b3c3fd0363db
2024-11-02 22:32:58 [org.springframework.kafka.KafkaListenerEndpointContainer#1-1-C-1] INFO  o.a.k.c.c.i.ConsumerCoordinator - [Consumer clientId=consumer-group-1-6, groupId=group-1] Request joining group due to: need to re-join with the given member-id: consumer-group-1-6-5e52d2ab-7ac0-48ad-a07a-c7cbdb504773
2024-11-02 22:32:58 [investment-topic-1-C-1] INFO  o.a.k.c.c.i.ConsumerCoordinator - [Consumer clientId=consumer-investment-topic-2, groupId=investment-topic] Request joining group due to: need to re-join with the given member-id: consumer-investment-topic-2-a2b45e66-e806-4c32-b020-5df0ef62c87d
2024-11-02 22:32:58 [investment-topic-0-C-1] INFO  o.a.k.c.c.i.ConsumerCoordinator - [Consumer clientId=consumer-investment-topic-1, groupId=investment-topic] Request joining group due to: need to re-join with the given member-id: consumer-investment-topic-1-9089b77a-43d0-41a5-b4d2-ee89ab3596ae
2024-11-02 22:32:58 [investment-topic-0-C-1] INFO  o.a.k.c.c.i.ConsumerCoordinator - [Consumer clientId=consumer-investment-topic-1, groupId=investment-topic] Request joining group due to: rebalance failed due to 'The group member needs to have a valid member id before actually entering a consumer group.' (MemberIdRequiredException)
2024-11-02 22:32:58 [org.springframework.kafka.KafkaListenerEndpointContainer#1-1-C-1] INFO  o.a.k.c.c.i.ConsumerCoordinator - [Consumer clientId=consumer-group-1-6, groupId=group-1] Request joining group due to: rebalance failed due to 'The group member needs to have a valid member id before actually entering a consumer group.' (MemberIdRequiredException)
2024-11-02 22:32:58 [investment-topic-0-C-1] INFO  o.a.k.c.c.i.ConsumerCoordinator - [Consumer clientId=consumer-investment-topic-1, groupId=investment-topic] (Re-)joining group
2024-11-02 22:32:58 [org.springframework.kafka.KafkaListenerEndpointContainer#1-1-C-1] INFO  o.a.k.c.c.i.ConsumerCoordinator - [Consumer clientId=consumer-group-1-6, groupId=group-1] (Re-)joining group
2024-11-02 22:32:58 [investment-topic-1-C-1] INFO  o.a.k.c.c.i.ConsumerCoordinator - [Consumer clientId=consumer-investment-topic-2, groupId=investment-topic] Request joining group due to: rebalance failed due to 'The group member needs to have a valid member id before actually entering a consumer group.' (MemberIdRequiredException)
2024-11-02 22:32:58 [org.springframework.kafka.KafkaListenerEndpointContainer#1-0-C-1] INFO  o.a.k.c.c.i.ConsumerCoordinator - [Consumer clientId=consumer-group-1-5, groupId=group-1] Request joining group due to: rebalance failed due to 'The group member needs to have a valid member id before actually entering a consumer group.' (MemberIdRequiredException)
2024-11-02 22:32:58 [org.springframework.kafka.KafkaListenerEndpointContainer#0-0-C-1] INFO  o.a.k.c.c.i.ConsumerCoordinator - [Consumer clientId=consumer-group-1-3, groupId=group-1] Request joining group due to: rebalance failed due to 'The group member needs to have a valid member id before actually entering a consumer group.' (MemberIdRequiredException)
2024-11-02 22:32:58 [org.springframework.kafka.KafkaListenerEndpointContainer#0-0-C-1] INFO  o.a.k.c.c.i.ConsumerCoordinator - [Consumer clientId=consumer-group-1-3, groupId=group-1] (Re-)joining group
2024-11-02 22:32:58 [org.springframework.kafka.KafkaListenerEndpointContainer#1-0-C-1] INFO  o.a.k.c.c.i.ConsumerCoordinator - [Consumer clientId=consumer-group-1-5, groupId=group-1] (Re-)joining group
2024-11-02 22:32:58 [investment-topic-1-C-1] INFO  o.a.k.c.c.i.ConsumerCoordinator - [Consumer clientId=consumer-investment-topic-2, groupId=investment-topic] (Re-)joining group
2024-11-02 22:32:58 [org.springframework.kafka.KafkaListenerEndpointContainer#0-1-C-1] INFO  org.apache.kafka.clients.Metadata - [Consumer clientId=consumer-group-1-4, groupId=group-1] Cluster ID: 5L6g3nShT-eMCtK--X86sw
2024-11-02 22:32:58 [org.springframework.kafka.KafkaListenerEndpointContainer#0-1-C-1] INFO  o.a.k.c.c.i.ConsumerCoordinator - [Consumer clientId=consumer-group-1-4, groupId=group-1] Discovered group coordinator localhost:9092 (id: 2147483646 rack: null)
2024-11-02 22:32:58 [org.springframework.kafka.KafkaListenerEndpointContainer#0-1-C-1] INFO  o.a.k.c.c.i.ConsumerCoordinator - [Consumer clientId=consumer-group-1-4, groupId=group-1] (Re-)joining group
2024-11-02 22:32:58 [org.springframework.kafka.KafkaListenerEndpointContainer#0-1-C-1] INFO  o.a.k.c.c.i.ConsumerCoordinator - [Consumer clientId=consumer-group-1-4, groupId=group-1] Request joining group due to: need to re-join with the given member-id: consumer-group-1-4-cb71d8d6-a345-4027-ba76-772807234423
2024-11-02 22:32:58 [org.springframework.kafka.KafkaListenerEndpointContainer#0-1-C-1] INFO  o.a.k.c.c.i.ConsumerCoordinator - [Consumer clientId=consumer-group-1-4, groupId=group-1] Request joining group due to: rebalance failed due to 'The group member needs to have a valid member id before actually entering a consumer group.' (MemberIdRequiredException)
2024-11-02 22:32:58 [org.springframework.kafka.KafkaListenerEndpointContainer#0-1-C-1] INFO  o.a.k.c.c.i.ConsumerCoordinator - [Consumer clientId=consumer-group-1-4, groupId=group-1] (Re-)joining group
2024-11-02 22:33:00 [investment-topic-0-C-1] INFO  o.a.k.c.c.i.ConsumerCoordinator - [Consumer clientId=consumer-investment-topic-1, groupId=investment-topic] Member consumer-investment-topic-1-9089b77a-43d0-41a5-b4d2-ee89ab3596ae sending LeaveGroup request to coordinator localhost:9092 (id: 2147483646 rack: null) due to the consumer unsubscribed from all topics
2024-11-02 22:33:00 [org.springframework.kafka.KafkaListenerEndpointContainer#0-0-C-1] INFO  o.a.k.c.c.i.ConsumerCoordinator - [Consumer clientId=consumer-group-1-3, groupId=group-1] Member consumer-group-1-3-1361afc2-77ea-4ee3-9316-b3c3fd0363db sending LeaveGroup request to coordinator localhost:9092 (id: 2147483646 rack: null) due to the consumer unsubscribed from all topics
2024-11-02 22:33:00 [org.springframework.kafka.KafkaListenerEndpointContainer#1-0-C-1] INFO  o.a.k.c.c.i.ConsumerCoordinator - [Consumer clientId=consumer-group-1-5, groupId=group-1] Member consumer-group-1-5-63848c3c-63a6-4e17-b0dd-21eb76d9e7d9 sending LeaveGroup request to coordinator localhost:9092 (id: 2147483646 rack: null) due to the consumer unsubscribed from all topics
2024-11-02 22:33:00 [org.springframework.kafka.KafkaListenerEndpointContainer#0-1-C-1] INFO  o.a.k.c.c.i.ConsumerCoordinator - [Consumer clientId=consumer-group-1-4, groupId=group-1] Member consumer-group-1-4-cb71d8d6-a345-4027-ba76-772807234423 sending LeaveGroup request to coordinator localhost:9092 (id: 2147483646 rack: null) due to the consumer unsubscribed from all topics
2024-11-02 22:33:00 [org.springframework.kafka.KafkaListenerEndpointContainer#1-1-C-1] INFO  o.a.k.c.c.i.ConsumerCoordinator - [Consumer clientId=consumer-group-1-6, groupId=group-1] Member consumer-group-1-6-5e52d2ab-7ac0-48ad-a07a-c7cbdb504773 sending LeaveGroup request to coordinator localhost:9092 (id: 2147483646 rack: null) due to the consumer unsubscribed from all topics
2024-11-02 22:33:00 [investment-topic-1-C-1] INFO  o.a.k.c.c.i.ConsumerCoordinator - [Consumer clientId=consumer-investment-topic-2, groupId=investment-topic] Member consumer-investment-topic-2-a2b45e66-e806-4c32-b020-5df0ef62c87d sending LeaveGroup request to coordinator localhost:9092 (id: 2147483646 rack: null) due to the consumer unsubscribed from all topics
2024-11-02 22:33:00 [org.springframework.kafka.KafkaListenerEndpointContainer#0-1-C-1] INFO  o.a.k.c.c.i.ConsumerCoordinator - [Consumer clientId=consumer-group-1-4, groupId=group-1] Resetting generation and member id due to: consumer pro-actively leaving the group
2024-11-02 22:33:00 [org.springframework.kafka.KafkaListenerEndpointContainer#0-0-C-1] INFO  o.a.k.c.c.i.ConsumerCoordinator - [Consumer clientId=consumer-group-1-3, groupId=group-1] Resetting generation and member id due to: consumer pro-actively leaving the group
2024-11-02 22:33:00 [org.springframework.kafka.KafkaListenerEndpointContainer#1-0-C-1] INFO  o.a.k.c.c.i.ConsumerCoordinator - [Consumer clientId=consumer-group-1-5, groupId=group-1] Resetting generation and member id due to: consumer pro-actively leaving the group
2024-11-02 22:33:00 [org.springframework.kafka.KafkaListenerEndpointContainer#0-0-C-1] INFO  o.a.k.c.c.i.ConsumerCoordinator - [Consumer clientId=consumer-group-1-3, groupId=group-1] Request joining group due to: consumer pro-actively leaving the group
2024-11-02 22:33:00 [org.springframework.kafka.KafkaListenerEndpointContainer#0-1-C-1] INFO  o.a.k.c.c.i.ConsumerCoordinator - [Consumer clientId=consumer-group-1-4, groupId=group-1] Request joining group due to: consumer pro-actively leaving the group
2024-11-02 22:33:00 [org.springframework.kafka.KafkaListenerEndpointContainer#1-1-C-1] INFO  o.a.k.c.c.i.ConsumerCoordinator - [Consumer clientId=consumer-group-1-6, groupId=group-1] Resetting generation and member id due to: consumer pro-actively leaving the group
2024-11-02 22:33:00 [org.springframework.kafka.KafkaListenerEndpointContainer#1-0-C-1] INFO  o.a.k.c.c.i.ConsumerCoordinator - [Consumer clientId=consumer-group-1-5, groupId=group-1] Request joining group due to: consumer pro-actively leaving the group
2024-11-02 22:33:00 [org.springframework.kafka.KafkaListenerEndpointContainer#0-1-C-1] INFO  o.a.k.clients.consumer.KafkaConsumer - [Consumer clientId=consumer-group-1-4, groupId=group-1] Unsubscribed all topics or patterns and assigned partitions
2024-11-02 22:33:00 [org.springframework.kafka.KafkaListenerEndpointContainer#0-0-C-1] INFO  o.a.k.clients.consumer.KafkaConsumer - [Consumer clientId=consumer-group-1-3, groupId=group-1] Unsubscribed all topics or patterns and assigned partitions
2024-11-02 22:33:00 [org.springframework.kafka.KafkaListenerEndpointContainer#1-1-C-1] INFO  o.a.k.c.c.i.ConsumerCoordinator - [Consumer clientId=consumer-group-1-6, groupId=group-1] Request joining group due to: consumer pro-actively leaving the group
2024-11-02 22:33:00 [org.springframework.kafka.KafkaListenerEndpointContainer#1-0-C-1] INFO  o.a.k.clients.consumer.KafkaConsumer - [Consumer clientId=consumer-group-1-5, groupId=group-1] Unsubscribed all topics or patterns and assigned partitions
2024-11-02 22:33:00 [org.springframework.kafka.KafkaListenerEndpointContainer#1-1-C-1] INFO  o.a.k.clients.consumer.KafkaConsumer - [Consumer clientId=consumer-group-1-6, groupId=group-1] Unsubscribed all topics or patterns and assigned partitions
2024-11-02 22:33:00 [investment-topic-0-C-1] INFO  o.a.k.c.c.i.ConsumerCoordinator - [Consumer clientId=consumer-investment-topic-1, groupId=investment-topic] Resetting generation and member id due to: consumer pro-actively leaving the group
2024-11-02 22:33:00 [investment-topic-1-C-1] INFO  o.a.k.c.c.i.ConsumerCoordinator - [Consumer clientId=consumer-investment-topic-2, groupId=investment-topic] Resetting generation and member id due to: consumer pro-actively leaving the group
2024-11-02 22:33:00 [investment-topic-0-C-1] INFO  o.a.k.c.c.i.ConsumerCoordinator - [Consumer clientId=consumer-investment-topic-1, groupId=investment-topic] Request joining group due to: consumer pro-actively leaving the group
2024-11-02 22:33:00 [investment-topic-1-C-1] INFO  o.a.k.c.c.i.ConsumerCoordinator - [Consumer clientId=consumer-investment-topic-2, groupId=investment-topic] Request joining group due to: consumer pro-actively leaving the group
2024-11-02 22:33:00 [investment-topic-0-C-1] INFO  o.a.k.clients.consumer.KafkaConsumer - [Consumer clientId=consumer-investment-topic-1, groupId=investment-topic] Unsubscribed all topics or patterns and assigned partitions
2024-11-02 22:33:00 [investment-topic-1-C-1] INFO  o.a.k.clients.consumer.KafkaConsumer - [Consumer clientId=consumer-investment-topic-2, groupId=investment-topic] Unsubscribed all topics or patterns and assigned partitions
2024-11-02 22:33:00 [org.springframework.kafka.KafkaListenerEndpointContainer#0-1-C-1] INFO  o.a.k.c.c.i.ConsumerCoordinator - [Consumer clientId=consumer-group-1-4, groupId=group-1] Resetting generation and member id due to: consumer pro-actively leaving the group
2024-11-02 22:33:00 [org.springframework.kafka.KafkaListenerEndpointContainer#0-1-C-1] INFO  o.a.k.c.c.i.ConsumerCoordinator - [Consumer clientId=consumer-group-1-4, groupId=group-1] Request joining group due to: consumer pro-actively leaving the group
2024-11-02 22:33:00 [org.springframework.kafka.KafkaListenerEndpointContainer#0-0-C-1] INFO  o.a.k.c.c.i.ConsumerCoordinator - [Consumer clientId=consumer-group-1-3, groupId=group-1] Resetting generation and member id due to: consumer pro-actively leaving the group
2024-11-02 22:33:00 [org.springframework.kafka.KafkaListenerEndpointContainer#1-1-C-1] INFO  o.a.k.c.c.i.ConsumerCoordinator - [Consumer clientId=consumer-group-1-6, groupId=group-1] Resetting generation and member id due to: consumer pro-actively leaving the group
2024-11-02 22:33:00 [org.springframework.kafka.KafkaListenerEndpointContainer#1-1-C-1] INFO  o.a.k.c.c.i.ConsumerCoordinator - [Consumer clientId=consumer-group-1-6, groupId=group-1] Request joining group due to: consumer pro-actively leaving the group
2024-11-02 22:33:00 [investment-topic-0-C-1] INFO  o.a.k.c.c.i.ConsumerCoordinator - [Consumer clientId=consumer-investment-topic-1, groupId=investment-topic] Resetting generation and member id due to: consumer pro-actively leaving the group
2024-11-02 22:33:00 [investment-topic-0-C-1] INFO  o.a.k.c.c.i.ConsumerCoordinator - [Consumer clientId=consumer-investment-topic-1, groupId=investment-topic] Request joining group due to: consumer pro-actively leaving the group
2024-11-02 22:33:00 [org.springframework.kafka.KafkaListenerEndpointContainer#0-0-C-1] INFO  o.a.k.c.c.i.ConsumerCoordinator - [Consumer clientId=consumer-group-1-3, groupId=group-1] Request joining group due to: consumer pro-actively leaving the group
2024-11-02 22:33:00 [investment-topic-1-C-1] INFO  o.a.k.c.c.i.ConsumerCoordinator - [Consumer clientId=consumer-investment-topic-2, groupId=investment-topic] Resetting generation and member id due to: consumer pro-actively leaving the group
2024-11-02 22:33:00 [investment-topic-1-C-1] INFO  o.a.k.c.c.i.ConsumerCoordinator - [Consumer clientId=consumer-investment-topic-2, groupId=investment-topic] Request joining group due to: consumer pro-actively leaving the group
2024-11-02 22:33:00 [org.springframework.kafka.KafkaListenerEndpointContainer#1-0-C-1] INFO  o.a.k.c.c.i.ConsumerCoordinator - [Consumer clientId=consumer-group-1-5, groupId=group-1] Resetting generation and member id due to: consumer pro-actively leaving the group
2024-11-02 22:33:00 [org.springframework.kafka.KafkaListenerEndpointContainer#1-0-C-1] INFO  o.a.k.c.c.i.ConsumerCoordinator - [Consumer clientId=consumer-group-1-5, groupId=group-1] Request joining group due to: consumer pro-actively leaving the group
2024-11-02 22:33:37 [main] INFO  org.example.Main - Starting Main using Java 19.0.1 with PID 14888 (C:\Users\Pc\Desktop\CroudInvest\target\classes started by Pc in C:\Users\Pc\Desktop\CroudInvest)
2024-11-02 22:33:37 [main] DEBUG org.example.Main - Running with Spring Boot v3.1.5, Spring v6.0.9
2024-11-02 22:33:37 [main] INFO  org.example.Main - No active profile set, falling back to 1 default profile: "default"
2024-11-02 22:33:40 [main] INFO  o.s.d.r.c.RepositoryConfigurationDelegate - Bootstrapping Spring Data JPA repositories in DEFAULT mode.
2024-11-02 22:33:40 [main] INFO  o.s.d.r.c.RepositoryConfigurationDelegate - Finished Spring Data repository scanning in 175 ms. Found 5 JPA repository interfaces.
2024-11-02 22:33:42 [main] INFO  o.s.b.w.e.tomcat.TomcatWebServer - Tomcat initialized with port(s): 8080 (http)
2024-11-02 22:33:42 [main] INFO  o.a.coyote.http11.Http11NioProtocol - Initializing ProtocolHandler ["http-nio-8080"]
2024-11-02 22:33:42 [main] INFO  o.a.catalina.core.StandardService - Starting service [Tomcat]
2024-11-02 22:33:42 [main] INFO  o.a.catalina.core.StandardEngine - Starting Servlet engine: [Apache Tomcat/10.1.15]
2024-11-02 22:33:43 [main] INFO  o.a.c.c.C.[Tomcat].[localhost].[/] - Initializing Spring embedded WebApplicationContext
2024-11-02 22:33:43 [main] INFO  o.s.b.w.s.c.ServletWebServerApplicationContext - Root WebApplicationContext: initialization completed in 5536 ms
2024-11-02 22:33:43 [main] INFO  com.zaxxer.hikari.HikariDataSource - HikariPool-1 - Starting...
2024-11-02 22:33:44 [main] INFO  com.zaxxer.hikari.pool.HikariPool - HikariPool-1 - Added connection conn0: url=jdbc:h2:file:./data/demo user=SA
2024-11-02 22:33:44 [main] INFO  com.zaxxer.hikari.HikariDataSource - HikariPool-1 - Start completed.
2024-11-02 22:33:44 [main] INFO  o.s.b.a.h.H2ConsoleAutoConfiguration - H2 console available at '/h2-console'. Database available at 'jdbc:h2:file:./data/demo'
2024-11-02 22:33:44 [main] DEBUG org.example.config.jwt.JwtFilter - Filter 'jwtFilter' configured for use
2024-11-02 22:33:45 [main] INFO  o.h.jpa.internal.util.LogHelper - HHH000204: Processing PersistenceUnitInfo [name: default]
2024-11-02 22:33:45 [main] INFO  org.hibernate.Version - HHH000412: Hibernate ORM core version 6.2.13.Final
2024-11-02 22:33:45 [main] INFO  org.hibernate.cfg.Environment - HHH000406: Using bytecode reflection optimizer
2024-11-02 22:33:45 [main] DEBUG o.hibernate.type.BasicTypeRegistry - Adding type registration boolean -> org.hibernate.type.BasicTypeReference@300a38e7
2024-11-02 22:33:45 [main] DEBUG o.hibernate.type.BasicTypeRegistry - Adding type registration boolean -> org.hibernate.type.BasicTypeReference@300a38e7
2024-11-02 22:33:45 [main] DEBUG o.hibernate.type.BasicTypeRegistry - Adding type registration java.lang.Boolean -> org.hibernate.type.BasicTypeReference@300a38e7
2024-11-02 22:33:45 [main] DEBUG o.hibernate.type.BasicTypeRegistry - Adding type registration numeric_boolean -> org.hibernate.type.BasicTypeReference@5c9a4f3b
2024-11-02 22:33:45 [main] DEBUG o.hibernate.type.BasicTypeRegistry - Adding type registration org.hibernate.type.NumericBooleanConverter -> org.hibernate.type.BasicTypeReference@5c9a4f3b
2024-11-02 22:33:45 [main] DEBUG o.hibernate.type.BasicTypeRegistry - Adding type registration true_false -> org.hibernate.type.BasicTypeReference@2bb0e277
2024-11-02 22:33:45 [main] DEBUG o.hibernate.type.BasicTypeRegistry - Adding type registration org.hibernate.type.TrueFalseConverter -> org.hibernate.type.BasicTypeReference@2bb0e277
2024-11-02 22:33:45 [main] DEBUG o.hibernate.type.BasicTypeRegistry - Adding type registration yes_no -> org.hibernate.type.BasicTypeReference@6f24ce45
2024-11-02 22:33:45 [main] DEBUG o.hibernate.type.BasicTypeRegistry - Adding type registration org.hibernate.type.YesNoConverter -> org.hibernate.type.BasicTypeReference@6f24ce45
2024-11-02 22:33:45 [main] DEBUG o.hibernate.type.BasicTypeRegistry - Adding type registration byte -> org.hibernate.type.BasicTypeReference@e881e46
2024-11-02 22:33:45 [main] DEBUG o.hibernate.type.BasicTypeRegistry - Adding type registration byte -> org.hibernate.type.BasicTypeReference@e881e46
2024-11-02 22:33:45 [main] DEBUG o.hibernate.type.BasicTypeRegistry - Adding type registration java.lang.Byte -> org.hibernate.type.BasicTypeReference@e881e46
2024-11-02 22:33:45 [main] DEBUG o.hibernate.type.BasicTypeRegistry - Adding type registration binary -> org.hibernate.type.BasicTypeReference@657b3b
2024-11-02 22:33:45 [main] DEBUG o.hibernate.type.BasicTypeRegistry - Adding type registration byte[] -> org.hibernate.type.BasicTypeReference@657b3b
2024-11-02 22:33:45 [main] DEBUG o.hibernate.type.BasicTypeRegistry - Adding type registration [B -> org.hibernate.type.BasicTypeReference@657b3b
2024-11-02 22:33:45 [main] DEBUG o.hibernate.type.BasicTypeRegistry - Adding type registration binary_wrapper -> org.hibernate.type.BasicTypeReference@2cea921a
2024-11-02 22:33:45 [main] DEBUG o.hibernate.type.BasicTypeRegistry - Adding type registration wrapper-binary -> org.hibernate.type.BasicTypeReference@2cea921a
2024-11-02 22:33:45 [main] DEBUG o.hibernate.type.BasicTypeRegistry - Adding type registration image -> org.hibernate.type.BasicTypeReference@65753724
2024-11-02 22:33:45 [main] DEBUG o.hibernate.type.BasicTypeRegistry - Adding type registration blob -> org.hibernate.type.BasicTypeReference@2bc16fe2
2024-11-02 22:33:45 [main] DEBUG o.hibernate.type.BasicTypeRegistry - Adding type registration java.sql.Blob -> org.hibernate.type.BasicTypeReference@2bc16fe2
2024-11-02 22:33:45 [main] DEBUG o.hibernate.type.BasicTypeRegistry - Adding type registration materialized_blob -> org.hibernate.type.BasicTypeReference@d66502
2024-11-02 22:33:45 [main] DEBUG o.hibernate.type.BasicTypeRegistry - Adding type registration materialized_blob_wrapper -> org.hibernate.type.BasicTypeReference@78545d40
2024-11-02 22:33:45 [main] DEBUG o.hibernate.type.BasicTypeRegistry - Adding type registration short -> org.hibernate.type.BasicTypeReference@34549979
2024-11-02 22:33:45 [main] DEBUG o.hibernate.type.BasicTypeRegistry - Adding type registration short -> org.hibernate.type.BasicTypeReference@34549979
2024-11-02 22:33:45 [main] DEBUG o.hibernate.type.BasicTypeRegistry - Adding type registration java.lang.Short -> org.hibernate.type.BasicTypeReference@34549979
2024-11-02 22:33:45 [main] DEBUG o.hibernate.type.BasicTypeRegistry - Adding type registration integer -> org.hibernate.type.BasicTypeReference@144a5e6e
2024-11-02 22:33:45 [main] DEBUG o.hibernate.type.BasicTypeRegistry - Adding type registration int -> org.hibernate.type.BasicTypeReference@144a5e6e
2024-11-02 22:33:45 [main] DEBUG o.hibernate.type.BasicTypeRegistry - Adding type registration java.lang.Integer -> org.hibernate.type.BasicTypeReference@144a5e6e
2024-11-02 22:33:45 [main] DEBUG o.hibernate.type.BasicTypeRegistry - Adding type registration long -> org.hibernate.type.BasicTypeReference@2707c790
2024-11-02 22:33:45 [main] DEBUG o.hibernate.type.BasicTypeRegistry - Adding type registration long -> org.hibernate.type.BasicTypeReference@2707c790
2024-11-02 22:33:45 [main] DEBUG o.hibernate.type.BasicTypeRegistry - Adding type registration java.lang.Long -> org.hibernate.type.BasicTypeReference@2707c790
2024-11-02 22:33:45 [main] DEBUG o.hibernate.type.BasicTypeRegistry - Adding type registration float -> org.hibernate.type.BasicTypeReference@7de3206d
2024-11-02 22:33:45 [main] DEBUG o.hibernate.type.BasicTypeRegistry - Adding type registration float -> org.hibernate.type.BasicTypeReference@7de3206d
2024-11-02 22:33:45 [main] DEBUG o.hibernate.type.BasicTypeRegistry - Adding type registration java.lang.Float -> org.hibernate.type.BasicTypeReference@7de3206d
2024-11-02 22:33:45 [main] DEBUG o.hibernate.type.BasicTypeRegistry - Adding type registration double -> org.hibernate.type.BasicTypeReference@6dece1f9
2024-11-02 22:33:45 [main] DEBUG o.hibernate.type.BasicTypeRegistry - Adding type registration double -> org.hibernate.type.BasicTypeReference@6dece1f9
2024-11-02 22:33:45 [main] DEBUG o.hibernate.type.BasicTypeRegistry - Adding type registration java.lang.Double -> org.hibernate.type.BasicTypeReference@6dece1f9
2024-11-02 22:33:45 [main] DEBUG o.hibernate.type.BasicTypeRegistry - Adding type registration big_integer -> org.hibernate.type.BasicTypeReference@2b936b04
2024-11-02 22:33:45 [main] DEBUG o.hibernate.type.BasicTypeRegistry - Adding type registration java.math.BigInteger -> org.hibernate.type.BasicTypeReference@2b936b04
2024-11-02 22:33:45 [main] DEBUG o.hibernate.type.BasicTypeRegistry - Adding type registration big_decimal -> org.hibernate.type.BasicTypeReference@32b112a1
2024-11-02 22:33:45 [main] DEBUG o.hibernate.type.BasicTypeRegistry - Adding type registration java.math.BigDecimal -> org.hibernate.type.BasicTypeReference@32b112a1
2024-11-02 22:33:45 [main] DEBUG o.hibernate.type.BasicTypeRegistry - Adding type registration character -> org.hibernate.type.BasicTypeReference@5635bcd2
2024-11-02 22:33:45 [main] DEBUG o.hibernate.type.BasicTypeRegistry - Adding type registration char -> org.hibernate.type.BasicTypeReference@5635bcd2
2024-11-02 22:33:45 [main] DEBUG o.hibernate.type.BasicTypeRegistry - Adding type registration java.lang.Character -> org.hibernate.type.BasicTypeReference@5635bcd2
2024-11-02 22:33:45 [main] DEBUG o.hibernate.type.BasicTypeRegistry - Adding type registration character_nchar -> org.hibernate.type.BasicTypeReference@5c5c7cc4
2024-11-02 22:33:45 [main] DEBUG o.hibernate.type.BasicTypeRegistry - Adding type registration string -> org.hibernate.type.BasicTypeReference@6c27e700
2024-11-02 22:33:45 [main] DEBUG o.hibernate.type.BasicTypeRegistry - Adding type registration java.lang.String -> org.hibernate.type.BasicTypeReference@6c27e700
2024-11-02 22:33:45 [main] DEBUG o.hibernate.type.BasicTypeRegistry - Adding type registration nstring -> org.hibernate.type.BasicTypeReference@56b9d43f
2024-11-02 22:33:45 [main] DEBUG o.hibernate.type.BasicTypeRegistry - Adding type registration characters -> org.hibernate.type.BasicTypeReference@2d913116
2024-11-02 22:33:45 [main] DEBUG o.hibernate.type.BasicTypeRegistry - Adding type registration char[] -> org.hibernate.type.BasicTypeReference@2d913116
2024-11-02 22:33:45 [main] DEBUG o.hibernate.type.BasicTypeRegistry - Adding type registration [C -> org.hibernate.type.BasicTypeReference@2d913116
2024-11-02 22:33:45 [main] DEBUG o.hibernate.type.BasicTypeRegistry - Adding type registration wrapper-characters -> org.hibernate.type.BasicTypeReference@1214d23c
2024-11-02 22:33:45 [main] DEBUG o.hibernate.type.BasicTypeRegistry - Adding type registration text -> org.hibernate.type.BasicTypeReference@41582899
2024-11-02 22:33:45 [main] DEBUG o.hibernate.type.BasicTypeRegistry - Adding type registration ntext -> org.hibernate.type.BasicTypeReference@595814a1
2024-11-02 22:33:45 [main] DEBUG o.hibernate.type.BasicTypeRegistry - Adding type registration clob -> org.hibernate.type.BasicTypeReference@7de5871d
2024-11-02 22:33:45 [main] DEBUG o.hibernate.type.BasicTypeRegistry - Adding type registration java.sql.Clob -> org.hibernate.type.BasicTypeReference@7de5871d
2024-11-02 22:33:45 [main] DEBUG o.hibernate.type.BasicTypeRegistry - Adding type registration nclob -> org.hibernate.type.BasicTypeReference@49d42faf
2024-11-02 22:33:45 [main] DEBUG o.hibernate.type.BasicTypeRegistry - Adding type registration java.sql.NClob -> org.hibernate.type.BasicTypeReference@49d42faf
2024-11-02 22:33:45 [main] DEBUG o.hibernate.type.BasicTypeRegistry - Adding type registration materialized_clob -> org.hibernate.type.BasicTypeReference@4948daec
2024-11-02 22:33:45 [main] DEBUG o.hibernate.type.BasicTypeRegistry - Adding type registration materialized_clob_char_array -> org.hibernate.type.BasicTypeReference@502c2278
2024-11-02 22:33:45 [main] DEBUG o.hibernate.type.BasicTypeRegistry - Adding type registration materialized_clob_character_array -> org.hibernate.type.BasicTypeReference@1209a0f
2024-11-02 22:33:45 [main] DEBUG o.hibernate.type.BasicTypeRegistry - Adding type registration materialized_nclob -> org.hibernate.type.BasicTypeReference@696174d3
2024-11-02 22:33:45 [main] DEBUG o.hibernate.type.BasicTypeRegistry - Adding type registration materialized_nclob_character_array -> org.hibernate.type.BasicTypeReference@66715ca9
2024-11-02 22:33:45 [main] DEBUG o.hibernate.type.BasicTypeRegistry - Adding type registration materialized_nclob_char_array -> org.hibernate.type.BasicTypeReference@577f9dfd
2024-11-02 22:33:45 [main] DEBUG o.hibernate.type.BasicTypeRegistry - Adding type registration Duration -> org.hibernate.type.BasicTypeReference@520a95ff
2024-11-02 22:33:45 [main] DEBUG o.hibernate.type.BasicTypeRegistry - Adding type registration java.time.Duration -> org.hibernate.type.BasicTypeReference@520a95ff
2024-11-02 22:33:45 [main] DEBUG o.hibernate.type.BasicTypeRegistry - Adding type registration LocalDateTime -> org.hibernate.type.BasicTypeReference@30afb481
2024-11-02 22:33:45 [main] DEBUG o.hibernate.type.BasicTypeRegistry - Adding type registration java.time.LocalDateTime -> org.hibernate.type.BasicTypeReference@30afb481
2024-11-02 22:33:45 [main] DEBUG o.hibernate.type.BasicTypeRegistry - Adding type registration LocalDate -> org.hibernate.type.BasicTypeReference@5c573229
2024-11-02 22:33:45 [main] DEBUG o.hibernate.type.BasicTypeRegistry - Adding type registration java.time.LocalDate -> org.hibernate.type.BasicTypeReference@5c573229
2024-11-02 22:33:45 [main] DEBUG o.hibernate.type.BasicTypeRegistry - Adding type registration LocalTime -> org.hibernate.type.BasicTypeReference@77ecdc2b
2024-11-02 22:33:45 [main] DEBUG o.hibernate.type.BasicTypeRegistry - Adding type registration java.time.LocalTime -> org.hibernate.type.BasicTypeReference@77ecdc2b
2024-11-02 22:33:45 [main] DEBUG o.hibernate.type.BasicTypeRegistry - Adding type registration OffsetDateTime -> org.hibernate.type.BasicTypeReference@714f1a44
2024-11-02 22:33:45 [main] DEBUG o.hibernate.type.BasicTypeRegistry - Adding type registration java.time.OffsetDateTime -> org.hibernate.type.BasicTypeReference@714f1a44
2024-11-02 22:33:45 [main] DEBUG o.hibernate.type.BasicTypeRegistry - Adding type registration OffsetDateTimeWithTimezone -> org.hibernate.type.BasicTypeReference@3c09a350
2024-11-02 22:33:45 [main] DEBUG o.hibernate.type.BasicTypeRegistry - Adding type registration OffsetDateTimeWithoutTimezone -> org.hibernate.type.BasicTypeReference@592a1882
2024-11-02 22:33:45 [main] DEBUG o.hibernate.type.BasicTypeRegistry - Adding type registration OffsetTime -> org.hibernate.type.BasicTypeReference@48368a08
2024-11-02 22:33:45 [main] DEBUG o.hibernate.type.BasicTypeRegistry - Adding type registration java.time.OffsetTime -> org.hibernate.type.BasicTypeReference@48368a08
2024-11-02 22:33:45 [main] DEBUG o.hibernate.type.BasicTypeRegistry - Adding type registration OffsetTimeUtc -> org.hibernate.type.BasicTypeReference@41a23470
2024-11-02 22:33:45 [main] DEBUG o.hibernate.type.BasicTypeRegistry - Adding type registration OffsetTimeWithTimezone -> org.hibernate.type.BasicTypeReference@30c01c37
2024-11-02 22:33:45 [main] DEBUG o.hibernate.type.BasicTypeRegistry - Adding type registration OffsetTimeWithoutTimezone -> org.hibernate.type.BasicTypeReference@39a7eca5
2024-11-02 22:33:45 [main] DEBUG o.hibernate.type.BasicTypeRegistry - Adding type registration ZonedDateTime -> org.hibernate.type.BasicTypeReference@45bd4753
2024-11-02 22:33:45 [main] DEBUG o.hibernate.type.BasicTypeRegistry - Adding type registration java.time.ZonedDateTime -> org.hibernate.type.BasicTypeReference@45bd4753
2024-11-02 22:33:45 [main] DEBUG o.hibernate.type.BasicTypeRegistry - Adding type registration ZonedDateTimeWithTimezone -> org.hibernate.type.BasicTypeReference@156cfa20
2024-11-02 22:33:45 [main] DEBUG o.hibernate.type.BasicTypeRegistry - Adding type registration ZonedDateTimeWithoutTimezone -> org.hibernate.type.BasicTypeReference@25fd6d1e
2024-11-02 22:33:45 [main] DEBUG o.hibernate.type.BasicTypeRegistry - Adding type registration date -> org.hibernate.type.BasicTypeReference@23396fc0
2024-11-02 22:33:45 [main] DEBUG o.hibernate.type.BasicTypeRegistry - Adding type registration java.sql.Date -> org.hibernate.type.BasicTypeReference@23396fc0
2024-11-02 22:33:45 [main] DEBUG o.hibernate.type.BasicTypeRegistry - Adding type registration time -> org.hibernate.type.BasicTypeReference@c11332b
2024-11-02 22:33:45 [main] DEBUG o.hibernate.type.BasicTypeRegistry - Adding type registration java.sql.Time -> org.hibernate.type.BasicTypeReference@c11332b
2024-11-02 22:33:45 [main] DEBUG o.hibernate.type.BasicTypeRegistry - Adding type registration timestamp -> org.hibernate.type.BasicTypeReference@7e5e6573
2024-11-02 22:33:45 [main] DEBUG o.hibernate.type.BasicTypeRegistry - Adding type registration java.sql.Timestamp -> org.hibernate.type.BasicTypeReference@7e5e6573
2024-11-02 22:33:45 [main] DEBUG o.hibernate.type.BasicTypeRegistry - Adding type registration java.util.Date -> org.hibernate.type.BasicTypeReference@7e5e6573
2024-11-02 22:33:45 [main] DEBUG o.hibernate.type.BasicTypeRegistry - Adding type registration calendar -> org.hibernate.type.BasicTypeReference@3005623b
2024-11-02 22:33:45 [main] DEBUG o.hibernate.type.BasicTypeRegistry - Adding type registration java.util.Calendar -> org.hibernate.type.BasicTypeReference@3005623b
2024-11-02 22:33:45 [main] DEBUG o.hibernate.type.BasicTypeRegistry - Adding type registration java.util.GregorianCalendar -> org.hibernate.type.BasicTypeReference@3005623b
2024-11-02 22:33:45 [main] DEBUG o.hibernate.type.BasicTypeRegistry - Adding type registration calendar_date -> org.hibernate.type.BasicTypeReference@58aa5c94
2024-11-02 22:33:45 [main] DEBUG o.hibernate.type.BasicTypeRegistry - Adding type registration calendar_time -> org.hibernate.type.BasicTypeReference@5d27b4c1
2024-11-02 22:33:45 [main] DEBUG o.hibernate.type.BasicTypeRegistry - Adding type registration instant -> org.hibernate.type.BasicTypeReference@50df37eb
2024-11-02 22:33:45 [main] DEBUG o.hibernate.type.BasicTypeRegistry - Adding type registration java.time.Instant -> org.hibernate.type.BasicTypeReference@50df37eb
2024-11-02 22:33:45 [main] DEBUG o.hibernate.type.BasicTypeRegistry - Adding type registration uuid -> org.hibernate.type.BasicTypeReference@4b508371
2024-11-02 22:33:45 [main] DEBUG o.hibernate.type.BasicTypeRegistry - Adding type registration java.util.UUID -> org.hibernate.type.BasicTypeReference@4b508371
2024-11-02 22:33:45 [main] DEBUG o.hibernate.type.BasicTypeRegistry - Adding type registration pg-uuid -> org.hibernate.type.BasicTypeReference@4b508371
2024-11-02 22:33:45 [main] DEBUG o.hibernate.type.BasicTypeRegistry - Adding type registration uuid-binary -> org.hibernate.type.BasicTypeReference@41143873
2024-11-02 22:33:45 [main] DEBUG o.hibernate.type.BasicTypeRegistry - Adding type registration uuid-char -> org.hibernate.type.BasicTypeReference@21f50d2c
2024-11-02 22:33:45 [main] DEBUG o.hibernate.type.BasicTypeRegistry - Adding type registration class -> org.hibernate.type.BasicTypeReference@8bc0696
2024-11-02 22:33:45 [main] DEBUG o.hibernate.type.BasicTypeRegistry - Adding type registration java.lang.Class -> org.hibernate.type.BasicTypeReference@8bc0696
2024-11-02 22:33:45 [main] DEBUG o.hibernate.type.BasicTypeRegistry - Adding type registration currency -> org.hibernate.type.BasicTypeReference@473847fb
2024-11-02 22:33:45 [main] DEBUG o.hibernate.type.BasicTypeRegistry - Adding type registration Currency -> org.hibernate.type.BasicTypeReference@473847fb
2024-11-02 22:33:45 [main] DEBUG o.hibernate.type.BasicTypeRegistry - Adding type registration java.util.Currency -> org.hibernate.type.BasicTypeReference@473847fb
2024-11-02 22:33:45 [main] DEBUG o.hibernate.type.BasicTypeRegistry - Adding type registration locale -> org.hibernate.type.BasicTypeReference@270f28cf
2024-11-02 22:33:45 [main] DEBUG o.hibernate.type.BasicTypeRegistry - Adding type registration java.util.Locale -> org.hibernate.type.BasicTypeReference@270f28cf
2024-11-02 22:33:45 [main] DEBUG o.hibernate.type.BasicTypeRegistry - Adding type registration serializable -> org.hibernate.type.BasicTypeReference@2e1add6f
2024-11-02 22:33:45 [main] DEBUG o.hibernate.type.BasicTypeRegistry - Adding type registration java.io.Serializable -> org.hibernate.type.BasicTypeReference@2e1add6f
2024-11-02 22:33:45 [main] DEBUG o.hibernate.type.BasicTypeRegistry - Adding type registration timezone -> org.hibernate.type.BasicTypeReference@467af68c
2024-11-02 22:33:45 [main] DEBUG o.hibernate.type.BasicTypeRegistry - Adding type registration java.util.TimeZone -> org.hibernate.type.BasicTypeReference@467af68c
2024-11-02 22:33:45 [main] DEBUG o.hibernate.type.BasicTypeRegistry - Adding type registration ZoneOffset -> org.hibernate.type.BasicTypeReference@43786627
2024-11-02 22:33:45 [main] DEBUG o.hibernate.type.BasicTypeRegistry - Adding type registration java.time.ZoneOffset -> org.hibernate.type.BasicTypeReference@43786627
2024-11-02 22:33:45 [main] DEBUG o.hibernate.type.BasicTypeRegistry - Adding type registration url -> org.hibernate.type.BasicTypeReference@1d6f77d7
2024-11-02 22:33:45 [main] DEBUG o.hibernate.type.BasicTypeRegistry - Adding type registration java.net.URL -> org.hibernate.type.BasicTypeReference@1d6f77d7
2024-11-02 22:33:45 [main] DEBUG o.hibernate.type.BasicTypeRegistry - Adding type registration row_version -> org.hibernate.type.BasicTypeReference@65e620b0
2024-11-02 22:33:45 [main] DEBUG o.hibernate.type.BasicTypeRegistry - Adding type registration object -> org.hibernate.type.JavaObjectType@218df7d6
2024-11-02 22:33:45 [main] DEBUG o.hibernate.type.BasicTypeRegistry - Adding type registration java.lang.Object -> org.hibernate.type.JavaObjectType@218df7d6
2024-11-02 22:33:45 [main] DEBUG o.hibernate.type.BasicTypeRegistry - Adding type registration null -> org.hibernate.type.NullType@5cffec7
2024-11-02 22:33:45 [main] DEBUG o.hibernate.type.BasicTypeRegistry - Adding type registration imm_date -> org.hibernate.type.BasicTypeReference@7e81617a
2024-11-02 22:33:45 [main] DEBUG o.hibernate.type.BasicTypeRegistry - Adding type registration imm_time -> org.hibernate.type.BasicTypeReference@6e73974
2024-11-02 22:33:45 [main] DEBUG o.hibernate.type.BasicTypeRegistry - Adding type registration imm_timestamp -> org.hibernate.type.BasicTypeReference@44eb2452
2024-11-02 22:33:45 [main] DEBUG o.hibernate.type.BasicTypeRegistry - Adding type registration imm_calendar -> org.hibernate.type.BasicTypeReference@31940704
2024-11-02 22:33:45 [main] DEBUG o.hibernate.type.BasicTypeRegistry - Adding type registration imm_calendar_date -> org.hibernate.type.BasicTypeReference@e07b4db
2024-11-02 22:33:45 [main] DEBUG o.hibernate.type.BasicTypeRegistry - Adding type registration imm_calendar_time -> org.hibernate.type.BasicTypeReference@76b305e1
2024-11-02 22:33:45 [main] DEBUG o.hibernate.type.BasicTypeRegistry - Adding type registration imm_binary -> org.hibernate.type.BasicTypeReference@6be766d1
2024-11-02 22:33:45 [main] DEBUG o.hibernate.type.BasicTypeRegistry - Adding type registration imm_serializable -> org.hibernate.type.BasicTypeReference@7adae08e
2024-11-02 22:33:46 [main] INFO  o.s.o.j.p.SpringPersistenceUnitInfo - No LoadTimeWeaver setup: ignoring JPA class transformer
2024-11-02 22:33:46 [main] WARN  org.hibernate.orm.deprecation - HHH90000025: H2Dialect does not need to be specified explicitly using 'hibernate.dialect' (remove the property setting and it will be selected by default)
2024-11-02 22:33:46 [main] DEBUG o.h.t.d.jdbc.spi.JdbcTypeRegistry - addDescriptor(NCharTypeDescriptor) replaced previous registration(CharTypeDescriptor)
2024-11-02 22:33:46 [main] DEBUG o.h.t.d.jdbc.spi.JdbcTypeRegistry - addDescriptor(NVarcharTypeDescriptor) replaced previous registration(VarcharTypeDescriptor)
2024-11-02 22:33:46 [main] DEBUG o.h.t.d.jdbc.spi.JdbcTypeRegistry - addDescriptor(LongNVarcharTypeDescriptor) replaced previous registration(LongVarcharTypeDescriptor)
2024-11-02 22:33:46 [main] DEBUG o.h.t.d.jdbc.spi.JdbcTypeRegistry - addDescriptor(NClobTypeDescriptor(DEFAULT)) replaced previous registration(ClobTypeDescriptor(DEFAULT))
2024-11-02 22:33:46 [main] DEBUG o.h.t.d.jdbc.spi.JdbcTypeRegistry - addDescriptor(2005, ClobTypeDescriptor(STREAM_BINDING)) replaced previous registration(ClobTypeDescriptor(DEFAULT))
2024-11-02 22:33:46 [main] DEBUG o.h.t.d.jdbc.spi.JdbcTypeRegistry - addDescriptor(TimestampUtcDescriptor) replaced previous registration(TimestampUtcDescriptor)
2024-11-02 22:33:46 [main] DEBUG o.hibernate.type.BasicTypeRegistry - Adding type registration Duration -> basicType@1(java.time.Duration,2)
2024-11-02 22:33:46 [main] DEBUG o.hibernate.type.BasicTypeRegistry - Adding type registration java.time.Duration -> basicType@1(java.time.Duration,2)
2024-11-02 22:33:46 [main] DEBUG o.h.type.spi.TypeConfiguration$Scope - Scoping TypeConfiguration [org.hibernate.type.spi.TypeConfiguration@75d539b9] to MetadataBuildingContext [org.hibernate.boot.internal.MetadataBuildingContextRootImpl@20f63ddc]
2024-11-02 22:33:49 [main] INFO  o.h.e.t.j.p.i.JtaPlatformInitiator - HHH000489: No JTA platform available (set 'hibernate.transaction.jta.platform' to enable JTA platform integration)
2024-11-02 22:33:49 [main] DEBUG o.h.type.spi.TypeConfiguration$Scope - Scoping TypeConfiguration [org.hibernate.type.spi.TypeConfiguration@75d539b9] to SessionFactoryImplementor [org.hibernate.internal.SessionFactoryImpl@402c415e]
2024-11-02 22:33:49 [main] TRACE o.h.type.spi.TypeConfiguration$Scope - Handling #sessionFactoryCreated from [org.hibernate.internal.SessionFactoryImpl@402c415e] for TypeConfiguration
2024-11-02 22:33:49 [main] INFO  o.s.o.j.LocalContainerEntityManagerFactoryBean - Initialized JPA EntityManagerFactory for persistence unit 'default'
2024-11-02 22:33:50 [main] WARN  o.s.c.LocalVariableTableParameterNameDiscoverer - Using deprecated '-debug' fallback for parameter name resolution. Compile the affected code with '-parameters' instead or avoid its introspection: org.example.Entity.repository.InvestorRepo
2024-11-02 22:33:50 [main] WARN  o.s.c.LocalVariableTableParameterNameDiscoverer - Using deprecated '-debug' fallback for parameter name resolution. Compile the affected code with '-parameters' instead or avoid its introspection: org.example.Entity.repository.InvestmentRepo
2024-11-02 22:33:50 [main] WARN  o.s.c.LocalVariableTableParameterNameDiscoverer - Using deprecated '-debug' fallback for parameter name resolution. Compile the affected code with '-parameters' instead or avoid its introspection: org.example.Entity.repository.BusinessRepo
2024-11-02 22:33:50 [main] WARN  o.s.c.LocalVariableTableParameterNameDiscoverer - Using deprecated '-debug' fallback for parameter name resolution. Compile the affected code with '-parameters' instead or avoid its introspection: org.example.Entity.repository.CardRepo
2024-11-02 22:33:51 [main] INFO  o.a.k.c.admin.AdminClientConfig - AdminClientConfig values: 
	auto.include.jmx.reporter = true
	bootstrap.servers = [localhost:9092]
	client.dns.lookup = use_all_dns_ips
	client.id = 
	connections.max.idle.ms = 300000
	default.api.timeout.ms = 60000
	metadata.max.age.ms = 300000
	metric.reporters = []
	metrics.num.samples = 2
	metrics.recording.level = INFO
	metrics.sample.window.ms = 30000
	receive.buffer.bytes = 65536
	reconnect.backoff.max.ms = 1000
	reconnect.backoff.ms = 50
	request.timeout.ms = 30000
	retries = 2147483647
	retry.backoff.ms = 100
	sasl.client.callback.handler.class = null
	sasl.jaas.config = null
	sasl.kerberos.kinit.cmd = /usr/bin/kinit
	sasl.kerberos.min.time.before.relogin = 60000
	sasl.kerberos.service.name = null
	sasl.kerberos.ticket.renew.jitter = 0.05
	sasl.kerberos.ticket.renew.window.factor = 0.8
	sasl.login.callback.handler.class = null
	sasl.login.class = null
	sasl.login.connect.timeout.ms = null
	sasl.login.read.timeout.ms = null
	sasl.login.refresh.buffer.seconds = 300
	sasl.login.refresh.min.period.seconds = 60
	sasl.login.refresh.window.factor = 0.8
	sasl.login.refresh.window.jitter = 0.05
	sasl.login.retry.backoff.max.ms = 10000
	sasl.login.retry.backoff.ms = 100
	sasl.mechanism = GSSAPI
	sasl.oauthbearer.clock.skew.seconds = 30
	sasl.oauthbearer.expected.audience = null
	sasl.oauthbearer.expected.issuer = null
	sasl.oauthbearer.jwks.endpoint.refresh.ms = 3600000
	sasl.oauthbearer.jwks.endpoint.retry.backoff.max.ms = 10000
	sasl.oauthbearer.jwks.endpoint.retry.backoff.ms = 100
	sasl.oauthbearer.jwks.endpoint.url = null
	sasl.oauthbearer.scope.claim.name = scope
	sasl.oauthbearer.sub.claim.name = sub
	sasl.oauthbearer.token.endpoint.url = null
	security.protocol = PLAINTEXT
	security.providers = null
	send.buffer.bytes = 131072
	socket.connection.setup.timeout.max.ms = 30000
	socket.connection.setup.timeout.ms = 10000
	ssl.cipher.suites = null
	ssl.enabled.protocols = [TLSv1.2, TLSv1.3]
	ssl.endpoint.identification.algorithm = https
	ssl.engine.factory.class = null
	ssl.key.password = null
	ssl.keymanager.algorithm = SunX509
	ssl.keystore.certificate.chain = null
	ssl.keystore.key = null
	ssl.keystore.location = null
	ssl.keystore.password = null
	ssl.keystore.type = JKS
	ssl.protocol = TLSv1.3
	ssl.provider = null
	ssl.secure.random.implementation = null
	ssl.trustmanager.algorithm = PKIX
	ssl.truststore.certificates = null
	ssl.truststore.location = null
	ssl.truststore.password = null
	ssl.truststore.type = JKS

2024-11-02 22:33:51 [main] INFO  o.a.kafka.common.utils.AppInfoParser - Kafka version: 3.5.1
2024-11-02 22:33:51 [main] INFO  o.a.kafka.common.utils.AppInfoParser - Kafka commitId: 2c6fb6c54472e90a
2024-11-02 22:33:51 [main] INFO  o.a.kafka.common.utils.AppInfoParser - Kafka startTimeMs: 1730568831636
2024-11-02 22:33:52 [kafka-admin-client-thread | adminclient-1] INFO  o.a.kafka.common.utils.AppInfoParser - App info kafka.admin.client for adminclient-1 unregistered
2024-11-02 22:33:52 [kafka-admin-client-thread | adminclient-1] INFO  o.a.kafka.common.metrics.Metrics - Metrics scheduler closed
2024-11-02 22:33:52 [kafka-admin-client-thread | adminclient-1] INFO  o.a.kafka.common.metrics.Metrics - Closing reporter org.apache.kafka.common.metrics.JmxReporter
2024-11-02 22:33:52 [kafka-admin-client-thread | adminclient-1] INFO  o.a.kafka.common.metrics.Metrics - Metrics reporters closed
2024-11-02 22:33:53 [main] WARN  o.s.b.a.s.s.UserDetailsServiceAutoConfiguration - 

Using generated security password: 4ac80949-fd41-417e-9ed7-d12e31e246f9

This generated password is for development use only. Your security configuration must be updated before running your application in production.

2024-11-02 22:33:53 [main] INFO  o.s.s.web.DefaultSecurityFilterChain - Will secure any request with [org.springframework.security.web.session.DisableEncodeUrlFilter@6919a8a, org.springframework.security.web.context.request.async.WebAsyncManagerIntegrationFilter@23c0fcf0, org.springframework.security.web.context.SecurityContextHolderFilter@6e2764c9, org.springframework.security.web.header.HeaderWriterFilter@4ab959e8, org.springframework.security.web.authentication.logout.LogoutFilter@dcf64d2, org.springframework.security.web.savedrequest.RequestCacheAwareFilter@70199db0, org.springframework.security.web.servletapi.SecurityContextHolderAwareRequestFilter@274b0c2a, org.springframework.security.web.authentication.AnonymousAuthenticationFilter@60a4595e, org.springframework.security.web.access.ExceptionTranslationFilter@52d68eb9, org.springframework.security.web.access.intercept.FilterSecurityInterceptor@1ff65426]
2024-11-02 22:33:55 [main] INFO  o.a.coyote.http11.Http11NioProtocol - Starting ProtocolHandler ["http-nio-8080"]
2024-11-02 22:33:55 [main] INFO  o.s.b.w.e.tomcat.TomcatWebServer - Tomcat started on port(s): 8080 (http) with context path ''
2024-11-02 22:33:55 [main] INFO  o.a.k.c.consumer.ConsumerConfig - ConsumerConfig values: 
	allow.auto.create.topics = true
	auto.commit.interval.ms = 5000
	auto.include.jmx.reporter = true
	auto.offset.reset = latest
	bootstrap.servers = [localhost:9092]
	check.crcs = true
	client.dns.lookup = use_all_dns_ips
	client.id = consumer-investment-topic-1
	client.rack = 
	connections.max.idle.ms = 540000
	default.api.timeout.ms = 60000
	enable.auto.commit = false
	exclude.internal.topics = true
	fetch.max.bytes = 52428800
	fetch.max.wait.ms = 500
	fetch.min.bytes = 1
	group.id = investment-topic
	group.instance.id = null
	heartbeat.interval.ms = 3000
	interceptor.classes = []
	internal.leave.group.on.close = true
	internal.throw.on.fetch.stable.offset.unsupported = false
	isolation.level = read_uncommitted
	key.deserializer = class org.apache.kafka.common.serialization.StringDeserializer
	max.partition.fetch.bytes = 1048576
	max.poll.interval.ms = 300000
	max.poll.records = 500
	metadata.max.age.ms = 300000
	metric.reporters = []
	metrics.num.samples = 2
	metrics.recording.level = INFO
	metrics.sample.window.ms = 30000
	partition.assignment.strategy = [class org.apache.kafka.clients.consumer.RangeAssignor, class org.apache.kafka.clients.consumer.CooperativeStickyAssignor]
	receive.buffer.bytes = 65536
	reconnect.backoff.max.ms = 1000
	reconnect.backoff.ms = 50
	request.timeout.ms = 30000
	retry.backoff.ms = 100
	sasl.client.callback.handler.class = null
	sasl.jaas.config = null
	sasl.kerberos.kinit.cmd = /usr/bin/kinit
	sasl.kerberos.min.time.before.relogin = 60000
	sasl.kerberos.service.name = null
	sasl.kerberos.ticket.renew.jitter = 0.05
	sasl.kerberos.ticket.renew.window.factor = 0.8
	sasl.login.callback.handler.class = null
	sasl.login.class = null
	sasl.login.connect.timeout.ms = null
	sasl.login.read.timeout.ms = null
	sasl.login.refresh.buffer.seconds = 300
	sasl.login.refresh.min.period.seconds = 60
	sasl.login.refresh.window.factor = 0.8
	sasl.login.refresh.window.jitter = 0.05
	sasl.login.retry.backoff.max.ms = 10000
	sasl.login.retry.backoff.ms = 100
	sasl.mechanism = GSSAPI
	sasl.oauthbearer.clock.skew.seconds = 30
	sasl.oauthbearer.expected.audience = null
	sasl.oauthbearer.expected.issuer = null
	sasl.oauthbearer.jwks.endpoint.refresh.ms = 3600000
	sasl.oauthbearer.jwks.endpoint.retry.backoff.max.ms = 10000
	sasl.oauthbearer.jwks.endpoint.retry.backoff.ms = 100
	sasl.oauthbearer.jwks.endpoint.url = null
	sasl.oauthbearer.scope.claim.name = scope
	sasl.oauthbearer.sub.claim.name = sub
	sasl.oauthbearer.token.endpoint.url = null
	security.protocol = PLAINTEXT
	security.providers = null
	send.buffer.bytes = 131072
	session.timeout.ms = 45000
	socket.connection.setup.timeout.max.ms = 30000
	socket.connection.setup.timeout.ms = 10000
	ssl.cipher.suites = null
	ssl.enabled.protocols = [TLSv1.2, TLSv1.3]
	ssl.endpoint.identification.algorithm = https
	ssl.engine.factory.class = null
	ssl.key.password = null
	ssl.keymanager.algorithm = SunX509
	ssl.keystore.certificate.chain = null
	ssl.keystore.key = null
	ssl.keystore.location = null
	ssl.keystore.password = null
	ssl.keystore.type = JKS
	ssl.protocol = TLSv1.3
	ssl.provider = null
	ssl.secure.random.implementation = null
	ssl.trustmanager.algorithm = PKIX
	ssl.truststore.certificates = null
	ssl.truststore.location = null
	ssl.truststore.password = null
	ssl.truststore.type = JKS
	value.deserializer = class org.apache.kafka.common.serialization.ByteArrayDeserializer

2024-11-02 22:33:55 [main] INFO  o.a.kafka.common.utils.AppInfoParser - Kafka version: 3.5.1
2024-11-02 22:33:55 [main] INFO  o.a.kafka.common.utils.AppInfoParser - Kafka commitId: 2c6fb6c54472e90a
2024-11-02 22:33:55 [main] INFO  o.a.kafka.common.utils.AppInfoParser - Kafka startTimeMs: 1730568835594
2024-11-02 22:33:55 [main] INFO  o.a.k.clients.consumer.KafkaConsumer - [Consumer clientId=consumer-investment-topic-1, groupId=investment-topic] Subscribed to topic(s): investment-topic
2024-11-02 22:33:55 [main] INFO  o.a.k.c.consumer.ConsumerConfig - ConsumerConfig values: 
	allow.auto.create.topics = true
	auto.commit.interval.ms = 5000
	auto.include.jmx.reporter = true
	auto.offset.reset = latest
	bootstrap.servers = [localhost:9092]
	check.crcs = true
	client.dns.lookup = use_all_dns_ips
	client.id = consumer-investment-topic-2
	client.rack = 
	connections.max.idle.ms = 540000
	default.api.timeout.ms = 60000
	enable.auto.commit = false
	exclude.internal.topics = true
	fetch.max.bytes = 52428800
	fetch.max.wait.ms = 500
	fetch.min.bytes = 1
	group.id = investment-topic
	group.instance.id = null
	heartbeat.interval.ms = 3000
	interceptor.classes = []
	internal.leave.group.on.close = true
	internal.throw.on.fetch.stable.offset.unsupported = false
	isolation.level = read_uncommitted
	key.deserializer = class org.apache.kafka.common.serialization.StringDeserializer
	max.partition.fetch.bytes = 1048576
	max.poll.interval.ms = 300000
	max.poll.records = 500
	metadata.max.age.ms = 300000
	metric.reporters = []
	metrics.num.samples = 2
	metrics.recording.level = INFO
	metrics.sample.window.ms = 30000
	partition.assignment.strategy = [class org.apache.kafka.clients.consumer.RangeAssignor, class org.apache.kafka.clients.consumer.CooperativeStickyAssignor]
	receive.buffer.bytes = 65536
	reconnect.backoff.max.ms = 1000
	reconnect.backoff.ms = 50
	request.timeout.ms = 30000
	retry.backoff.ms = 100
	sasl.client.callback.handler.class = null
	sasl.jaas.config = null
	sasl.kerberos.kinit.cmd = /usr/bin/kinit
	sasl.kerberos.min.time.before.relogin = 60000
	sasl.kerberos.service.name = null
	sasl.kerberos.ticket.renew.jitter = 0.05
	sasl.kerberos.ticket.renew.window.factor = 0.8
	sasl.login.callback.handler.class = null
	sasl.login.class = null
	sasl.login.connect.timeout.ms = null
	sasl.login.read.timeout.ms = null
	sasl.login.refresh.buffer.seconds = 300
	sasl.login.refresh.min.period.seconds = 60
	sasl.login.refresh.window.factor = 0.8
	sasl.login.refresh.window.jitter = 0.05
	sasl.login.retry.backoff.max.ms = 10000
	sasl.login.retry.backoff.ms = 100
	sasl.mechanism = GSSAPI
	sasl.oauthbearer.clock.skew.seconds = 30
	sasl.oauthbearer.expected.audience = null
	sasl.oauthbearer.expected.issuer = null
	sasl.oauthbearer.jwks.endpoint.refresh.ms = 3600000
	sasl.oauthbearer.jwks.endpoint.retry.backoff.max.ms = 10000
	sasl.oauthbearer.jwks.endpoint.retry.backoff.ms = 100
	sasl.oauthbearer.jwks.endpoint.url = null
	sasl.oauthbearer.scope.claim.name = scope
	sasl.oauthbearer.sub.claim.name = sub
	sasl.oauthbearer.token.endpoint.url = null
	security.protocol = PLAINTEXT
	security.providers = null
	send.buffer.bytes = 131072
	session.timeout.ms = 45000
	socket.connection.setup.timeout.max.ms = 30000
	socket.connection.setup.timeout.ms = 10000
	ssl.cipher.suites = null
	ssl.enabled.protocols = [TLSv1.2, TLSv1.3]
	ssl.endpoint.identification.algorithm = https
	ssl.engine.factory.class = null
	ssl.key.password = null
	ssl.keymanager.algorithm = SunX509
	ssl.keystore.certificate.chain = null
	ssl.keystore.key = null
	ssl.keystore.location = null
	ssl.keystore.password = null
	ssl.keystore.type = JKS
	ssl.protocol = TLSv1.3
	ssl.provider = null
	ssl.secure.random.implementation = null
	ssl.trustmanager.algorithm = PKIX
	ssl.truststore.certificates = null
	ssl.truststore.location = null
	ssl.truststore.password = null
	ssl.truststore.type = JKS
	value.deserializer = class org.apache.kafka.common.serialization.ByteArrayDeserializer

2024-11-02 22:33:55 [main] INFO  o.a.kafka.common.utils.AppInfoParser - Kafka version: 3.5.1
2024-11-02 22:33:55 [main] INFO  o.a.kafka.common.utils.AppInfoParser - Kafka commitId: 2c6fb6c54472e90a
2024-11-02 22:33:55 [main] INFO  o.a.kafka.common.utils.AppInfoParser - Kafka startTimeMs: 1730568835695
2024-11-02 22:33:55 [main] INFO  o.a.k.clients.consumer.KafkaConsumer - [Consumer clientId=consumer-investment-topic-2, groupId=investment-topic] Subscribed to topic(s): investment-topic
2024-11-02 22:33:55 [main] INFO  o.a.k.c.consumer.ConsumerConfig - ConsumerConfig values: 
	allow.auto.create.topics = true
	auto.commit.interval.ms = 5000
	auto.include.jmx.reporter = true
	auto.offset.reset = latest
	bootstrap.servers = [localhost:9092]
	check.crcs = true
	client.dns.lookup = use_all_dns_ips
	client.id = consumer-group-1-3
	client.rack = 
	connections.max.idle.ms = 540000
	default.api.timeout.ms = 60000
	enable.auto.commit = false
	exclude.internal.topics = true
	fetch.max.bytes = 52428800
	fetch.max.wait.ms = 500
	fetch.min.bytes = 1
	group.id = group-1
	group.instance.id = null
	heartbeat.interval.ms = 3000
	interceptor.classes = []
	internal.leave.group.on.close = true
	internal.throw.on.fetch.stable.offset.unsupported = false
	isolation.level = read_uncommitted
	key.deserializer = class org.apache.kafka.common.serialization.StringDeserializer
	max.partition.fetch.bytes = 1048576
	max.poll.interval.ms = 300000
	max.poll.records = 500
	metadata.max.age.ms = 300000
	metric.reporters = []
	metrics.num.samples = 2
	metrics.recording.level = INFO
	metrics.sample.window.ms = 30000
	partition.assignment.strategy = [class org.apache.kafka.clients.consumer.RangeAssignor, class org.apache.kafka.clients.consumer.CooperativeStickyAssignor]
	receive.buffer.bytes = 65536
	reconnect.backoff.max.ms = 1000
	reconnect.backoff.ms = 50
	request.timeout.ms = 30000
	retry.backoff.ms = 100
	sasl.client.callback.handler.class = null
	sasl.jaas.config = null
	sasl.kerberos.kinit.cmd = /usr/bin/kinit
	sasl.kerberos.min.time.before.relogin = 60000
	sasl.kerberos.service.name = null
	sasl.kerberos.ticket.renew.jitter = 0.05
	sasl.kerberos.ticket.renew.window.factor = 0.8
	sasl.login.callback.handler.class = null
	sasl.login.class = null
	sasl.login.connect.timeout.ms = null
	sasl.login.read.timeout.ms = null
	sasl.login.refresh.buffer.seconds = 300
	sasl.login.refresh.min.period.seconds = 60
	sasl.login.refresh.window.factor = 0.8
	sasl.login.refresh.window.jitter = 0.05
	sasl.login.retry.backoff.max.ms = 10000
	sasl.login.retry.backoff.ms = 100
	sasl.mechanism = GSSAPI
	sasl.oauthbearer.clock.skew.seconds = 30
	sasl.oauthbearer.expected.audience = null
	sasl.oauthbearer.expected.issuer = null
	sasl.oauthbearer.jwks.endpoint.refresh.ms = 3600000
	sasl.oauthbearer.jwks.endpoint.retry.backoff.max.ms = 10000
	sasl.oauthbearer.jwks.endpoint.retry.backoff.ms = 100
	sasl.oauthbearer.jwks.endpoint.url = null
	sasl.oauthbearer.scope.claim.name = scope
	sasl.oauthbearer.sub.claim.name = sub
	sasl.oauthbearer.token.endpoint.url = null
	security.protocol = PLAINTEXT
	security.providers = null
	send.buffer.bytes = 131072
	session.timeout.ms = 45000
	socket.connection.setup.timeout.max.ms = 30000
	socket.connection.setup.timeout.ms = 10000
	ssl.cipher.suites = null
	ssl.enabled.protocols = [TLSv1.2, TLSv1.3]
	ssl.endpoint.identification.algorithm = https
	ssl.engine.factory.class = null
	ssl.key.password = null
	ssl.keymanager.algorithm = SunX509
	ssl.keystore.certificate.chain = null
	ssl.keystore.key = null
	ssl.keystore.location = null
	ssl.keystore.password = null
	ssl.keystore.type = JKS
	ssl.protocol = TLSv1.3
	ssl.provider = null
	ssl.secure.random.implementation = null
	ssl.trustmanager.algorithm = PKIX
	ssl.truststore.certificates = null
	ssl.truststore.location = null
	ssl.truststore.password = null
	ssl.truststore.type = JKS
	value.deserializer = class org.apache.kafka.common.serialization.ByteArrayDeserializer

2024-11-02 22:33:55 [main] INFO  o.a.kafka.common.utils.AppInfoParser - Kafka version: 3.5.1
2024-11-02 22:33:55 [main] INFO  o.a.kafka.common.utils.AppInfoParser - Kafka commitId: 2c6fb6c54472e90a
2024-11-02 22:33:55 [main] INFO  o.a.kafka.common.utils.AppInfoParser - Kafka startTimeMs: 1730568835786
2024-11-02 22:33:55 [main] INFO  o.a.k.clients.consumer.KafkaConsumer - [Consumer clientId=consumer-group-1-3, groupId=group-1] Subscribed to topic(s): payment-topic
2024-11-02 22:33:55 [investment-topic-0-C-1] INFO  org.apache.kafka.clients.Metadata - [Consumer clientId=consumer-investment-topic-1, groupId=investment-topic] Cluster ID: 5L6g3nShT-eMCtK--X86sw
2024-11-02 22:33:55 [investment-topic-0-C-1] INFO  o.a.k.c.c.i.ConsumerCoordinator - [Consumer clientId=consumer-investment-topic-1, groupId=investment-topic] Discovered group coordinator localhost:9092 (id: 2147483646 rack: null)
2024-11-02 22:33:55 [investment-topic-0-C-1] INFO  o.a.k.c.c.i.ConsumerCoordinator - [Consumer clientId=consumer-investment-topic-1, groupId=investment-topic] (Re-)joining group
2024-11-02 22:33:55 [investment-topic-1-C-1] INFO  org.apache.kafka.clients.Metadata - [Consumer clientId=consumer-investment-topic-2, groupId=investment-topic] Cluster ID: 5L6g3nShT-eMCtK--X86sw
2024-11-02 22:33:55 [investment-topic-1-C-1] INFO  o.a.k.c.c.i.ConsumerCoordinator - [Consumer clientId=consumer-investment-topic-2, groupId=investment-topic] Discovered group coordinator localhost:9092 (id: 2147483646 rack: null)
2024-11-02 22:33:55 [investment-topic-1-C-1] INFO  o.a.k.c.c.i.ConsumerCoordinator - [Consumer clientId=consumer-investment-topic-2, groupId=investment-topic] (Re-)joining group
2024-11-02 22:33:55 [main] INFO  o.a.k.c.consumer.ConsumerConfig - ConsumerConfig values: 
	allow.auto.create.topics = true
	auto.commit.interval.ms = 5000
	auto.include.jmx.reporter = true
	auto.offset.reset = latest
	bootstrap.servers = [localhost:9092]
	check.crcs = true
	client.dns.lookup = use_all_dns_ips
	client.id = consumer-group-1-4
	client.rack = 
	connections.max.idle.ms = 540000
	default.api.timeout.ms = 60000
	enable.auto.commit = false
	exclude.internal.topics = true
	fetch.max.bytes = 52428800
	fetch.max.wait.ms = 500
	fetch.min.bytes = 1
	group.id = group-1
	group.instance.id = null
	heartbeat.interval.ms = 3000
	interceptor.classes = []
	internal.leave.group.on.close = true
	internal.throw.on.fetch.stable.offset.unsupported = false
	isolation.level = read_uncommitted
	key.deserializer = class org.apache.kafka.common.serialization.StringDeserializer
	max.partition.fetch.bytes = 1048576
	max.poll.interval.ms = 300000
	max.poll.records = 500
	metadata.max.age.ms = 300000
	metric.reporters = []
	metrics.num.samples = 2
	metrics.recording.level = INFO
	metrics.sample.window.ms = 30000
	partition.assignment.strategy = [class org.apache.kafka.clients.consumer.RangeAssignor, class org.apache.kafka.clients.consumer.CooperativeStickyAssignor]
	receive.buffer.bytes = 65536
	reconnect.backoff.max.ms = 1000
	reconnect.backoff.ms = 50
	request.timeout.ms = 30000
	retry.backoff.ms = 100
	sasl.client.callback.handler.class = null
	sasl.jaas.config = null
	sasl.kerberos.kinit.cmd = /usr/bin/kinit
	sasl.kerberos.min.time.before.relogin = 60000
	sasl.kerberos.service.name = null
	sasl.kerberos.ticket.renew.jitter = 0.05
	sasl.kerberos.ticket.renew.window.factor = 0.8
	sasl.login.callback.handler.class = null
	sasl.login.class = null
	sasl.login.connect.timeout.ms = null
	sasl.login.read.timeout.ms = null
	sasl.login.refresh.buffer.seconds = 300
	sasl.login.refresh.min.period.seconds = 60
	sasl.login.refresh.window.factor = 0.8
	sasl.login.refresh.window.jitter = 0.05
	sasl.login.retry.backoff.max.ms = 10000
	sasl.login.retry.backoff.ms = 100
	sasl.mechanism = GSSAPI
	sasl.oauthbearer.clock.skew.seconds = 30
	sasl.oauthbearer.expected.audience = null
	sasl.oauthbearer.expected.issuer = null
	sasl.oauthbearer.jwks.endpoint.refresh.ms = 3600000
	sasl.oauthbearer.jwks.endpoint.retry.backoff.max.ms = 10000
	sasl.oauthbearer.jwks.endpoint.retry.backoff.ms = 100
	sasl.oauthbearer.jwks.endpoint.url = null
	sasl.oauthbearer.scope.claim.name = scope
	sasl.oauthbearer.sub.claim.name = sub
	sasl.oauthbearer.token.endpoint.url = null
	security.protocol = PLAINTEXT
	security.providers = null
	send.buffer.bytes = 131072
	session.timeout.ms = 45000
	socket.connection.setup.timeout.max.ms = 30000
	socket.connection.setup.timeout.ms = 10000
	ssl.cipher.suites = null
	ssl.enabled.protocols = [TLSv1.2, TLSv1.3]
	ssl.endpoint.identification.algorithm = https
	ssl.engine.factory.class = null
	ssl.key.password = null
	ssl.keymanager.algorithm = SunX509
	ssl.keystore.certificate.chain = null
	ssl.keystore.key = null
	ssl.keystore.location = null
	ssl.keystore.password = null
	ssl.keystore.type = JKS
	ssl.protocol = TLSv1.3
	ssl.provider = null
	ssl.secure.random.implementation = null
	ssl.trustmanager.algorithm = PKIX
	ssl.truststore.certificates = null
	ssl.truststore.location = null
	ssl.truststore.password = null
	ssl.truststore.type = JKS
	value.deserializer = class org.apache.kafka.common.serialization.ByteArrayDeserializer

2024-11-02 22:33:55 [main] INFO  o.a.kafka.common.utils.AppInfoParser - Kafka version: 3.5.1
2024-11-02 22:33:55 [main] INFO  o.a.kafka.common.utils.AppInfoParser - Kafka commitId: 2c6fb6c54472e90a
2024-11-02 22:33:55 [main] INFO  o.a.kafka.common.utils.AppInfoParser - Kafka startTimeMs: 1730568835908
2024-11-02 22:33:55 [main] INFO  o.a.k.clients.consumer.KafkaConsumer - [Consumer clientId=consumer-group-1-4, groupId=group-1] Subscribed to topic(s): payment-topic
2024-11-02 22:33:55 [main] INFO  o.a.k.c.consumer.ConsumerConfig - ConsumerConfig values: 
	allow.auto.create.topics = true
	auto.commit.interval.ms = 5000
	auto.include.jmx.reporter = true
	auto.offset.reset = latest
	bootstrap.servers = [localhost:9092]
	check.crcs = true
	client.dns.lookup = use_all_dns_ips
	client.id = consumer-group-1-5
	client.rack = 
	connections.max.idle.ms = 540000
	default.api.timeout.ms = 60000
	enable.auto.commit = false
	exclude.internal.topics = true
	fetch.max.bytes = 52428800
	fetch.max.wait.ms = 500
	fetch.min.bytes = 1
	group.id = group-1
	group.instance.id = null
	heartbeat.interval.ms = 3000
	interceptor.classes = []
	internal.leave.group.on.close = true
	internal.throw.on.fetch.stable.offset.unsupported = false
	isolation.level = read_uncommitted
	key.deserializer = class org.apache.kafka.common.serialization.StringDeserializer
	max.partition.fetch.bytes = 1048576
	max.poll.interval.ms = 300000
	max.poll.records = 500
	metadata.max.age.ms = 300000
	metric.reporters = []
	metrics.num.samples = 2
	metrics.recording.level = INFO
	metrics.sample.window.ms = 30000
	partition.assignment.strategy = [class org.apache.kafka.clients.consumer.RangeAssignor, class org.apache.kafka.clients.consumer.CooperativeStickyAssignor]
	receive.buffer.bytes = 65536
	reconnect.backoff.max.ms = 1000
	reconnect.backoff.ms = 50
	request.timeout.ms = 30000
	retry.backoff.ms = 100
	sasl.client.callback.handler.class = null
	sasl.jaas.config = null
	sasl.kerberos.kinit.cmd = /usr/bin/kinit
	sasl.kerberos.min.time.before.relogin = 60000
	sasl.kerberos.service.name = null
	sasl.kerberos.ticket.renew.jitter = 0.05
	sasl.kerberos.ticket.renew.window.factor = 0.8
	sasl.login.callback.handler.class = null
	sasl.login.class = null
	sasl.login.connect.timeout.ms = null
	sasl.login.read.timeout.ms = null
	sasl.login.refresh.buffer.seconds = 300
	sasl.login.refresh.min.period.seconds = 60
	sasl.login.refresh.window.factor = 0.8
	sasl.login.refresh.window.jitter = 0.05
	sasl.login.retry.backoff.max.ms = 10000
	sasl.login.retry.backoff.ms = 100
	sasl.mechanism = GSSAPI
	sasl.oauthbearer.clock.skew.seconds = 30
	sasl.oauthbearer.expected.audience = null
	sasl.oauthbearer.expected.issuer = null
	sasl.oauthbearer.jwks.endpoint.refresh.ms = 3600000
	sasl.oauthbearer.jwks.endpoint.retry.backoff.max.ms = 10000
	sasl.oauthbearer.jwks.endpoint.retry.backoff.ms = 100
	sasl.oauthbearer.jwks.endpoint.url = null
	sasl.oauthbearer.scope.claim.name = scope
	sasl.oauthbearer.sub.claim.name = sub
	sasl.oauthbearer.token.endpoint.url = null
	security.protocol = PLAINTEXT
	security.providers = null
	send.buffer.bytes = 131072
	session.timeout.ms = 45000
	socket.connection.setup.timeout.max.ms = 30000
	socket.connection.setup.timeout.ms = 10000
	ssl.cipher.suites = null
	ssl.enabled.protocols = [TLSv1.2, TLSv1.3]
	ssl.endpoint.identification.algorithm = https
	ssl.engine.factory.class = null
	ssl.key.password = null
	ssl.keymanager.algorithm = SunX509
	ssl.keystore.certificate.chain = null
	ssl.keystore.key = null
	ssl.keystore.location = null
	ssl.keystore.password = null
	ssl.keystore.type = JKS
	ssl.protocol = TLSv1.3
	ssl.provider = null
	ssl.secure.random.implementation = null
	ssl.trustmanager.algorithm = PKIX
	ssl.truststore.certificates = null
	ssl.truststore.location = null
	ssl.truststore.password = null
	ssl.truststore.type = JKS
	value.deserializer = class org.apache.kafka.common.serialization.ByteArrayDeserializer

2024-11-02 22:33:55 [main] INFO  o.a.kafka.common.utils.AppInfoParser - Kafka version: 3.5.1
2024-11-02 22:33:55 [main] INFO  o.a.kafka.common.utils.AppInfoParser - Kafka commitId: 2c6fb6c54472e90a
2024-11-02 22:33:55 [main] INFO  o.a.kafka.common.utils.AppInfoParser - Kafka startTimeMs: 1730568835973
2024-11-02 22:33:55 [main] INFO  o.a.k.clients.consumer.KafkaConsumer - [Consumer clientId=consumer-group-1-5, groupId=group-1] Subscribed to topic(s): investment-topic
2024-11-02 22:33:55 [investment-topic-1-C-1] INFO  o.a.k.c.c.i.ConsumerCoordinator - [Consumer clientId=consumer-investment-topic-2, groupId=investment-topic] Request joining group due to: need to re-join with the given member-id: consumer-investment-topic-2-251646de-93cf-4cc2-a8b9-6f94bc941ecd
2024-11-02 22:33:55 [investment-topic-0-C-1] INFO  o.a.k.c.c.i.ConsumerCoordinator - [Consumer clientId=consumer-investment-topic-1, groupId=investment-topic] Request joining group due to: need to re-join with the given member-id: consumer-investment-topic-1-44f185dc-f314-4f7d-a3b8-1bc780347db2
2024-11-02 22:33:55 [investment-topic-1-C-1] INFO  o.a.k.c.c.i.ConsumerCoordinator - [Consumer clientId=consumer-investment-topic-2, groupId=investment-topic] Request joining group due to: rebalance failed due to 'The group member needs to have a valid member id before actually entering a consumer group.' (MemberIdRequiredException)
2024-11-02 22:33:55 [investment-topic-1-C-1] INFO  o.a.k.c.c.i.ConsumerCoordinator - [Consumer clientId=consumer-investment-topic-2, groupId=investment-topic] (Re-)joining group
2024-11-02 22:33:55 [investment-topic-0-C-1] INFO  o.a.k.c.c.i.ConsumerCoordinator - [Consumer clientId=consumer-investment-topic-1, groupId=investment-topic] Request joining group due to: rebalance failed due to 'The group member needs to have a valid member id before actually entering a consumer group.' (MemberIdRequiredException)
2024-11-02 22:33:55 [investment-topic-0-C-1] INFO  o.a.k.c.c.i.ConsumerCoordinator - [Consumer clientId=consumer-investment-topic-1, groupId=investment-topic] (Re-)joining group
2024-11-02 22:33:55 [main] INFO  o.a.k.c.consumer.ConsumerConfig - ConsumerConfig values: 
	allow.auto.create.topics = true
	auto.commit.interval.ms = 5000
	auto.include.jmx.reporter = true
	auto.offset.reset = latest
	bootstrap.servers = [localhost:9092]
	check.crcs = true
	client.dns.lookup = use_all_dns_ips
	client.id = consumer-group-1-6
	client.rack = 
	connections.max.idle.ms = 540000
	default.api.timeout.ms = 60000
	enable.auto.commit = false
	exclude.internal.topics = true
	fetch.max.bytes = 52428800
	fetch.max.wait.ms = 500
	fetch.min.bytes = 1
	group.id = group-1
	group.instance.id = null
	heartbeat.interval.ms = 3000
	interceptor.classes = []
	internal.leave.group.on.close = true
	internal.throw.on.fetch.stable.offset.unsupported = false
	isolation.level = read_uncommitted
	key.deserializer = class org.apache.kafka.common.serialization.StringDeserializer
	max.partition.fetch.bytes = 1048576
	max.poll.interval.ms = 300000
	max.poll.records = 500
	metadata.max.age.ms = 300000
	metric.reporters = []
	metrics.num.samples = 2
	metrics.recording.level = INFO
	metrics.sample.window.ms = 30000
	partition.assignment.strategy = [class org.apache.kafka.clients.consumer.RangeAssignor, class org.apache.kafka.clients.consumer.CooperativeStickyAssignor]
	receive.buffer.bytes = 65536
	reconnect.backoff.max.ms = 1000
	reconnect.backoff.ms = 50
	request.timeout.ms = 30000
	retry.backoff.ms = 100
	sasl.client.callback.handler.class = null
	sasl.jaas.config = null
	sasl.kerberos.kinit.cmd = /usr/bin/kinit
	sasl.kerberos.min.time.before.relogin = 60000
	sasl.kerberos.service.name = null
	sasl.kerberos.ticket.renew.jitter = 0.05
	sasl.kerberos.ticket.renew.window.factor = 0.8
	sasl.login.callback.handler.class = null
	sasl.login.class = null
	sasl.login.connect.timeout.ms = null
	sasl.login.read.timeout.ms = null
	sasl.login.refresh.buffer.seconds = 300
	sasl.login.refresh.min.period.seconds = 60
	sasl.login.refresh.window.factor = 0.8
	sasl.login.refresh.window.jitter = 0.05
	sasl.login.retry.backoff.max.ms = 10000
	sasl.login.retry.backoff.ms = 100
	sasl.mechanism = GSSAPI
	sasl.oauthbearer.clock.skew.seconds = 30
	sasl.oauthbearer.expected.audience = null
	sasl.oauthbearer.expected.issuer = null
	sasl.oauthbearer.jwks.endpoint.refresh.ms = 3600000
	sasl.oauthbearer.jwks.endpoint.retry.backoff.max.ms = 10000
	sasl.oauthbearer.jwks.endpoint.retry.backoff.ms = 100
	sasl.oauthbearer.jwks.endpoint.url = null
	sasl.oauthbearer.scope.claim.name = scope
	sasl.oauthbearer.sub.claim.name = sub
	sasl.oauthbearer.token.endpoint.url = null
	security.protocol = PLAINTEXT
	security.providers = null
	send.buffer.bytes = 131072
	session.timeout.ms = 45000
	socket.connection.setup.timeout.max.ms = 30000
	socket.connection.setup.timeout.ms = 10000
	ssl.cipher.suites = null
	ssl.enabled.protocols = [TLSv1.2, TLSv1.3]
	ssl.endpoint.identification.algorithm = https
	ssl.engine.factory.class = null
	ssl.key.password = null
	ssl.keymanager.algorithm = SunX509
	ssl.keystore.certificate.chain = null
	ssl.keystore.key = null
	ssl.keystore.location = null
	ssl.keystore.password = null
	ssl.keystore.type = JKS
	ssl.protocol = TLSv1.3
	ssl.provider = null
	ssl.secure.random.implementation = null
	ssl.trustmanager.algorithm = PKIX
	ssl.truststore.certificates = null
	ssl.truststore.location = null
	ssl.truststore.password = null
	ssl.truststore.type = JKS
	value.deserializer = class org.apache.kafka.common.serialization.ByteArrayDeserializer

2024-11-02 22:33:56 [main] INFO  o.a.kafka.common.utils.AppInfoParser - Kafka version: 3.5.1
2024-11-02 22:33:56 [main] INFO  o.a.kafka.common.utils.AppInfoParser - Kafka commitId: 2c6fb6c54472e90a
2024-11-02 22:33:56 [main] INFO  o.a.kafka.common.utils.AppInfoParser - Kafka startTimeMs: 1730568836043
2024-11-02 22:33:56 [main] INFO  o.a.k.clients.consumer.KafkaConsumer - [Consumer clientId=consumer-group-1-6, groupId=group-1] Subscribed to topic(s): investment-topic
2024-11-02 22:33:56 [org.springframework.kafka.KafkaListenerEndpointContainer#0-0-C-1] INFO  org.apache.kafka.clients.Metadata - [Consumer clientId=consumer-group-1-3, groupId=group-1] Cluster ID: 5L6g3nShT-eMCtK--X86sw
2024-11-02 22:33:56 [org.springframework.kafka.KafkaListenerEndpointContainer#0-0-C-1] INFO  o.a.k.c.c.i.ConsumerCoordinator - [Consumer clientId=consumer-group-1-3, groupId=group-1] Discovered group coordinator localhost:9092 (id: 2147483646 rack: null)
2024-11-02 22:33:56 [org.springframework.kafka.KafkaListenerEndpointContainer#0-0-C-1] INFO  o.a.k.c.c.i.ConsumerCoordinator - [Consumer clientId=consumer-group-1-3, groupId=group-1] (Re-)joining group
2024-11-02 22:33:56 [org.springframework.kafka.KafkaListenerEndpointContainer#0-1-C-1] INFO  org.apache.kafka.clients.Metadata - [Consumer clientId=consumer-group-1-4, groupId=group-1] Cluster ID: 5L6g3nShT-eMCtK--X86sw
2024-11-02 22:33:56 [org.springframework.kafka.KafkaListenerEndpointContainer#0-1-C-1] INFO  o.a.k.c.c.i.ConsumerCoordinator - [Consumer clientId=consumer-group-1-4, groupId=group-1] Discovered group coordinator localhost:9092 (id: 2147483646 rack: null)
2024-11-02 22:33:56 [org.springframework.kafka.KafkaListenerEndpointContainer#0-1-C-1] INFO  o.a.k.c.c.i.ConsumerCoordinator - [Consumer clientId=consumer-group-1-4, groupId=group-1] (Re-)joining group
2024-11-02 22:33:56 [org.springframework.kafka.KafkaListenerEndpointContainer#1-0-C-1] INFO  org.apache.kafka.clients.Metadata - [Consumer clientId=consumer-group-1-5, groupId=group-1] Cluster ID: 5L6g3nShT-eMCtK--X86sw
2024-11-02 22:33:56 [org.springframework.kafka.KafkaListenerEndpointContainer#1-0-C-1] INFO  o.a.k.c.c.i.ConsumerCoordinator - [Consumer clientId=consumer-group-1-5, groupId=group-1] Discovered group coordinator localhost:9092 (id: 2147483646 rack: null)
2024-11-02 22:33:56 [org.springframework.kafka.KafkaListenerEndpointContainer#1-0-C-1] INFO  o.a.k.c.c.i.ConsumerCoordinator - [Consumer clientId=consumer-group-1-5, groupId=group-1] (Re-)joining group
2024-11-02 22:33:56 [main] INFO  org.example.Main - Started Main in 20.038 seconds (process running for 22.084)
2024-11-02 22:33:56 [org.springframework.kafka.KafkaListenerEndpointContainer#0-1-C-1] INFO  o.a.k.c.c.i.ConsumerCoordinator - [Consumer clientId=consumer-group-1-4, groupId=group-1] Request joining group due to: need to re-join with the given member-id: consumer-group-1-4-70e481c8-dbfd-4884-8ffb-45dcca7e2fb0
2024-11-02 22:33:56 [org.springframework.kafka.KafkaListenerEndpointContainer#1-1-C-1] INFO  org.apache.kafka.clients.Metadata - [Consumer clientId=consumer-group-1-6, groupId=group-1] Cluster ID: 5L6g3nShT-eMCtK--X86sw
2024-11-02 22:33:56 [org.springframework.kafka.KafkaListenerEndpointContainer#0-1-C-1] INFO  o.a.k.c.c.i.ConsumerCoordinator - [Consumer clientId=consumer-group-1-4, groupId=group-1] Request joining group due to: rebalance failed due to 'The group member needs to have a valid member id before actually entering a consumer group.' (MemberIdRequiredException)
2024-11-02 22:33:56 [org.springframework.kafka.KafkaListenerEndpointContainer#0-1-C-1] INFO  o.a.k.c.c.i.ConsumerCoordinator - [Consumer clientId=consumer-group-1-4, groupId=group-1] (Re-)joining group
2024-11-02 22:33:56 [org.springframework.kafka.KafkaListenerEndpointContainer#1-1-C-1] INFO  o.a.k.c.c.i.ConsumerCoordinator - [Consumer clientId=consumer-group-1-6, groupId=group-1] Discovered group coordinator localhost:9092 (id: 2147483646 rack: null)
2024-11-02 22:33:56 [org.springframework.kafka.KafkaListenerEndpointContainer#1-1-C-1] INFO  o.a.k.c.c.i.ConsumerCoordinator - [Consumer clientId=consumer-group-1-6, groupId=group-1] (Re-)joining group
2024-11-02 22:33:56 [org.springframework.kafka.KafkaListenerEndpointContainer#1-0-C-1] INFO  o.a.k.c.c.i.ConsumerCoordinator - [Consumer clientId=consumer-group-1-5, groupId=group-1] Request joining group due to: need to re-join with the given member-id: consumer-group-1-5-cd0d0211-a84f-405a-96fe-67fc5042efe6
2024-11-02 22:33:56 [org.springframework.kafka.KafkaListenerEndpointContainer#1-0-C-1] INFO  o.a.k.c.c.i.ConsumerCoordinator - [Consumer clientId=consumer-group-1-5, groupId=group-1] Request joining group due to: rebalance failed due to 'The group member needs to have a valid member id before actually entering a consumer group.' (MemberIdRequiredException)
2024-11-02 22:33:56 [org.springframework.kafka.KafkaListenerEndpointContainer#1-0-C-1] INFO  o.a.k.c.c.i.ConsumerCoordinator - [Consumer clientId=consumer-group-1-5, groupId=group-1] (Re-)joining group
2024-11-02 22:33:56 [org.springframework.kafka.KafkaListenerEndpointContainer#0-0-C-1] INFO  o.a.k.c.c.i.ConsumerCoordinator - [Consumer clientId=consumer-group-1-3, groupId=group-1] Request joining group due to: need to re-join with the given member-id: consumer-group-1-3-9a89e2d2-fcac-4e56-9e5e-68e6065c507d
2024-11-02 22:33:56 [org.springframework.kafka.KafkaListenerEndpointContainer#0-0-C-1] INFO  o.a.k.c.c.i.ConsumerCoordinator - [Consumer clientId=consumer-group-1-3, groupId=group-1] Request joining group due to: rebalance failed due to 'The group member needs to have a valid member id before actually entering a consumer group.' (MemberIdRequiredException)
2024-11-02 22:33:56 [org.springframework.kafka.KafkaListenerEndpointContainer#0-0-C-1] INFO  o.a.k.c.c.i.ConsumerCoordinator - [Consumer clientId=consumer-group-1-3, groupId=group-1] (Re-)joining group
2024-11-02 22:33:56 [org.springframework.kafka.KafkaListenerEndpointContainer#1-1-C-1] INFO  o.a.k.c.c.i.ConsumerCoordinator - [Consumer clientId=consumer-group-1-6, groupId=group-1] Request joining group due to: need to re-join with the given member-id: consumer-group-1-6-fd3c9ce4-d396-424c-8937-7c7ce79c16d2
2024-11-02 22:33:56 [org.springframework.kafka.KafkaListenerEndpointContainer#1-1-C-1] INFO  o.a.k.c.c.i.ConsumerCoordinator - [Consumer clientId=consumer-group-1-6, groupId=group-1] Request joining group due to: rebalance failed due to 'The group member needs to have a valid member id before actually entering a consumer group.' (MemberIdRequiredException)
2024-11-02 22:33:56 [org.springframework.kafka.KafkaListenerEndpointContainer#1-1-C-1] INFO  o.a.k.c.c.i.ConsumerCoordinator - [Consumer clientId=consumer-group-1-6, groupId=group-1] (Re-)joining group
2024-11-02 22:33:59 [investment-topic-0-C-1] INFO  o.a.k.c.c.i.ConsumerCoordinator - [Consumer clientId=consumer-investment-topic-1, groupId=investment-topic] Successfully joined group with generation Generation{generationId=114, memberId='consumer-investment-topic-1-44f185dc-f314-4f7d-a3b8-1bc780347db2', protocol='range'}
2024-11-02 22:33:59 [investment-topic-1-C-1] INFO  o.a.k.c.c.i.ConsumerCoordinator - [Consumer clientId=consumer-investment-topic-2, groupId=investment-topic] Successfully joined group with generation Generation{generationId=114, memberId='consumer-investment-topic-2-251646de-93cf-4cc2-a8b9-6f94bc941ecd', protocol='range'}
2024-11-02 22:33:59 [investment-topic-0-C-1] INFO  o.a.k.c.c.i.ConsumerCoordinator - [Consumer clientId=consumer-investment-topic-1, groupId=investment-topic] Finished assignment for group at generation 114: {consumer-investment-topic-2-251646de-93cf-4cc2-a8b9-6f94bc941ecd=Assignment(partitions=[]), consumer-investment-topic-1-44f185dc-f314-4f7d-a3b8-1bc780347db2=Assignment(partitions=[investment-topic-0])}
2024-11-02 22:33:59 [investment-topic-1-C-1] INFO  o.a.k.c.c.i.ConsumerCoordinator - [Consumer clientId=consumer-investment-topic-2, groupId=investment-topic] Successfully synced group in generation Generation{generationId=114, memberId='consumer-investment-topic-2-251646de-93cf-4cc2-a8b9-6f94bc941ecd', protocol='range'}
2024-11-02 22:33:59 [investment-topic-0-C-1] INFO  o.a.k.c.c.i.ConsumerCoordinator - [Consumer clientId=consumer-investment-topic-1, groupId=investment-topic] Successfully synced group in generation Generation{generationId=114, memberId='consumer-investment-topic-1-44f185dc-f314-4f7d-a3b8-1bc780347db2', protocol='range'}
2024-11-02 22:33:59 [investment-topic-0-C-1] INFO  o.a.k.c.c.i.ConsumerCoordinator - [Consumer clientId=consumer-investment-topic-1, groupId=investment-topic] Notifying assignor about the new Assignment(partitions=[investment-topic-0])
2024-11-02 22:33:59 [investment-topic-1-C-1] INFO  o.a.k.c.c.i.ConsumerCoordinator - [Consumer clientId=consumer-investment-topic-2, groupId=investment-topic] Notifying assignor about the new Assignment(partitions=[])
2024-11-02 22:33:59 [investment-topic-1-C-1] INFO  o.a.k.c.c.i.ConsumerCoordinator - [Consumer clientId=consumer-investment-topic-2, groupId=investment-topic] Adding newly assigned partitions: 
2024-11-02 22:33:59 [investment-topic-1-C-1] INFO  o.s.k.l.KafkaMessageListenerContainer - investment-topic: partitions assigned: []
2024-11-02 22:33:59 [investment-topic-0-C-1] INFO  o.a.k.c.c.i.ConsumerCoordinator - [Consumer clientId=consumer-investment-topic-1, groupId=investment-topic] Adding newly assigned partitions: investment-topic-0
2024-11-02 22:33:59 [investment-topic-0-C-1] INFO  o.a.k.c.c.i.ConsumerCoordinator - [Consumer clientId=consumer-investment-topic-1, groupId=investment-topic] Setting offset for partition investment-topic-0 to the committed offset FetchPosition{offset=4, offsetEpoch=Optional.empty, currentLeader=LeaderAndEpoch{leader=Optional[localhost:9092 (id: 1 rack: null)], epoch=4}}
2024-11-02 22:33:59 [investment-topic-0-C-1] INFO  o.s.k.l.KafkaMessageListenerContainer - investment-topic: partitions assigned: [investment-topic-0]
2024-11-02 22:33:59 [org.springframework.kafka.KafkaListenerEndpointContainer#0-0-C-1] INFO  o.a.k.c.c.i.ConsumerCoordinator - [Consumer clientId=consumer-group-1-3, groupId=group-1] Successfully joined group with generation Generation{generationId=168, memberId='consumer-group-1-3-9a89e2d2-fcac-4e56-9e5e-68e6065c507d', protocol='range'}
2024-11-02 22:33:59 [org.springframework.kafka.KafkaListenerEndpointContainer#1-1-C-1] INFO  o.a.k.c.c.i.ConsumerCoordinator - [Consumer clientId=consumer-group-1-6, groupId=group-1] Successfully joined group with generation Generation{generationId=168, memberId='consumer-group-1-6-fd3c9ce4-d396-424c-8937-7c7ce79c16d2', protocol='range'}
2024-11-02 22:33:59 [org.springframework.kafka.KafkaListenerEndpointContainer#1-0-C-1] INFO  o.a.k.c.c.i.ConsumerCoordinator - [Consumer clientId=consumer-group-1-5, groupId=group-1] Successfully joined group with generation Generation{generationId=168, memberId='consumer-group-1-5-cd0d0211-a84f-405a-96fe-67fc5042efe6', protocol='range'}
2024-11-02 22:33:59 [org.springframework.kafka.KafkaListenerEndpointContainer#0-1-C-1] INFO  o.a.k.c.c.i.ConsumerCoordinator - [Consumer clientId=consumer-group-1-4, groupId=group-1] Successfully joined group with generation Generation{generationId=168, memberId='consumer-group-1-4-70e481c8-dbfd-4884-8ffb-45dcca7e2fb0', protocol='range'}
2024-11-02 22:33:59 [org.springframework.kafka.KafkaListenerEndpointContainer#0-1-C-1] INFO  o.a.k.c.c.i.ConsumerCoordinator - [Consumer clientId=consumer-group-1-4, groupId=group-1] Finished assignment for group at generation 168: {consumer-group-1-3-9a89e2d2-fcac-4e56-9e5e-68e6065c507d=Assignment(partitions=[payment-topic-0]), consumer-group-1-6-fd3c9ce4-d396-424c-8937-7c7ce79c16d2=Assignment(partitions=[]), consumer-group-1-5-cd0d0211-a84f-405a-96fe-67fc5042efe6=Assignment(partitions=[investment-topic-0]), consumer-group-1-4-70e481c8-dbfd-4884-8ffb-45dcca7e2fb0=Assignment(partitions=[payment-topic-1])}
2024-11-02 22:33:59 [org.springframework.kafka.KafkaListenerEndpointContainer#0-0-C-1] INFO  o.a.k.c.c.i.ConsumerCoordinator - [Consumer clientId=consumer-group-1-3, groupId=group-1] Successfully synced group in generation Generation{generationId=168, memberId='consumer-group-1-3-9a89e2d2-fcac-4e56-9e5e-68e6065c507d', protocol='range'}
2024-11-02 22:33:59 [org.springframework.kafka.KafkaListenerEndpointContainer#0-0-C-1] INFO  o.a.k.c.c.i.ConsumerCoordinator - [Consumer clientId=consumer-group-1-3, groupId=group-1] Notifying assignor about the new Assignment(partitions=[payment-topic-0])
2024-11-02 22:33:59 [org.springframework.kafka.KafkaListenerEndpointContainer#0-0-C-1] INFO  o.a.k.c.c.i.ConsumerCoordinator - [Consumer clientId=consumer-group-1-3, groupId=group-1] Adding newly assigned partitions: payment-topic-0
2024-11-02 22:33:59 [org.springframework.kafka.KafkaListenerEndpointContainer#1-1-C-1] INFO  o.a.k.c.c.i.ConsumerCoordinator - [Consumer clientId=consumer-group-1-6, groupId=group-1] Successfully synced group in generation Generation{generationId=168, memberId='consumer-group-1-6-fd3c9ce4-d396-424c-8937-7c7ce79c16d2', protocol='range'}
2024-11-02 22:33:59 [org.springframework.kafka.KafkaListenerEndpointContainer#1-1-C-1] INFO  o.a.k.c.c.i.ConsumerCoordinator - [Consumer clientId=consumer-group-1-6, groupId=group-1] Notifying assignor about the new Assignment(partitions=[])
2024-11-02 22:33:59 [org.springframework.kafka.KafkaListenerEndpointContainer#1-1-C-1] INFO  o.a.k.c.c.i.ConsumerCoordinator - [Consumer clientId=consumer-group-1-6, groupId=group-1] Adding newly assigned partitions: 
2024-11-02 22:33:59 [org.springframework.kafka.KafkaListenerEndpointContainer#1-1-C-1] INFO  o.s.k.l.KafkaMessageListenerContainer - group-1: partitions assigned: []
2024-11-02 22:33:59 [org.springframework.kafka.KafkaListenerEndpointContainer#0-1-C-1] INFO  o.a.k.c.c.i.ConsumerCoordinator - [Consumer clientId=consumer-group-1-4, groupId=group-1] Successfully synced group in generation Generation{generationId=168, memberId='consumer-group-1-4-70e481c8-dbfd-4884-8ffb-45dcca7e2fb0', protocol='range'}
2024-11-02 22:33:59 [org.springframework.kafka.KafkaListenerEndpointContainer#1-0-C-1] INFO  o.a.k.c.c.i.ConsumerCoordinator - [Consumer clientId=consumer-group-1-5, groupId=group-1] Successfully synced group in generation Generation{generationId=168, memberId='consumer-group-1-5-cd0d0211-a84f-405a-96fe-67fc5042efe6', protocol='range'}
2024-11-02 22:33:59 [org.springframework.kafka.KafkaListenerEndpointContainer#1-0-C-1] INFO  o.a.k.c.c.i.ConsumerCoordinator - [Consumer clientId=consumer-group-1-5, groupId=group-1] Notifying assignor about the new Assignment(partitions=[investment-topic-0])
2024-11-02 22:33:59 [org.springframework.kafka.KafkaListenerEndpointContainer#1-0-C-1] INFO  o.a.k.c.c.i.ConsumerCoordinator - [Consumer clientId=consumer-group-1-5, groupId=group-1] Adding newly assigned partitions: investment-topic-0
2024-11-02 22:33:59 [org.springframework.kafka.KafkaListenerEndpointContainer#0-1-C-1] INFO  o.a.k.c.c.i.ConsumerCoordinator - [Consumer clientId=consumer-group-1-4, groupId=group-1] Notifying assignor about the new Assignment(partitions=[payment-topic-1])
2024-11-02 22:33:59 [org.springframework.kafka.KafkaListenerEndpointContainer#0-1-C-1] INFO  o.a.k.c.c.i.ConsumerCoordinator - [Consumer clientId=consumer-group-1-4, groupId=group-1] Adding newly assigned partitions: payment-topic-1
2024-11-02 22:33:59 [org.springframework.kafka.KafkaListenerEndpointContainer#0-0-C-1] INFO  o.a.k.c.c.i.ConsumerCoordinator - [Consumer clientId=consumer-group-1-3, groupId=group-1] Setting offset for partition payment-topic-0 to the committed offset FetchPosition{offset=11, offsetEpoch=Optional.empty, currentLeader=LeaderAndEpoch{leader=Optional[localhost:9092 (id: 1 rack: null)], epoch=4}}
2024-11-02 22:33:59 [org.springframework.kafka.KafkaListenerEndpointContainer#0-0-C-1] INFO  o.s.k.l.KafkaMessageListenerContainer - group-1: partitions assigned: [payment-topic-0]
2024-11-02 22:33:59 [org.springframework.kafka.KafkaListenerEndpointContainer#0-1-C-1] INFO  o.a.k.c.c.i.ConsumerCoordinator - [Consumer clientId=consumer-group-1-4, groupId=group-1] Setting offset for partition payment-topic-1 to the committed offset FetchPosition{offset=0, offsetEpoch=Optional.empty, currentLeader=LeaderAndEpoch{leader=Optional[localhost:9092 (id: 1 rack: null)], epoch=4}}
2024-11-02 22:33:59 [org.springframework.kafka.KafkaListenerEndpointContainer#0-1-C-1] INFO  o.s.k.l.KafkaMessageListenerContainer - group-1: partitions assigned: [payment-topic-1]
2024-11-02 22:33:59 [org.springframework.kafka.KafkaListenerEndpointContainer#1-0-C-1] INFO  o.a.k.c.c.i.ConsumerCoordinator - [Consumer clientId=consumer-group-1-5, groupId=group-1] Setting offset for partition investment-topic-0 to the committed offset FetchPosition{offset=4, offsetEpoch=Optional.empty, currentLeader=LeaderAndEpoch{leader=Optional[localhost:9092 (id: 1 rack: null)], epoch=4}}
2024-11-02 22:33:59 [org.springframework.kafka.KafkaListenerEndpointContainer#1-0-C-1] INFO  o.s.k.l.KafkaMessageListenerContainer - group-1: partitions assigned: [investment-topic-0]
2024-11-02 22:34:10 [http-nio-8080-exec-1] INFO  o.a.c.c.C.[Tomcat].[localhost].[/] - Initializing Spring DispatcherServlet 'dispatcherServlet'
2024-11-02 22:34:10 [http-nio-8080-exec-1] INFO  o.s.web.servlet.DispatcherServlet - Initializing Servlet 'dispatcherServlet'
2024-11-02 22:34:10 [http-nio-8080-exec-1] INFO  o.s.web.servlet.DispatcherServlet - Completed initialization in 2 ms
2024-11-02 22:34:49 [http-nio-8080-exec-3] WARN  o.s.c.LocalVariableTableParameterNameDiscoverer - Using deprecated '-debug' fallback for parameter name resolution. Compile the affected code with '-parameters' instead or avoid its introspection: org.example.Entity.controller.InvestmentController
2024-11-02 22:34:50 [http-nio-8080-exec-3] WARN  o.s.c.LocalVariableTableParameterNameDiscoverer - Using deprecated '-debug' fallback for parameter name resolution. Compile the affected code with '-parameters' instead or avoid its introspection: org.example.controller.CardController
2024-11-02 22:34:50 [http-nio-8080-exec-3] WARN  o.s.c.LocalVariableTableParameterNameDiscoverer - Using deprecated '-debug' fallback for parameter name resolution. Compile the affected code with '-parameters' instead or avoid its introspection: org.example.controller.AuthController
2024-11-02 22:34:50 [http-nio-8080-exec-3] WARN  o.s.c.LocalVariableTableParameterNameDiscoverer - Using deprecated '-debug' fallback for parameter name resolution. Compile the affected code with '-parameters' instead or avoid its introspection: org.example.controller.OrderController
2024-11-02 22:34:50 [http-nio-8080-exec-3] WARN  o.s.c.LocalVariableTableParameterNameDiscoverer - Using deprecated '-debug' fallback for parameter name resolution. Compile the affected code with '-parameters' instead or avoid its introspection: org.example.controller.InvestorController
2024-11-02 22:34:50 [http-nio-8080-exec-3] WARN  o.s.c.LocalVariableTableParameterNameDiscoverer - Using deprecated '-debug' fallback for parameter name resolution. Compile the affected code with '-parameters' instead or avoid its introspection: org.example.controller.BusinessController
2024-11-02 22:34:51 [http-nio-8080-exec-3] INFO  o.s.api.AbstractOpenApiResource - Init duration for springdoc-openapi is: 1460 ms
2024-11-02 22:35:34 [http-nio-8080-exec-8] WARN  o.s.c.LocalVariableTableParameterNameDiscoverer - Using deprecated '-debug' fallback for parameter name resolution. Compile the affected code with '-parameters' instead or avoid its introspection: org.example.Entity.controller.InvestmentController
2024-11-02 22:35:34 [http-nio-8080-exec-8] INFO  o.e.Entity.service.InvestmentService - Setting investment ID 1 as paid.
2024-11-02 22:35:34 [http-nio-8080-exec-8] WARN  o.e.Entity.service.InvestmentService - Investment with ID 1 not found.
2024-11-02 22:35:34 [http-nio-8080-exec-8] WARN  o.s.w.s.m.m.a.ExceptionHandlerExceptionResolver - Failure in @ExceptionHandler org.example.GlobalExceptionHandler#handleResourceNotFoundException(ResourceNotFoundException, WebRequest)
org.springframework.web.HttpMediaTypeNotAcceptableException: No acceptable representation
	at org.springframework.web.servlet.mvc.method.annotation.AbstractMessageConverterMethodProcessor.writeWithMessageConverters(AbstractMessageConverterMethodProcessor.java:322)
	at org.springframework.web.servlet.mvc.method.annotation.HttpEntityMethodProcessor.handleReturnValue(HttpEntityMethodProcessor.java:245)
	at org.springframework.web.method.support.HandlerMethodReturnValueHandlerComposite.handleReturnValue(HandlerMethodReturnValueHandlerComposite.java:78)
	at org.springframework.web.servlet.mvc.method.annotation.ServletInvocableHandlerMethod.invokeAndHandle(ServletInvocableHandlerMethod.java:136)
	at org.springframework.web.servlet.mvc.method.annotation.ExceptionHandlerExceptionResolver.doResolveHandlerMethodException(ExceptionHandlerExceptionResolver.java:413)
	at org.springframework.web.servlet.handler.AbstractHandlerMethodExceptionResolver.doResolveException(AbstractHandlerMethodExceptionResolver.java:74)
	at org.springframework.web.servlet.handler.AbstractHandlerExceptionResolver.resolveException(AbstractHandlerExceptionResolver.java:141)
	at org.springframework.web.servlet.handler.HandlerExceptionResolverComposite.resolveException(HandlerExceptionResolverComposite.java:80)
	at org.springframework.web.servlet.DispatcherServlet.processHandlerException(DispatcherServlet.java:1341)
	at org.springframework.web.servlet.DispatcherServlet.processDispatchResult(DispatcherServlet.java:1152)
	at org.springframework.web.servlet.DispatcherServlet.doDispatch(DispatcherServlet.java:1098)
	at org.springframework.web.servlet.DispatcherServlet.doService(DispatcherServlet.java:974)
	at org.springframework.web.servlet.FrameworkServlet.processRequest(FrameworkServlet.java:1011)
	at org.springframework.web.servlet.FrameworkServlet.doPut(FrameworkServlet.java:925)
	at jakarta.servlet.http.HttpServlet.service(HttpServlet.java:593)
	at org.springframework.web.servlet.FrameworkServlet.service(FrameworkServlet.java:885)
	at jakarta.servlet.http.HttpServlet.service(HttpServlet.java:658)
	at org.apache.catalina.core.ApplicationFilterChain.internalDoFilter(ApplicationFilterChain.java:205)
	at org.apache.catalina.core.ApplicationFilterChain.doFilter(ApplicationFilterChain.java:149)
	at org.apache.tomcat.websocket.server.WsFilter.doFilter(WsFilter.java:51)
	at org.apache.catalina.core.ApplicationFilterChain.internalDoFilter(ApplicationFilterChain.java:174)
	at org.apache.catalina.core.ApplicationFilterChain.doFilter(ApplicationFilterChain.java:149)
	at org.example.config.jwt.JwtFilter.doFilterInternal(JwtFilter.java:54)
	at org.springframework.web.filter.OncePerRequestFilter.doFilter(OncePerRequestFilter.java:116)
	at org.apache.catalina.core.ApplicationFilterChain.internalDoFilter(ApplicationFilterChain.java:174)
	at org.apache.catalina.core.ApplicationFilterChain.doFilter(ApplicationFilterChain.java:149)
	at org.springframework.security.web.FilterChainProxy.lambda$doFilterInternal$3(FilterChainProxy.java:231)
	at org.springframework.security.web.FilterChainProxy$VirtualFilterChain.doFilter(FilterChainProxy.java:365)
	at org.springframework.security.web.access.intercept.FilterSecurityInterceptor.invoke(FilterSecurityInterceptor.java:117)
	at org.springframework.security.web.access.intercept.FilterSecurityInterceptor.doFilter(FilterSecurityInterceptor.java:83)
	at org.springframework.security.web.FilterChainProxy$VirtualFilterChain.doFilter(FilterChainProxy.java:374)
	at org.springframework.security.web.access.ExceptionTranslationFilter.doFilter(ExceptionTranslationFilter.java:126)
	at org.springframework.security.web.access.ExceptionTranslationFilter.doFilter(ExceptionTranslationFilter.java:120)
	at org.springframework.security.web.FilterChainProxy$VirtualFilterChain.doFilter(FilterChainProxy.java:374)
	at org.springframework.security.web.authentication.AnonymousAuthenticationFilter.doFilter(AnonymousAuthenticationFilter.java:100)
	at org.springframework.security.web.FilterChainProxy$VirtualFilterChain.doFilter(FilterChainProxy.java:374)
	at org.springframework.security.web.servletapi.SecurityContextHolderAwareRequestFilter.doFilter(SecurityContextHolderAwareRequestFilter.java:179)
	at org.springframework.security.web.FilterChainProxy$VirtualFilterChain.doFilter(FilterChainProxy.java:374)
	at org.springframework.security.web.savedrequest.RequestCacheAwareFilter.doFilter(RequestCacheAwareFilter.java:63)
	at org.springframework.security.web.FilterChainProxy$VirtualFilterChain.doFilter(FilterChainProxy.java:374)
	at org.springframework.security.web.authentication.logout.LogoutFilter.doFilter(LogoutFilter.java:107)
	at org.springframework.security.web.authentication.logout.LogoutFilter.doFilter(LogoutFilter.java:93)
	at org.springframework.security.web.FilterChainProxy$VirtualFilterChain.doFilter(FilterChainProxy.java:374)
	at org.springframework.security.web.header.HeaderWriterFilter.doHeadersAfter(HeaderWriterFilter.java:90)
	at org.springframework.security.web.header.HeaderWriterFilter.doFilterInternal(HeaderWriterFilter.java:75)
	at org.springframework.web.filter.OncePerRequestFilter.doFilter(OncePerRequestFilter.java:116)
	at org.springframework.security.web.FilterChainProxy$VirtualFilterChain.doFilter(FilterChainProxy.java:374)
	at org.springframework.security.web.context.SecurityContextHolderFilter.doFilter(SecurityContextHolderFilter.java:82)
	at org.springframework.security.web.context.SecurityContextHolderFilter.doFilter(SecurityContextHolderFilter.java:69)
	at org.springframework.security.web.FilterChainProxy$VirtualFilterChain.doFilter(FilterChainProxy.java:374)
	at org.springframework.security.web.context.request.async.WebAsyncManagerIntegrationFilter.doFilterInternal(WebAsyncManagerIntegrationFilter.java:62)
	at org.springframework.web.filter.OncePerRequestFilter.doFilter(OncePerRequestFilter.java:116)
	at org.springframework.security.web.FilterChainProxy$VirtualFilterChain.doFilter(FilterChainProxy.java:374)
	at org.springframework.security.web.session.DisableEncodeUrlFilter.doFilterInternal(DisableEncodeUrlFilter.java:42)
	at org.springframework.web.filter.OncePerRequestFilter.doFilter(OncePerRequestFilter.java:116)
	at org.springframework.security.web.FilterChainProxy$VirtualFilterChain.doFilter(FilterChainProxy.java:374)
	at org.springframework.security.web.FilterChainProxy.doFilterInternal(FilterChainProxy.java:233)
	at org.springframework.security.web.FilterChainProxy.doFilter(FilterChainProxy.java:191)
	at org.springframework.web.filter.DelegatingFilterProxy.invokeDelegate(DelegatingFilterProxy.java:352)
	at org.springframework.web.filter.DelegatingFilterProxy.doFilter(DelegatingFilterProxy.java:268)
	at org.apache.catalina.core.ApplicationFilterChain.internalDoFilter(ApplicationFilterChain.java:174)
	at org.apache.catalina.core.ApplicationFilterChain.doFilter(ApplicationFilterChain.java:149)
	at org.springframework.web.filter.RequestContextFilter.doFilterInternal(RequestContextFilter.java:100)
	at org.springframework.web.filter.OncePerRequestFilter.doFilter(OncePerRequestFilter.java:116)
	at org.apache.catalina.core.ApplicationFilterChain.internalDoFilter(ApplicationFilterChain.java:174)
	at org.apache.catalina.core.ApplicationFilterChain.doFilter(ApplicationFilterChain.java:149)
	at org.springframework.web.filter.FormContentFilter.doFilterInternal(FormContentFilter.java:93)
	at org.springframework.web.filter.OncePerRequestFilter.doFilter(OncePerRequestFilter.java:116)
	at org.apache.catalina.core.ApplicationFilterChain.internalDoFilter(ApplicationFilterChain.java:174)
	at org.apache.catalina.core.ApplicationFilterChain.doFilter(ApplicationFilterChain.java:149)
	at org.springframework.web.filter.CharacterEncodingFilter.doFilterInternal(CharacterEncodingFilter.java:201)
	at org.springframework.web.filter.OncePerRequestFilter.doFilter(OncePerRequestFilter.java:116)
	at org.apache.catalina.core.ApplicationFilterChain.internalDoFilter(ApplicationFilterChain.java:174)
	at org.apache.catalina.core.ApplicationFilterChain.doFilter(ApplicationFilterChain.java:149)
	at org.apache.catalina.core.StandardWrapperValve.invoke(StandardWrapperValve.java:167)
	at org.apache.catalina.core.StandardContextValve.invoke(StandardContextValve.java:90)
	at org.apache.catalina.authenticator.AuthenticatorBase.invoke(AuthenticatorBase.java:482)
	at org.apache.catalina.core.StandardHostValve.invoke(StandardHostValve.java:115)
	at org.apache.catalina.valves.ErrorReportValve.invoke(ErrorReportValve.java:93)
	at org.apache.catalina.core.StandardEngineValve.invoke(StandardEngineValve.java:74)
	at org.apache.catalina.connector.CoyoteAdapter.service(CoyoteAdapter.java:340)
	at org.apache.coyote.http11.Http11Processor.service(Http11Processor.java:391)
	at org.apache.coyote.AbstractProcessorLight.process(AbstractProcessorLight.java:63)
	at org.apache.coyote.AbstractProtocol$ConnectionHandler.process(AbstractProtocol.java:896)
	at org.apache.tomcat.util.net.NioEndpoint$SocketProcessor.doRun(NioEndpoint.java:1744)
	at org.apache.tomcat.util.net.SocketProcessorBase.run(SocketProcessorBase.java:52)
	at org.apache.tomcat.util.threads.ThreadPoolExecutor.runWorker(ThreadPoolExecutor.java:1191)
	at org.apache.tomcat.util.threads.ThreadPoolExecutor$Worker.run(ThreadPoolExecutor.java:659)
	at org.apache.tomcat.util.threads.TaskThread$WrappingRunnable.run(TaskThread.java:61)
	at java.base/java.lang.Thread.run(Thread.java:1589)
2024-11-02 22:35:34 [http-nio-8080-exec-8] ERROR o.a.c.c.C.[.[.[.[dispatcherServlet] - Servlet.service() for servlet [dispatcherServlet] in context with path [] threw exception [Request processing failed: org.example.Entity.model.exception.ResourceNotFoundException: Investment not found] with root cause
org.example.Entity.model.exception.ResourceNotFoundException: Investment not found
	at org.example.Entity.service.InvestmentService.lambda$setPaid$3(InvestmentService.java:102)
	at java.base/java.util.Optional.orElseThrow(Optional.java:403)
	at org.example.Entity.service.InvestmentService.setPaid(InvestmentService.java:100)
	at java.base/jdk.internal.reflect.DirectMethodHandleAccessor.invoke(DirectMethodHandleAccessor.java:104)
	at java.base/java.lang.reflect.Method.invoke(Method.java:578)
	at org.springframework.aop.support.AopUtils.invokeJoinpointUsingReflection(AopUtils.java:343)
	at org.springframework.aop.framework.CglibAopProxy$DynamicAdvisedInterceptor.intercept(CglibAopProxy.java:699)
	at org.example.Entity.service.InvestmentService$$SpringCGLIB$$0.setPaid(<generated>)
	at org.example.Entity.controller.InvestmentController.setInvestmentPaid(InvestmentController.java:39)
	at java.base/jdk.internal.reflect.DirectMethodHandleAccessor.invoke(DirectMethodHandleAccessor.java:104)
	at java.base/java.lang.reflect.Method.invoke(Method.java:578)
	at org.springframework.web.method.support.InvocableHandlerMethod.doInvoke(InvocableHandlerMethod.java:205)
	at org.springframework.web.method.support.InvocableHandlerMethod.invokeForRequest(InvocableHandlerMethod.java:150)
	at org.springframework.web.servlet.mvc.method.annotation.ServletInvocableHandlerMethod.invokeAndHandle(ServletInvocableHandlerMethod.java:118)
	at org.springframework.web.servlet.mvc.method.annotation.RequestMappingHandlerAdapter.invokeHandlerMethod(RequestMappingHandlerAdapter.java:884)
	at org.springframework.web.servlet.mvc.method.annotation.RequestMappingHandlerAdapter.handleInternal(RequestMappingHandlerAdapter.java:797)
	at org.springframework.web.servlet.mvc.method.AbstractHandlerMethodAdapter.handle(AbstractHandlerMethodAdapter.java:87)
	at org.springframework.web.servlet.DispatcherServlet.doDispatch(DispatcherServlet.java:1081)
	at org.springframework.web.servlet.DispatcherServlet.doService(DispatcherServlet.java:974)
	at org.springframework.web.servlet.FrameworkServlet.processRequest(FrameworkServlet.java:1011)
	at org.springframework.web.servlet.FrameworkServlet.doPut(FrameworkServlet.java:925)
	at jakarta.servlet.http.HttpServlet.service(HttpServlet.java:593)
	at org.springframework.web.servlet.FrameworkServlet.service(FrameworkServlet.java:885)
	at jakarta.servlet.http.HttpServlet.service(HttpServlet.java:658)
	at org.apache.catalina.core.ApplicationFilterChain.internalDoFilter(ApplicationFilterChain.java:205)
	at org.apache.catalina.core.ApplicationFilterChain.doFilter(ApplicationFilterChain.java:149)
	at org.apache.tomcat.websocket.server.WsFilter.doFilter(WsFilter.java:51)
	at org.apache.catalina.core.ApplicationFilterChain.internalDoFilter(ApplicationFilterChain.java:174)
	at org.apache.catalina.core.ApplicationFilterChain.doFilter(ApplicationFilterChain.java:149)
	at org.example.config.jwt.JwtFilter.doFilterInternal(JwtFilter.java:54)
	at org.springframework.web.filter.OncePerRequestFilter.doFilter(OncePerRequestFilter.java:116)
	at org.apache.catalina.core.ApplicationFilterChain.internalDoFilter(ApplicationFilterChain.java:174)
	at org.apache.catalina.core.ApplicationFilterChain.doFilter(ApplicationFilterChain.java:149)
	at org.springframework.security.web.FilterChainProxy.lambda$doFilterInternal$3(FilterChainProxy.java:231)
	at org.springframework.security.web.FilterChainProxy$VirtualFilterChain.doFilter(FilterChainProxy.java:365)
	at org.springframework.security.web.access.intercept.FilterSecurityInterceptor.invoke(FilterSecurityInterceptor.java:117)
	at org.springframework.security.web.access.intercept.FilterSecurityInterceptor.doFilter(FilterSecurityInterceptor.java:83)
	at org.springframework.security.web.FilterChainProxy$VirtualFilterChain.doFilter(FilterChainProxy.java:374)
	at org.springframework.security.web.access.ExceptionTranslationFilter.doFilter(ExceptionTranslationFilter.java:126)
	at org.springframework.security.web.access.ExceptionTranslationFilter.doFilter(ExceptionTranslationFilter.java:120)
	at org.springframework.security.web.FilterChainProxy$VirtualFilterChain.doFilter(FilterChainProxy.java:374)
	at org.springframework.security.web.authentication.AnonymousAuthenticationFilter.doFilter(AnonymousAuthenticationFilter.java:100)
	at org.springframework.security.web.FilterChainProxy$VirtualFilterChain.doFilter(FilterChainProxy.java:374)
	at org.springframework.security.web.servletapi.SecurityContextHolderAwareRequestFilter.doFilter(SecurityContextHolderAwareRequestFilter.java:179)
	at org.springframework.security.web.FilterChainProxy$VirtualFilterChain.doFilter(FilterChainProxy.java:374)
	at org.springframework.security.web.savedrequest.RequestCacheAwareFilter.doFilter(RequestCacheAwareFilter.java:63)
	at org.springframework.security.web.FilterChainProxy$VirtualFilterChain.doFilter(FilterChainProxy.java:374)
	at org.springframework.security.web.authentication.logout.LogoutFilter.doFilter(LogoutFilter.java:107)
	at org.springframework.security.web.authentication.logout.LogoutFilter.doFilter(LogoutFilter.java:93)
	at org.springframework.security.web.FilterChainProxy$VirtualFilterChain.doFilter(FilterChainProxy.java:374)
	at org.springframework.security.web.header.HeaderWriterFilter.doHeadersAfter(HeaderWriterFilter.java:90)
	at org.springframework.security.web.header.HeaderWriterFilter.doFilterInternal(HeaderWriterFilter.java:75)
	at org.springframework.web.filter.OncePerRequestFilter.doFilter(OncePerRequestFilter.java:116)
	at org.springframework.security.web.FilterChainProxy$VirtualFilterChain.doFilter(FilterChainProxy.java:374)
	at org.springframework.security.web.context.SecurityContextHolderFilter.doFilter(SecurityContextHolderFilter.java:82)
	at org.springframework.security.web.context.SecurityContextHolderFilter.doFilter(SecurityContextHolderFilter.java:69)
	at org.springframework.security.web.FilterChainProxy$VirtualFilterChain.doFilter(FilterChainProxy.java:374)
	at org.springframework.security.web.context.request.async.WebAsyncManagerIntegrationFilter.doFilterInternal(WebAsyncManagerIntegrationFilter.java:62)
	at org.springframework.web.filter.OncePerRequestFilter.doFilter(OncePerRequestFilter.java:116)
	at org.springframework.security.web.FilterChainProxy$VirtualFilterChain.doFilter(FilterChainProxy.java:374)
	at org.springframework.security.web.session.DisableEncodeUrlFilter.doFilterInternal(DisableEncodeUrlFilter.java:42)
	at org.springframework.web.filter.OncePerRequestFilter.doFilter(OncePerRequestFilter.java:116)
	at org.springframework.security.web.FilterChainProxy$VirtualFilterChain.doFilter(FilterChainProxy.java:374)
	at org.springframework.security.web.FilterChainProxy.doFilterInternal(FilterChainProxy.java:233)
	at org.springframework.security.web.FilterChainProxy.doFilter(FilterChainProxy.java:191)
	at org.springframework.web.filter.DelegatingFilterProxy.invokeDelegate(DelegatingFilterProxy.java:352)
	at org.springframework.web.filter.DelegatingFilterProxy.doFilter(DelegatingFilterProxy.java:268)
	at org.apache.catalina.core.ApplicationFilterChain.internalDoFilter(ApplicationFilterChain.java:174)
	at org.apache.catalina.core.ApplicationFilterChain.doFilter(ApplicationFilterChain.java:149)
	at org.springframework.web.filter.RequestContextFilter.doFilterInternal(RequestContextFilter.java:100)
	at org.springframework.web.filter.OncePerRequestFilter.doFilter(OncePerRequestFilter.java:116)
	at org.apache.catalina.core.ApplicationFilterChain.internalDoFilter(ApplicationFilterChain.java:174)
	at org.apache.catalina.core.ApplicationFilterChain.doFilter(ApplicationFilterChain.java:149)
	at org.springframework.web.filter.FormContentFilter.doFilterInternal(FormContentFilter.java:93)
	at org.springframework.web.filter.OncePerRequestFilter.doFilter(OncePerRequestFilter.java:116)
	at org.apache.catalina.core.ApplicationFilterChain.internalDoFilter(ApplicationFilterChain.java:174)
	at org.apache.catalina.core.ApplicationFilterChain.doFilter(ApplicationFilterChain.java:149)
	at org.springframework.web.filter.CharacterEncodingFilter.doFilterInternal(CharacterEncodingFilter.java:201)
	at org.springframework.web.filter.OncePerRequestFilter.doFilter(OncePerRequestFilter.java:116)
	at org.apache.catalina.core.ApplicationFilterChain.internalDoFilter(ApplicationFilterChain.java:174)
	at org.apache.catalina.core.ApplicationFilterChain.doFilter(ApplicationFilterChain.java:149)
	at org.apache.catalina.core.StandardWrapperValve.invoke(StandardWrapperValve.java:167)
	at org.apache.catalina.core.StandardContextValve.invoke(StandardContextValve.java:90)
	at org.apache.catalina.authenticator.AuthenticatorBase.invoke(AuthenticatorBase.java:482)
	at org.apache.catalina.core.StandardHostValve.invoke(StandardHostValve.java:115)
	at org.apache.catalina.valves.ErrorReportValve.invoke(ErrorReportValve.java:93)
	at org.apache.catalina.core.StandardEngineValve.invoke(StandardEngineValve.java:74)
	at org.apache.catalina.connector.CoyoteAdapter.service(CoyoteAdapter.java:340)
	at org.apache.coyote.http11.Http11Processor.service(Http11Processor.java:391)
	at org.apache.coyote.AbstractProcessorLight.process(AbstractProcessorLight.java:63)
	at org.apache.coyote.AbstractProtocol$ConnectionHandler.process(AbstractProtocol.java:896)
	at org.apache.tomcat.util.net.NioEndpoint$SocketProcessor.doRun(NioEndpoint.java:1744)
	at org.apache.tomcat.util.net.SocketProcessorBase.run(SocketProcessorBase.java:52)
	at org.apache.tomcat.util.threads.ThreadPoolExecutor.runWorker(ThreadPoolExecutor.java:1191)
	at org.apache.tomcat.util.threads.ThreadPoolExecutor$Worker.run(ThreadPoolExecutor.java:659)
	at org.apache.tomcat.util.threads.TaskThread$WrappingRunnable.run(TaskThread.java:61)
	at java.base/java.lang.Thread.run(Thread.java:1589)
2024-11-02 22:36:40 [http-nio-8080-exec-10] INFO  o.e.Entity.service.InvestmentService - Creating a new investment for investor ID: 0 and card ID: 1
2024-11-02 22:36:40 [http-nio-8080-exec-10] WARN  o.s.w.s.m.m.a.ExceptionHandlerExceptionResolver - Failure in @ExceptionHandler org.example.GlobalExceptionHandler#handleResourceNotFoundException(ResourceNotFoundException, WebRequest)
org.springframework.web.HttpMediaTypeNotAcceptableException: No acceptable representation
	at org.springframework.web.servlet.mvc.method.annotation.AbstractMessageConverterMethodProcessor.writeWithMessageConverters(AbstractMessageConverterMethodProcessor.java:322)
	at org.springframework.web.servlet.mvc.method.annotation.HttpEntityMethodProcessor.handleReturnValue(HttpEntityMethodProcessor.java:245)
	at org.springframework.web.method.support.HandlerMethodReturnValueHandlerComposite.handleReturnValue(HandlerMethodReturnValueHandlerComposite.java:78)
	at org.springframework.web.servlet.mvc.method.annotation.ServletInvocableHandlerMethod.invokeAndHandle(ServletInvocableHandlerMethod.java:136)
	at org.springframework.web.servlet.mvc.method.annotation.ExceptionHandlerExceptionResolver.doResolveHandlerMethodException(ExceptionHandlerExceptionResolver.java:413)
	at org.springframework.web.servlet.handler.AbstractHandlerMethodExceptionResolver.doResolveException(AbstractHandlerMethodExceptionResolver.java:74)
	at org.springframework.web.servlet.handler.AbstractHandlerExceptionResolver.resolveException(AbstractHandlerExceptionResolver.java:141)
	at org.springframework.web.servlet.handler.HandlerExceptionResolverComposite.resolveException(HandlerExceptionResolverComposite.java:80)
	at org.springframework.web.servlet.DispatcherServlet.processHandlerException(DispatcherServlet.java:1341)
	at org.springframework.web.servlet.DispatcherServlet.processDispatchResult(DispatcherServlet.java:1152)
	at org.springframework.web.servlet.DispatcherServlet.doDispatch(DispatcherServlet.java:1098)
	at org.springframework.web.servlet.DispatcherServlet.doService(DispatcherServlet.java:974)
	at org.springframework.web.servlet.FrameworkServlet.processRequest(FrameworkServlet.java:1011)
	at org.springframework.web.servlet.FrameworkServlet.doPost(FrameworkServlet.java:914)
	at jakarta.servlet.http.HttpServlet.service(HttpServlet.java:590)
	at org.springframework.web.servlet.FrameworkServlet.service(FrameworkServlet.java:885)
	at jakarta.servlet.http.HttpServlet.service(HttpServlet.java:658)
	at org.apache.catalina.core.ApplicationFilterChain.internalDoFilter(ApplicationFilterChain.java:205)
	at org.apache.catalina.core.ApplicationFilterChain.doFilter(ApplicationFilterChain.java:149)
	at org.apache.tomcat.websocket.server.WsFilter.doFilter(WsFilter.java:51)
	at org.apache.catalina.core.ApplicationFilterChain.internalDoFilter(ApplicationFilterChain.java:174)
	at org.apache.catalina.core.ApplicationFilterChain.doFilter(ApplicationFilterChain.java:149)
	at org.example.config.jwt.JwtFilter.doFilterInternal(JwtFilter.java:54)
	at org.springframework.web.filter.OncePerRequestFilter.doFilter(OncePerRequestFilter.java:116)
	at org.apache.catalina.core.ApplicationFilterChain.internalDoFilter(ApplicationFilterChain.java:174)
	at org.apache.catalina.core.ApplicationFilterChain.doFilter(ApplicationFilterChain.java:149)
	at org.springframework.security.web.FilterChainProxy.lambda$doFilterInternal$3(FilterChainProxy.java:231)
	at org.springframework.security.web.FilterChainProxy$VirtualFilterChain.doFilter(FilterChainProxy.java:365)
	at org.springframework.security.web.access.intercept.FilterSecurityInterceptor.invoke(FilterSecurityInterceptor.java:117)
	at org.springframework.security.web.access.intercept.FilterSecurityInterceptor.doFilter(FilterSecurityInterceptor.java:83)
	at org.springframework.security.web.FilterChainProxy$VirtualFilterChain.doFilter(FilterChainProxy.java:374)
	at org.springframework.security.web.access.ExceptionTranslationFilter.doFilter(ExceptionTranslationFilter.java:126)
	at org.springframework.security.web.access.ExceptionTranslationFilter.doFilter(ExceptionTranslationFilter.java:120)
	at org.springframework.security.web.FilterChainProxy$VirtualFilterChain.doFilter(FilterChainProxy.java:374)
	at org.springframework.security.web.authentication.AnonymousAuthenticationFilter.doFilter(AnonymousAuthenticationFilter.java:100)
	at org.springframework.security.web.FilterChainProxy$VirtualFilterChain.doFilter(FilterChainProxy.java:374)
	at org.springframework.security.web.servletapi.SecurityContextHolderAwareRequestFilter.doFilter(SecurityContextHolderAwareRequestFilter.java:179)
	at org.springframework.security.web.FilterChainProxy$VirtualFilterChain.doFilter(FilterChainProxy.java:374)
	at org.springframework.security.web.savedrequest.RequestCacheAwareFilter.doFilter(RequestCacheAwareFilter.java:63)
	at org.springframework.security.web.FilterChainProxy$VirtualFilterChain.doFilter(FilterChainProxy.java:374)
	at org.springframework.security.web.authentication.logout.LogoutFilter.doFilter(LogoutFilter.java:107)
	at org.springframework.security.web.authentication.logout.LogoutFilter.doFilter(LogoutFilter.java:93)
	at org.springframework.security.web.FilterChainProxy$VirtualFilterChain.doFilter(FilterChainProxy.java:374)
	at org.springframework.security.web.header.HeaderWriterFilter.doHeadersAfter(HeaderWriterFilter.java:90)
	at org.springframework.security.web.header.HeaderWriterFilter.doFilterInternal(HeaderWriterFilter.java:75)
	at org.springframework.web.filter.OncePerRequestFilter.doFilter(OncePerRequestFilter.java:116)
	at org.springframework.security.web.FilterChainProxy$VirtualFilterChain.doFilter(FilterChainProxy.java:374)
	at org.springframework.security.web.context.SecurityContextHolderFilter.doFilter(SecurityContextHolderFilter.java:82)
	at org.springframework.security.web.context.SecurityContextHolderFilter.doFilter(SecurityContextHolderFilter.java:69)
	at org.springframework.security.web.FilterChainProxy$VirtualFilterChain.doFilter(FilterChainProxy.java:374)
	at org.springframework.security.web.context.request.async.WebAsyncManagerIntegrationFilter.doFilterInternal(WebAsyncManagerIntegrationFilter.java:62)
	at org.springframework.web.filter.OncePerRequestFilter.doFilter(OncePerRequestFilter.java:116)
	at org.springframework.security.web.FilterChainProxy$VirtualFilterChain.doFilter(FilterChainProxy.java:374)
	at org.springframework.security.web.session.DisableEncodeUrlFilter.doFilterInternal(DisableEncodeUrlFilter.java:42)
	at org.springframework.web.filter.OncePerRequestFilter.doFilter(OncePerRequestFilter.java:116)
	at org.springframework.security.web.FilterChainProxy$VirtualFilterChain.doFilter(FilterChainProxy.java:374)
	at org.springframework.security.web.FilterChainProxy.doFilterInternal(FilterChainProxy.java:233)
	at org.springframework.security.web.FilterChainProxy.doFilter(FilterChainProxy.java:191)
	at org.springframework.web.filter.DelegatingFilterProxy.invokeDelegate(DelegatingFilterProxy.java:352)
	at org.springframework.web.filter.DelegatingFilterProxy.doFilter(DelegatingFilterProxy.java:268)
	at org.apache.catalina.core.ApplicationFilterChain.internalDoFilter(ApplicationFilterChain.java:174)
	at org.apache.catalina.core.ApplicationFilterChain.doFilter(ApplicationFilterChain.java:149)
	at org.springframework.web.filter.RequestContextFilter.doFilterInternal(RequestContextFilter.java:100)
	at org.springframework.web.filter.OncePerRequestFilter.doFilter(OncePerRequestFilter.java:116)
	at org.apache.catalina.core.ApplicationFilterChain.internalDoFilter(ApplicationFilterChain.java:174)
	at org.apache.catalina.core.ApplicationFilterChain.doFilter(ApplicationFilterChain.java:149)
	at org.springframework.web.filter.FormContentFilter.doFilterInternal(FormContentFilter.java:93)
	at org.springframework.web.filter.OncePerRequestFilter.doFilter(OncePerRequestFilter.java:116)
	at org.apache.catalina.core.ApplicationFilterChain.internalDoFilter(ApplicationFilterChain.java:174)
	at org.apache.catalina.core.ApplicationFilterChain.doFilter(ApplicationFilterChain.java:149)
	at org.springframework.web.filter.CharacterEncodingFilter.doFilterInternal(CharacterEncodingFilter.java:201)
	at org.springframework.web.filter.OncePerRequestFilter.doFilter(OncePerRequestFilter.java:116)
	at org.apache.catalina.core.ApplicationFilterChain.internalDoFilter(ApplicationFilterChain.java:174)
	at org.apache.catalina.core.ApplicationFilterChain.doFilter(ApplicationFilterChain.java:149)
	at org.apache.catalina.core.StandardWrapperValve.invoke(StandardWrapperValve.java:167)
	at org.apache.catalina.core.StandardContextValve.invoke(StandardContextValve.java:90)
	at org.apache.catalina.authenticator.AuthenticatorBase.invoke(AuthenticatorBase.java:482)
	at org.apache.catalina.core.StandardHostValve.invoke(StandardHostValve.java:115)
	at org.apache.catalina.valves.ErrorReportValve.invoke(ErrorReportValve.java:93)
	at org.apache.catalina.core.StandardEngineValve.invoke(StandardEngineValve.java:74)
	at org.apache.catalina.connector.CoyoteAdapter.service(CoyoteAdapter.java:340)
	at org.apache.coyote.http11.Http11Processor.service(Http11Processor.java:391)
	at org.apache.coyote.AbstractProcessorLight.process(AbstractProcessorLight.java:63)
	at org.apache.coyote.AbstractProtocol$ConnectionHandler.process(AbstractProtocol.java:896)
	at org.apache.tomcat.util.net.NioEndpoint$SocketProcessor.doRun(NioEndpoint.java:1744)
	at org.apache.tomcat.util.net.SocketProcessorBase.run(SocketProcessorBase.java:52)
	at org.apache.tomcat.util.threads.ThreadPoolExecutor.runWorker(ThreadPoolExecutor.java:1191)
	at org.apache.tomcat.util.threads.ThreadPoolExecutor$Worker.run(ThreadPoolExecutor.java:659)
	at org.apache.tomcat.util.threads.TaskThread$WrappingRunnable.run(TaskThread.java:61)
	at java.base/java.lang.Thread.run(Thread.java:1589)
2024-11-02 22:36:40 [http-nio-8080-exec-10] ERROR o.a.c.c.C.[.[.[.[dispatcherServlet] - Servlet.service() for servlet [dispatcherServlet] in context with path [] threw exception [Request processing failed: org.example.Entity.model.exception.ResourceNotFoundException: Investor with id 0 not found] with root cause
org.example.Entity.model.exception.ResourceNotFoundException: Investor with id 0 not found
	at org.example.Entity.service.InvestorService.lambda$findById$0(InvestorService.java:21)
	at java.base/java.util.Optional.orElseThrow(Optional.java:403)
	at org.example.Entity.service.InvestorService.findById(InvestorService.java:21)
	at java.base/jdk.internal.reflect.DirectMethodHandleAccessor.invoke(DirectMethodHandleAccessor.java:104)
	at java.base/java.lang.reflect.Method.invoke(Method.java:578)
	at org.springframework.aop.support.AopUtils.invokeJoinpointUsingReflection(AopUtils.java:343)
	at org.springframework.aop.framework.CglibAopProxy$DynamicAdvisedInterceptor.intercept(CglibAopProxy.java:699)
	at org.example.Entity.service.InvestorService$$SpringCGLIB$$0.findById(<generated>)
	at org.example.Entity.service.InvestmentService.create(InvestmentService.java:59)
	at java.base/jdk.internal.reflect.DirectMethodHandleAccessor.invoke(DirectMethodHandleAccessor.java:104)
	at java.base/java.lang.reflect.Method.invoke(Method.java:578)
	at org.springframework.aop.support.AopUtils.invokeJoinpointUsingReflection(AopUtils.java:343)
	at org.springframework.aop.framework.ReflectiveMethodInvocation.invokeJoinpoint(ReflectiveMethodInvocation.java:196)
	at org.springframework.aop.framework.ReflectiveMethodInvocation.proceed(ReflectiveMethodInvocation.java:163)
	at org.springframework.aop.framework.CglibAopProxy$CglibMethodInvocation.proceed(CglibAopProxy.java:751)
	at org.springframework.transaction.interceptor.TransactionInterceptor$1.proceedWithInvocation(TransactionInterceptor.java:123)
	at org.springframework.transaction.interceptor.TransactionAspectSupport.invokeWithinTransaction(TransactionAspectSupport.java:391)
	at org.springframework.transaction.interceptor.TransactionInterceptor.invoke(TransactionInterceptor.java:119)
	at org.springframework.aop.framework.ReflectiveMethodInvocation.proceed(ReflectiveMethodInvocation.java:184)
	at org.springframework.aop.framework.CglibAopProxy$CglibMethodInvocation.proceed(CglibAopProxy.java:751)
	at org.springframework.aop.framework.CglibAopProxy$DynamicAdvisedInterceptor.intercept(CglibAopProxy.java:703)
	at org.example.Entity.service.InvestmentService$$SpringCGLIB$$0.create(<generated>)
	at org.example.Entity.controller.InvestmentController.createInvestment(InvestmentController.java:33)
	at java.base/jdk.internal.reflect.DirectMethodHandleAccessor.invoke(DirectMethodHandleAccessor.java:104)
	at java.base/java.lang.reflect.Method.invoke(Method.java:578)
	at org.springframework.web.method.support.InvocableHandlerMethod.doInvoke(InvocableHandlerMethod.java:205)
	at org.springframework.web.method.support.InvocableHandlerMethod.invokeForRequest(InvocableHandlerMethod.java:150)
	at org.springframework.web.servlet.mvc.method.annotation.ServletInvocableHandlerMethod.invokeAndHandle(ServletInvocableHandlerMethod.java:118)
	at org.springframework.web.servlet.mvc.method.annotation.RequestMappingHandlerAdapter.invokeHandlerMethod(RequestMappingHandlerAdapter.java:884)
	at org.springframework.web.servlet.mvc.method.annotation.RequestMappingHandlerAdapter.handleInternal(RequestMappingHandlerAdapter.java:797)
	at org.springframework.web.servlet.mvc.method.AbstractHandlerMethodAdapter.handle(AbstractHandlerMethodAdapter.java:87)
	at org.springframework.web.servlet.DispatcherServlet.doDispatch(DispatcherServlet.java:1081)
	at org.springframework.web.servlet.DispatcherServlet.doService(DispatcherServlet.java:974)
	at org.springframework.web.servlet.FrameworkServlet.processRequest(FrameworkServlet.java:1011)
	at org.springframework.web.servlet.FrameworkServlet.doPost(FrameworkServlet.java:914)
	at jakarta.servlet.http.HttpServlet.service(HttpServlet.java:590)
	at org.springframework.web.servlet.FrameworkServlet.service(FrameworkServlet.java:885)
	at jakarta.servlet.http.HttpServlet.service(HttpServlet.java:658)
	at org.apache.catalina.core.ApplicationFilterChain.internalDoFilter(ApplicationFilterChain.java:205)
	at org.apache.catalina.core.ApplicationFilterChain.doFilter(ApplicationFilterChain.java:149)
	at org.apache.tomcat.websocket.server.WsFilter.doFilter(WsFilter.java:51)
	at org.apache.catalina.core.ApplicationFilterChain.internalDoFilter(ApplicationFilterChain.java:174)
	at org.apache.catalina.core.ApplicationFilterChain.doFilter(ApplicationFilterChain.java:149)
	at org.example.config.jwt.JwtFilter.doFilterInternal(JwtFilter.java:54)
	at org.springframework.web.filter.OncePerRequestFilter.doFilter(OncePerRequestFilter.java:116)
	at org.apache.catalina.core.ApplicationFilterChain.internalDoFilter(ApplicationFilterChain.java:174)
	at org.apache.catalina.core.ApplicationFilterChain.doFilter(ApplicationFilterChain.java:149)
	at org.springframework.security.web.FilterChainProxy.lambda$doFilterInternal$3(FilterChainProxy.java:231)
	at org.springframework.security.web.FilterChainProxy$VirtualFilterChain.doFilter(FilterChainProxy.java:365)
	at org.springframework.security.web.access.intercept.FilterSecurityInterceptor.invoke(FilterSecurityInterceptor.java:117)
	at org.springframework.security.web.access.intercept.FilterSecurityInterceptor.doFilter(FilterSecurityInterceptor.java:83)
	at org.springframework.security.web.FilterChainProxy$VirtualFilterChain.doFilter(FilterChainProxy.java:374)
	at org.springframework.security.web.access.ExceptionTranslationFilter.doFilter(ExceptionTranslationFilter.java:126)
	at org.springframework.security.web.access.ExceptionTranslationFilter.doFilter(ExceptionTranslationFilter.java:120)
	at org.springframework.security.web.FilterChainProxy$VirtualFilterChain.doFilter(FilterChainProxy.java:374)
	at org.springframework.security.web.authentication.AnonymousAuthenticationFilter.doFilter(AnonymousAuthenticationFilter.java:100)
	at org.springframework.security.web.FilterChainProxy$VirtualFilterChain.doFilter(FilterChainProxy.java:374)
	at org.springframework.security.web.servletapi.SecurityContextHolderAwareRequestFilter.doFilter(SecurityContextHolderAwareRequestFilter.java:179)
	at org.springframework.security.web.FilterChainProxy$VirtualFilterChain.doFilter(FilterChainProxy.java:374)
	at org.springframework.security.web.savedrequest.RequestCacheAwareFilter.doFilter(RequestCacheAwareFilter.java:63)
	at org.springframework.security.web.FilterChainProxy$VirtualFilterChain.doFilter(FilterChainProxy.java:374)
	at org.springframework.security.web.authentication.logout.LogoutFilter.doFilter(LogoutFilter.java:107)
	at org.springframework.security.web.authentication.logout.LogoutFilter.doFilter(LogoutFilter.java:93)
	at org.springframework.security.web.FilterChainProxy$VirtualFilterChain.doFilter(FilterChainProxy.java:374)
	at org.springframework.security.web.header.HeaderWriterFilter.doHeadersAfter(HeaderWriterFilter.java:90)
	at org.springframework.security.web.header.HeaderWriterFilter.doFilterInternal(HeaderWriterFilter.java:75)
	at org.springframework.web.filter.OncePerRequestFilter.doFilter(OncePerRequestFilter.java:116)
	at org.springframework.security.web.FilterChainProxy$VirtualFilterChain.doFilter(FilterChainProxy.java:374)
	at org.springframework.security.web.context.SecurityContextHolderFilter.doFilter(SecurityContextHolderFilter.java:82)
	at org.springframework.security.web.context.SecurityContextHolderFilter.doFilter(SecurityContextHolderFilter.java:69)
	at org.springframework.security.web.FilterChainProxy$VirtualFilterChain.doFilter(FilterChainProxy.java:374)
	at org.springframework.security.web.context.request.async.WebAsyncManagerIntegrationFilter.doFilterInternal(WebAsyncManagerIntegrationFilter.java:62)
	at org.springframework.web.filter.OncePerRequestFilter.doFilter(OncePerRequestFilter.java:116)
	at org.springframework.security.web.FilterChainProxy$VirtualFilterChain.doFilter(FilterChainProxy.java:374)
	at org.springframework.security.web.session.DisableEncodeUrlFilter.doFilterInternal(DisableEncodeUrlFilter.java:42)
	at org.springframework.web.filter.OncePerRequestFilter.doFilter(OncePerRequestFilter.java:116)
	at org.springframework.security.web.FilterChainProxy$VirtualFilterChain.doFilter(FilterChainProxy.java:374)
	at org.springframework.security.web.FilterChainProxy.doFilterInternal(FilterChainProxy.java:233)
	at org.springframework.security.web.FilterChainProxy.doFilter(FilterChainProxy.java:191)
	at org.springframework.web.filter.DelegatingFilterProxy.invokeDelegate(DelegatingFilterProxy.java:352)
	at org.springframework.web.filter.DelegatingFilterProxy.doFilter(DelegatingFilterProxy.java:268)
	at org.apache.catalina.core.ApplicationFilterChain.internalDoFilter(ApplicationFilterChain.java:174)
	at org.apache.catalina.core.ApplicationFilterChain.doFilter(ApplicationFilterChain.java:149)
	at org.springframework.web.filter.RequestContextFilter.doFilterInternal(RequestContextFilter.java:100)
	at org.springframework.web.filter.OncePerRequestFilter.doFilter(OncePerRequestFilter.java:116)
	at org.apache.catalina.core.ApplicationFilterChain.internalDoFilter(ApplicationFilterChain.java:174)
	at org.apache.catalina.core.ApplicationFilterChain.doFilter(ApplicationFilterChain.java:149)
	at org.springframework.web.filter.FormContentFilter.doFilterInternal(FormContentFilter.java:93)
	at org.springframework.web.filter.OncePerRequestFilter.doFilter(OncePerRequestFilter.java:116)
	at org.apache.catalina.core.ApplicationFilterChain.internalDoFilter(ApplicationFilterChain.java:174)
	at org.apache.catalina.core.ApplicationFilterChain.doFilter(ApplicationFilterChain.java:149)
	at org.springframework.web.filter.CharacterEncodingFilter.doFilterInternal(CharacterEncodingFilter.java:201)
	at org.springframework.web.filter.OncePerRequestFilter.doFilter(OncePerRequestFilter.java:116)
	at org.apache.catalina.core.ApplicationFilterChain.internalDoFilter(ApplicationFilterChain.java:174)
	at org.apache.catalina.core.ApplicationFilterChain.doFilter(ApplicationFilterChain.java:149)
	at org.apache.catalina.core.StandardWrapperValve.invoke(StandardWrapperValve.java:167)
	at org.apache.catalina.core.StandardContextValve.invoke(StandardContextValve.java:90)
	at org.apache.catalina.authenticator.AuthenticatorBase.invoke(AuthenticatorBase.java:482)
	at org.apache.catalina.core.StandardHostValve.invoke(StandardHostValve.java:115)
	at org.apache.catalina.valves.ErrorReportValve.invoke(ErrorReportValve.java:93)
	at org.apache.catalina.core.StandardEngineValve.invoke(StandardEngineValve.java:74)
	at org.apache.catalina.connector.CoyoteAdapter.service(CoyoteAdapter.java:340)
	at org.apache.coyote.http11.Http11Processor.service(Http11Processor.java:391)
	at org.apache.coyote.AbstractProcessorLight.process(AbstractProcessorLight.java:63)
	at org.apache.coyote.AbstractProtocol$ConnectionHandler.process(AbstractProtocol.java:896)
	at org.apache.tomcat.util.net.NioEndpoint$SocketProcessor.doRun(NioEndpoint.java:1744)
	at org.apache.tomcat.util.net.SocketProcessorBase.run(SocketProcessorBase.java:52)
	at org.apache.tomcat.util.threads.ThreadPoolExecutor.runWorker(ThreadPoolExecutor.java:1191)
	at org.apache.tomcat.util.threads.ThreadPoolExecutor$Worker.run(ThreadPoolExecutor.java:659)
	at org.apache.tomcat.util.threads.TaskThread$WrappingRunnable.run(TaskThread.java:61)
	at java.base/java.lang.Thread.run(Thread.java:1589)
2024-11-02 22:37:19 [http-nio-8080-exec-1] WARN  o.s.w.s.m.m.a.ExceptionHandlerExceptionResolver - Failure in @ExceptionHandler org.example.GlobalExceptionHandler#handleGlobalException(Exception, WebRequest)
org.springframework.web.HttpMediaTypeNotAcceptableException: No acceptable representation
	at org.springframework.web.servlet.mvc.method.annotation.AbstractMessageConverterMethodProcessor.writeWithMessageConverters(AbstractMessageConverterMethodProcessor.java:322)
	at org.springframework.web.servlet.mvc.method.annotation.HttpEntityMethodProcessor.handleReturnValue(HttpEntityMethodProcessor.java:245)
	at org.springframework.web.method.support.HandlerMethodReturnValueHandlerComposite.handleReturnValue(HandlerMethodReturnValueHandlerComposite.java:78)
	at org.springframework.web.servlet.mvc.method.annotation.ServletInvocableHandlerMethod.invokeAndHandle(ServletInvocableHandlerMethod.java:136)
	at org.springframework.web.servlet.mvc.method.annotation.ExceptionHandlerExceptionResolver.doResolveHandlerMethodException(ExceptionHandlerExceptionResolver.java:413)
	at org.springframework.web.servlet.handler.AbstractHandlerMethodExceptionResolver.doResolveException(AbstractHandlerMethodExceptionResolver.java:74)
	at org.springframework.web.servlet.handler.AbstractHandlerExceptionResolver.resolveException(AbstractHandlerExceptionResolver.java:141)
	at org.springframework.web.servlet.handler.HandlerExceptionResolverComposite.resolveException(HandlerExceptionResolverComposite.java:80)
	at org.springframework.web.servlet.DispatcherServlet.processHandlerException(DispatcherServlet.java:1341)
	at org.springframework.web.servlet.DispatcherServlet.processDispatchResult(DispatcherServlet.java:1152)
	at org.springframework.web.servlet.DispatcherServlet.doDispatch(DispatcherServlet.java:1098)
	at org.springframework.web.servlet.DispatcherServlet.doService(DispatcherServlet.java:974)
	at org.springframework.web.servlet.FrameworkServlet.processRequest(FrameworkServlet.java:1011)
	at org.springframework.web.servlet.FrameworkServlet.doPost(FrameworkServlet.java:914)
	at jakarta.servlet.http.HttpServlet.service(HttpServlet.java:590)
	at org.springframework.web.servlet.FrameworkServlet.service(FrameworkServlet.java:885)
	at jakarta.servlet.http.HttpServlet.service(HttpServlet.java:658)
	at org.apache.catalina.core.ApplicationFilterChain.internalDoFilter(ApplicationFilterChain.java:205)
	at org.apache.catalina.core.ApplicationFilterChain.doFilter(ApplicationFilterChain.java:149)
	at org.apache.tomcat.websocket.server.WsFilter.doFilter(WsFilter.java:51)
	at org.apache.catalina.core.ApplicationFilterChain.internalDoFilter(ApplicationFilterChain.java:174)
	at org.apache.catalina.core.ApplicationFilterChain.doFilter(ApplicationFilterChain.java:149)
	at org.example.config.jwt.JwtFilter.doFilterInternal(JwtFilter.java:54)
	at org.springframework.web.filter.OncePerRequestFilter.doFilter(OncePerRequestFilter.java:116)
	at org.apache.catalina.core.ApplicationFilterChain.internalDoFilter(ApplicationFilterChain.java:174)
	at org.apache.catalina.core.ApplicationFilterChain.doFilter(ApplicationFilterChain.java:149)
	at org.springframework.security.web.FilterChainProxy.lambda$doFilterInternal$3(FilterChainProxy.java:231)
	at org.springframework.security.web.FilterChainProxy$VirtualFilterChain.doFilter(FilterChainProxy.java:365)
	at org.springframework.security.web.access.intercept.FilterSecurityInterceptor.invoke(FilterSecurityInterceptor.java:117)
	at org.springframework.security.web.access.intercept.FilterSecurityInterceptor.doFilter(FilterSecurityInterceptor.java:83)
	at org.springframework.security.web.FilterChainProxy$VirtualFilterChain.doFilter(FilterChainProxy.java:374)
	at org.springframework.security.web.access.ExceptionTranslationFilter.doFilter(ExceptionTranslationFilter.java:126)
	at org.springframework.security.web.access.ExceptionTranslationFilter.doFilter(ExceptionTranslationFilter.java:120)
	at org.springframework.security.web.FilterChainProxy$VirtualFilterChain.doFilter(FilterChainProxy.java:374)
	at org.springframework.security.web.authentication.AnonymousAuthenticationFilter.doFilter(AnonymousAuthenticationFilter.java:100)
	at org.springframework.security.web.FilterChainProxy$VirtualFilterChain.doFilter(FilterChainProxy.java:374)
	at org.springframework.security.web.servletapi.SecurityContextHolderAwareRequestFilter.doFilter(SecurityContextHolderAwareRequestFilter.java:179)
	at org.springframework.security.web.FilterChainProxy$VirtualFilterChain.doFilter(FilterChainProxy.java:374)
	at org.springframework.security.web.savedrequest.RequestCacheAwareFilter.doFilter(RequestCacheAwareFilter.java:63)
	at org.springframework.security.web.FilterChainProxy$VirtualFilterChain.doFilter(FilterChainProxy.java:374)
	at org.springframework.security.web.authentication.logout.LogoutFilter.doFilter(LogoutFilter.java:107)
	at org.springframework.security.web.authentication.logout.LogoutFilter.doFilter(LogoutFilter.java:93)
	at org.springframework.security.web.FilterChainProxy$VirtualFilterChain.doFilter(FilterChainProxy.java:374)
	at org.springframework.security.web.header.HeaderWriterFilter.doHeadersAfter(HeaderWriterFilter.java:90)
	at org.springframework.security.web.header.HeaderWriterFilter.doFilterInternal(HeaderWriterFilter.java:75)
	at org.springframework.web.filter.OncePerRequestFilter.doFilter(OncePerRequestFilter.java:116)
	at org.springframework.security.web.FilterChainProxy$VirtualFilterChain.doFilter(FilterChainProxy.java:374)
	at org.springframework.security.web.context.SecurityContextHolderFilter.doFilter(SecurityContextHolderFilter.java:82)
	at org.springframework.security.web.context.SecurityContextHolderFilter.doFilter(SecurityContextHolderFilter.java:69)
	at org.springframework.security.web.FilterChainProxy$VirtualFilterChain.doFilter(FilterChainProxy.java:374)
	at org.springframework.security.web.context.request.async.WebAsyncManagerIntegrationFilter.doFilterInternal(WebAsyncManagerIntegrationFilter.java:62)
	at org.springframework.web.filter.OncePerRequestFilter.doFilter(OncePerRequestFilter.java:116)
	at org.springframework.security.web.FilterChainProxy$VirtualFilterChain.doFilter(FilterChainProxy.java:374)
	at org.springframework.security.web.session.DisableEncodeUrlFilter.doFilterInternal(DisableEncodeUrlFilter.java:42)
	at org.springframework.web.filter.OncePerRequestFilter.doFilter(OncePerRequestFilter.java:116)
	at org.springframework.security.web.FilterChainProxy$VirtualFilterChain.doFilter(FilterChainProxy.java:374)
	at org.springframework.security.web.FilterChainProxy.doFilterInternal(FilterChainProxy.java:233)
	at org.springframework.security.web.FilterChainProxy.doFilter(FilterChainProxy.java:191)
	at org.springframework.web.filter.DelegatingFilterProxy.invokeDelegate(DelegatingFilterProxy.java:352)
	at org.springframework.web.filter.DelegatingFilterProxy.doFilter(DelegatingFilterProxy.java:268)
	at org.apache.catalina.core.ApplicationFilterChain.internalDoFilter(ApplicationFilterChain.java:174)
	at org.apache.catalina.core.ApplicationFilterChain.doFilter(ApplicationFilterChain.java:149)
	at org.springframework.web.filter.RequestContextFilter.doFilterInternal(RequestContextFilter.java:100)
	at org.springframework.web.filter.OncePerRequestFilter.doFilter(OncePerRequestFilter.java:116)
	at org.apache.catalina.core.ApplicationFilterChain.internalDoFilter(ApplicationFilterChain.java:174)
	at org.apache.catalina.core.ApplicationFilterChain.doFilter(ApplicationFilterChain.java:149)
	at org.springframework.web.filter.FormContentFilter.doFilterInternal(FormContentFilter.java:93)
	at org.springframework.web.filter.OncePerRequestFilter.doFilter(OncePerRequestFilter.java:116)
	at org.apache.catalina.core.ApplicationFilterChain.internalDoFilter(ApplicationFilterChain.java:174)
	at org.apache.catalina.core.ApplicationFilterChain.doFilter(ApplicationFilterChain.java:149)
	at org.springframework.web.filter.CharacterEncodingFilter.doFilterInternal(CharacterEncodingFilter.java:201)
	at org.springframework.web.filter.OncePerRequestFilter.doFilter(OncePerRequestFilter.java:116)
	at org.apache.catalina.core.ApplicationFilterChain.internalDoFilter(ApplicationFilterChain.java:174)
	at org.apache.catalina.core.ApplicationFilterChain.doFilter(ApplicationFilterChain.java:149)
	at org.apache.catalina.core.StandardWrapperValve.invoke(StandardWrapperValve.java:167)
	at org.apache.catalina.core.StandardContextValve.invoke(StandardContextValve.java:90)
	at org.apache.catalina.authenticator.AuthenticatorBase.invoke(AuthenticatorBase.java:482)
	at org.apache.catalina.core.StandardHostValve.invoke(StandardHostValve.java:115)
	at org.apache.catalina.valves.ErrorReportValve.invoke(ErrorReportValve.java:93)
	at org.apache.catalina.core.StandardEngineValve.invoke(StandardEngineValve.java:74)
	at org.apache.catalina.connector.CoyoteAdapter.service(CoyoteAdapter.java:340)
	at org.apache.coyote.http11.Http11Processor.service(Http11Processor.java:391)
	at org.apache.coyote.AbstractProcessorLight.process(AbstractProcessorLight.java:63)
	at org.apache.coyote.AbstractProtocol$ConnectionHandler.process(AbstractProtocol.java:896)
	at org.apache.tomcat.util.net.NioEndpoint$SocketProcessor.doRun(NioEndpoint.java:1744)
	at org.apache.tomcat.util.net.SocketProcessorBase.run(SocketProcessorBase.java:52)
	at org.apache.tomcat.util.threads.ThreadPoolExecutor.runWorker(ThreadPoolExecutor.java:1191)
	at org.apache.tomcat.util.threads.ThreadPoolExecutor$Worker.run(ThreadPoolExecutor.java:659)
	at org.apache.tomcat.util.threads.TaskThread$WrappingRunnable.run(TaskThread.java:61)
	at java.base/java.lang.Thread.run(Thread.java:1589)
2024-11-02 22:37:19 [http-nio-8080-exec-1] ERROR o.a.c.c.C.[.[.[.[dispatcherServlet] - Servlet.service() for servlet [dispatcherServlet] in context with path [] threw exception [Request processing failed: org.springframework.orm.jpa.JpaObjectRetrievalFailureException: Unable to find org.example.Entity.model.InvestorModel with id 0] with root cause
jakarta.persistence.EntityNotFoundException: Unable to find org.example.Entity.model.InvestorModel with id 0
	at org.hibernate.jpa.boot.internal.EntityManagerFactoryBuilderImpl$JpaEntityNotFoundDelegate.handleEntityNotFound(EntityManagerFactoryBuilderImpl.java:186)
	at org.hibernate.event.internal.DefaultLoadEventListener.load(DefaultLoadEventListener.java:207)
	at org.hibernate.event.internal.DefaultLoadEventListener.loadWithRegularProxy(DefaultLoadEventListener.java:282)
	at org.hibernate.event.internal.DefaultLoadEventListener.proxyOrLoad(DefaultLoadEventListener.java:237)
	at org.hibernate.event.internal.DefaultLoadEventListener.doOnLoad(DefaultLoadEventListener.java:106)
	at org.hibernate.event.internal.DefaultLoadEventListener.onLoad(DefaultLoadEventListener.java:78)
	at org.hibernate.event.service.internal.EventListenerGroupImpl.fireEventOnEachListener(EventListenerGroupImpl.java:138)
	at org.hibernate.internal.SessionImpl.fireLoadNoChecks(SessionImpl.java:1231)
	at org.hibernate.internal.SessionImpl.internalLoad(SessionImpl.java:1075)
	at org.hibernate.type.EntityType.resolveIdentifier(EntityType.java:694)
	at org.hibernate.type.EntityType.resolve(EntityType.java:417)
	at org.hibernate.type.EntityType.replace(EntityType.java:340)
	at org.hibernate.type.AbstractType.replace(AbstractType.java:143)
	at org.hibernate.type.TypeHelper.replace(TypeHelper.java:155)
	at org.hibernate.event.internal.DefaultMergeEventListener.copyValues(DefaultMergeEventListener.java:541)
	at org.hibernate.event.internal.DefaultMergeEventListener.entityIsTransient(DefaultMergeEventListener.java:231)
	at org.hibernate.event.internal.DefaultMergeEventListener.entityIsDetached(DefaultMergeEventListener.java:346)
	at org.hibernate.event.internal.DefaultMergeEventListener.merge(DefaultMergeEventListener.java:149)
	at org.hibernate.event.internal.DefaultMergeEventListener.doMerge(DefaultMergeEventListener.java:142)
	at org.hibernate.event.internal.DefaultMergeEventListener.onMerge(DefaultMergeEventListener.java:126)
	at org.hibernate.event.internal.DefaultMergeEventListener.onMerge(DefaultMergeEventListener.java:80)
	at org.hibernate.event.service.internal.EventListenerGroupImpl.fireEventOnEachListener(EventListenerGroupImpl.java:127)
	at org.hibernate.internal.SessionImpl.fireMerge(SessionImpl.java:848)
	at org.hibernate.internal.SessionImpl.merge(SessionImpl.java:834)
	at java.base/jdk.internal.reflect.DirectMethodHandleAccessor.invoke(DirectMethodHandleAccessor.java:104)
	at java.base/java.lang.reflect.Method.invoke(Method.java:578)
	at org.springframework.orm.jpa.SharedEntityManagerCreator$SharedEntityManagerInvocationHandler.invoke(SharedEntityManagerCreator.java:311)
	at jdk.proxy2/jdk.proxy2.$Proxy117.merge(Unknown Source)
	at org.springframework.data.jpa.repository.support.SimpleJpaRepository.save(SimpleJpaRepository.java:621)
	at java.base/jdk.internal.reflect.DirectMethodHandleAccessor.invoke(DirectMethodHandleAccessor.java:104)
	at java.base/java.lang.reflect.Method.invoke(Method.java:578)
	at org.springframework.data.repository.core.support.RepositoryMethodInvoker$RepositoryFragmentMethodInvoker.lambda$new$0(RepositoryMethodInvoker.java:288)
	at org.springframework.data.repository.core.support.RepositoryMethodInvoker.doInvoke(RepositoryMethodInvoker.java:136)
	at org.springframework.data.repository.core.support.RepositoryMethodInvoker.invoke(RepositoryMethodInvoker.java:120)
	at org.springframework.data.repository.core.support.RepositoryComposition$RepositoryFragments.invoke(RepositoryComposition.java:516)
	at org.springframework.data.repository.core.support.RepositoryComposition.invoke(RepositoryComposition.java:285)
	at org.springframework.data.repository.core.support.RepositoryFactorySupport$ImplementationMethodExecutionInterceptor.invoke(RepositoryFactorySupport.java:628)
	at org.springframework.aop.framework.ReflectiveMethodInvocation.proceed(ReflectiveMethodInvocation.java:184)
	at org.springframework.data.repository.core.support.QueryExecutorMethodInterceptor.doInvoke(QueryExecutorMethodInterceptor.java:168)
	at org.springframework.data.repository.core.support.QueryExecutorMethodInterceptor.invoke(QueryExecutorMethodInterceptor.java:143)
	at org.springframework.aop.framework.ReflectiveMethodInvocation.proceed(ReflectiveMethodInvocation.java:184)
	at org.springframework.data.projection.DefaultMethodInvokingMethodInterceptor.invoke(DefaultMethodInvokingMethodInterceptor.java:72)
	at org.springframework.aop.framework.ReflectiveMethodInvocation.proceed(ReflectiveMethodInvocation.java:184)
	at org.springframework.transaction.interceptor.TransactionInterceptor$1.proceedWithInvocation(TransactionInterceptor.java:123)
	at org.springframework.transaction.interceptor.TransactionAspectSupport.invokeWithinTransaction(TransactionAspectSupport.java:391)
	at org.springframework.transaction.interceptor.TransactionInterceptor.invoke(TransactionInterceptor.java:119)
	at org.springframework.aop.framework.ReflectiveMethodInvocation.proceed(ReflectiveMethodInvocation.java:184)
	at org.springframework.dao.support.PersistenceExceptionTranslationInterceptor.invoke(PersistenceExceptionTranslationInterceptor.java:137)
	at org.springframework.aop.framework.ReflectiveMethodInvocation.proceed(ReflectiveMethodInvocation.java:184)
	at org.springframework.data.jpa.repository.support.CrudMethodMetadataPostProcessor$CrudMethodMetadataPopulatingMethodInterceptor.invoke(CrudMethodMetadataPostProcessor.java:164)
	at org.springframework.aop.framework.ReflectiveMethodInvocation.proceed(ReflectiveMethodInvocation.java:184)
	at org.springframework.aop.interceptor.ExposeInvocationInterceptor.invoke(ExposeInvocationInterceptor.java:97)
	at org.springframework.aop.framework.ReflectiveMethodInvocation.proceed(ReflectiveMethodInvocation.java:184)
	at org.springframework.aop.framework.JdkDynamicAopProxy.invoke(JdkDynamicAopProxy.java:244)
	at jdk.proxy2/jdk.proxy2.$Proxy130.save(Unknown Source)
	at org.example.Entity.service.CardService.create(CardService.java:28)
	at org.example.controller.CardController.createCard(CardController.java:25)
	at java.base/jdk.internal.reflect.DirectMethodHandleAccessor.invoke(DirectMethodHandleAccessor.java:104)
	at java.base/java.lang.reflect.Method.invoke(Method.java:578)
	at org.springframework.web.method.support.InvocableHandlerMethod.doInvoke(InvocableHandlerMethod.java:205)
	at org.springframework.web.method.support.InvocableHandlerMethod.invokeForRequest(InvocableHandlerMethod.java:150)
	at org.springframework.web.servlet.mvc.method.annotation.ServletInvocableHandlerMethod.invokeAndHandle(ServletInvocableHandlerMethod.java:118)
	at org.springframework.web.servlet.mvc.method.annotation.RequestMappingHandlerAdapter.invokeHandlerMethod(RequestMappingHandlerAdapter.java:884)
	at org.springframework.web.servlet.mvc.method.annotation.RequestMappingHandlerAdapter.handleInternal(RequestMappingHandlerAdapter.java:797)
	at org.springframework.web.servlet.mvc.method.AbstractHandlerMethodAdapter.handle(AbstractHandlerMethodAdapter.java:87)
	at org.springframework.web.servlet.DispatcherServlet.doDispatch(DispatcherServlet.java:1081)
	at org.springframework.web.servlet.DispatcherServlet.doService(DispatcherServlet.java:974)
	at org.springframework.web.servlet.FrameworkServlet.processRequest(FrameworkServlet.java:1011)
	at org.springframework.web.servlet.FrameworkServlet.doPost(FrameworkServlet.java:914)
	at jakarta.servlet.http.HttpServlet.service(HttpServlet.java:590)
	at org.springframework.web.servlet.FrameworkServlet.service(FrameworkServlet.java:885)
	at jakarta.servlet.http.HttpServlet.service(HttpServlet.java:658)
	at org.apache.catalina.core.ApplicationFilterChain.internalDoFilter(ApplicationFilterChain.java:205)
	at org.apache.catalina.core.ApplicationFilterChain.doFilter(ApplicationFilterChain.java:149)
	at org.apache.tomcat.websocket.server.WsFilter.doFilter(WsFilter.java:51)
	at org.apache.catalina.core.ApplicationFilterChain.internalDoFilter(ApplicationFilterChain.java:174)
	at org.apache.catalina.core.ApplicationFilterChain.doFilter(ApplicationFilterChain.java:149)
	at org.example.config.jwt.JwtFilter.doFilterInternal(JwtFilter.java:54)
	at org.springframework.web.filter.OncePerRequestFilter.doFilter(OncePerRequestFilter.java:116)
	at org.apache.catalina.core.ApplicationFilterChain.internalDoFilter(ApplicationFilterChain.java:174)
	at org.apache.catalina.core.ApplicationFilterChain.doFilter(ApplicationFilterChain.java:149)
	at org.springframework.security.web.FilterChainProxy.lambda$doFilterInternal$3(FilterChainProxy.java:231)
	at org.springframework.security.web.FilterChainProxy$VirtualFilterChain.doFilter(FilterChainProxy.java:365)
	at org.springframework.security.web.access.intercept.FilterSecurityInterceptor.invoke(FilterSecurityInterceptor.java:117)
	at org.springframework.security.web.access.intercept.FilterSecurityInterceptor.doFilter(FilterSecurityInterceptor.java:83)
	at org.springframework.security.web.FilterChainProxy$VirtualFilterChain.doFilter(FilterChainProxy.java:374)
	at org.springframework.security.web.access.ExceptionTranslationFilter.doFilter(ExceptionTranslationFilter.java:126)
	at org.springframework.security.web.access.ExceptionTranslationFilter.doFilter(ExceptionTranslationFilter.java:120)
	at org.springframework.security.web.FilterChainProxy$VirtualFilterChain.doFilter(FilterChainProxy.java:374)
	at org.springframework.security.web.authentication.AnonymousAuthenticationFilter.doFilter(AnonymousAuthenticationFilter.java:100)
	at org.springframework.security.web.FilterChainProxy$VirtualFilterChain.doFilter(FilterChainProxy.java:374)
	at org.springframework.security.web.servletapi.SecurityContextHolderAwareRequestFilter.doFilter(SecurityContextHolderAwareRequestFilter.java:179)
	at org.springframework.security.web.FilterChainProxy$VirtualFilterChain.doFilter(FilterChainProxy.java:374)
	at org.springframework.security.web.savedrequest.RequestCacheAwareFilter.doFilter(RequestCacheAwareFilter.java:63)
	at org.springframework.security.web.FilterChainProxy$VirtualFilterChain.doFilter(FilterChainProxy.java:374)
	at org.springframework.security.web.authentication.logout.LogoutFilter.doFilter(LogoutFilter.java:107)
	at org.springframework.security.web.authentication.logout.LogoutFilter.doFilter(LogoutFilter.java:93)
	at org.springframework.security.web.FilterChainProxy$VirtualFilterChain.doFilter(FilterChainProxy.java:374)
	at org.springframework.security.web.header.HeaderWriterFilter.doHeadersAfter(HeaderWriterFilter.java:90)
	at org.springframework.security.web.header.HeaderWriterFilter.doFilterInternal(HeaderWriterFilter.java:75)
	at org.springframework.web.filter.OncePerRequestFilter.doFilter(OncePerRequestFilter.java:116)
	at org.springframework.security.web.FilterChainProxy$VirtualFilterChain.doFilter(FilterChainProxy.java:374)
	at org.springframework.security.web.context.SecurityContextHolderFilter.doFilter(SecurityContextHolderFilter.java:82)
	at org.springframework.security.web.context.SecurityContextHolderFilter.doFilter(SecurityContextHolderFilter.java:69)
	at org.springframework.security.web.FilterChainProxy$VirtualFilterChain.doFilter(FilterChainProxy.java:374)
	at org.springframework.security.web.context.request.async.WebAsyncManagerIntegrationFilter.doFilterInternal(WebAsyncManagerIntegrationFilter.java:62)
	at org.springframework.web.filter.OncePerRequestFilter.doFilter(OncePerRequestFilter.java:116)
	at org.springframework.security.web.FilterChainProxy$VirtualFilterChain.doFilter(FilterChainProxy.java:374)
	at org.springframework.security.web.session.DisableEncodeUrlFilter.doFilterInternal(DisableEncodeUrlFilter.java:42)
	at org.springframework.web.filter.OncePerRequestFilter.doFilter(OncePerRequestFilter.java:116)
	at org.springframework.security.web.FilterChainProxy$VirtualFilterChain.doFilter(FilterChainProxy.java:374)
	at org.springframework.security.web.FilterChainProxy.doFilterInternal(FilterChainProxy.java:233)
	at org.springframework.security.web.FilterChainProxy.doFilter(FilterChainProxy.java:191)
	at org.springframework.web.filter.DelegatingFilterProxy.invokeDelegate(DelegatingFilterProxy.java:352)
	at org.springframework.web.filter.DelegatingFilterProxy.doFilter(DelegatingFilterProxy.java:268)
	at org.apache.catalina.core.ApplicationFilterChain.internalDoFilter(ApplicationFilterChain.java:174)
	at org.apache.catalina.core.ApplicationFilterChain.doFilter(ApplicationFilterChain.java:149)
	at org.springframework.web.filter.RequestContextFilter.doFilterInternal(RequestContextFilter.java:100)
	at org.springframework.web.filter.OncePerRequestFilter.doFilter(OncePerRequestFilter.java:116)
	at org.apache.catalina.core.ApplicationFilterChain.internalDoFilter(ApplicationFilterChain.java:174)
	at org.apache.catalina.core.ApplicationFilterChain.doFilter(ApplicationFilterChain.java:149)
	at org.springframework.web.filter.FormContentFilter.doFilterInternal(FormContentFilter.java:93)
	at org.springframework.web.filter.OncePerRequestFilter.doFilter(OncePerRequestFilter.java:116)
	at org.apache.catalina.core.ApplicationFilterChain.internalDoFilter(ApplicationFilterChain.java:174)
	at org.apache.catalina.core.ApplicationFilterChain.doFilter(ApplicationFilterChain.java:149)
	at org.springframework.web.filter.CharacterEncodingFilter.doFilterInternal(CharacterEncodingFilter.java:201)
	at org.springframework.web.filter.OncePerRequestFilter.doFilter(OncePerRequestFilter.java:116)
	at org.apache.catalina.core.ApplicationFilterChain.internalDoFilter(ApplicationFilterChain.java:174)
	at org.apache.catalina.core.ApplicationFilterChain.doFilter(ApplicationFilterChain.java:149)
	at org.apache.catalina.core.StandardWrapperValve.invoke(StandardWrapperValve.java:167)
	at org.apache.catalina.core.StandardContextValve.invoke(StandardContextValve.java:90)
	at org.apache.catalina.authenticator.AuthenticatorBase.invoke(AuthenticatorBase.java:482)
	at org.apache.catalina.core.StandardHostValve.invoke(StandardHostValve.java:115)
	at org.apache.catalina.valves.ErrorReportValve.invoke(ErrorReportValve.java:93)
	at org.apache.catalina.core.StandardEngineValve.invoke(StandardEngineValve.java:74)
	at org.apache.catalina.connector.CoyoteAdapter.service(CoyoteAdapter.java:340)
	at org.apache.coyote.http11.Http11Processor.service(Http11Processor.java:391)
	at org.apache.coyote.AbstractProcessorLight.process(AbstractProcessorLight.java:63)
	at org.apache.coyote.AbstractProtocol$ConnectionHandler.process(AbstractProtocol.java:896)
	at org.apache.tomcat.util.net.NioEndpoint$SocketProcessor.doRun(NioEndpoint.java:1744)
	at org.apache.tomcat.util.net.SocketProcessorBase.run(SocketProcessorBase.java:52)
	at org.apache.tomcat.util.threads.ThreadPoolExecutor.runWorker(ThreadPoolExecutor.java:1191)
	at org.apache.tomcat.util.threads.ThreadPoolExecutor$Worker.run(ThreadPoolExecutor.java:659)
	at org.apache.tomcat.util.threads.TaskThread$WrappingRunnable.run(TaskThread.java:61)
	at java.base/java.lang.Thread.run(Thread.java:1589)
2024-11-02 22:37:41 [http-nio-8080-exec-9] WARN  o.s.w.s.m.m.a.ExceptionHandlerExceptionResolver - Failure in @ExceptionHandler org.example.GlobalExceptionHandler#handleGlobalException(Exception, WebRequest)
org.springframework.web.HttpMediaTypeNotAcceptableException: No acceptable representation
	at org.springframework.web.servlet.mvc.method.annotation.AbstractMessageConverterMethodProcessor.writeWithMessageConverters(AbstractMessageConverterMethodProcessor.java:322)
	at org.springframework.web.servlet.mvc.method.annotation.HttpEntityMethodProcessor.handleReturnValue(HttpEntityMethodProcessor.java:245)
	at org.springframework.web.method.support.HandlerMethodReturnValueHandlerComposite.handleReturnValue(HandlerMethodReturnValueHandlerComposite.java:78)
	at org.springframework.web.servlet.mvc.method.annotation.ServletInvocableHandlerMethod.invokeAndHandle(ServletInvocableHandlerMethod.java:136)
	at org.springframework.web.servlet.mvc.method.annotation.ExceptionHandlerExceptionResolver.doResolveHandlerMethodException(ExceptionHandlerExceptionResolver.java:413)
	at org.springframework.web.servlet.handler.AbstractHandlerMethodExceptionResolver.doResolveException(AbstractHandlerMethodExceptionResolver.java:74)
	at org.springframework.web.servlet.handler.AbstractHandlerExceptionResolver.resolveException(AbstractHandlerExceptionResolver.java:141)
	at org.springframework.web.servlet.handler.HandlerExceptionResolverComposite.resolveException(HandlerExceptionResolverComposite.java:80)
	at org.springframework.web.servlet.DispatcherServlet.processHandlerException(DispatcherServlet.java:1341)
	at org.springframework.web.servlet.DispatcherServlet.processDispatchResult(DispatcherServlet.java:1152)
	at org.springframework.web.servlet.DispatcherServlet.doDispatch(DispatcherServlet.java:1098)
	at org.springframework.web.servlet.DispatcherServlet.doService(DispatcherServlet.java:974)
	at org.springframework.web.servlet.FrameworkServlet.processRequest(FrameworkServlet.java:1011)
	at org.springframework.web.servlet.FrameworkServlet.doPost(FrameworkServlet.java:914)
	at jakarta.servlet.http.HttpServlet.service(HttpServlet.java:590)
	at org.springframework.web.servlet.FrameworkServlet.service(FrameworkServlet.java:885)
	at jakarta.servlet.http.HttpServlet.service(HttpServlet.java:658)
	at org.apache.catalina.core.ApplicationFilterChain.internalDoFilter(ApplicationFilterChain.java:205)
	at org.apache.catalina.core.ApplicationFilterChain.doFilter(ApplicationFilterChain.java:149)
	at org.apache.tomcat.websocket.server.WsFilter.doFilter(WsFilter.java:51)
	at org.apache.catalina.core.ApplicationFilterChain.internalDoFilter(ApplicationFilterChain.java:174)
	at org.apache.catalina.core.ApplicationFilterChain.doFilter(ApplicationFilterChain.java:149)
	at org.example.config.jwt.JwtFilter.doFilterInternal(JwtFilter.java:54)
	at org.springframework.web.filter.OncePerRequestFilter.doFilter(OncePerRequestFilter.java:116)
	at org.apache.catalina.core.ApplicationFilterChain.internalDoFilter(ApplicationFilterChain.java:174)
	at org.apache.catalina.core.ApplicationFilterChain.doFilter(ApplicationFilterChain.java:149)
	at org.springframework.security.web.FilterChainProxy.lambda$doFilterInternal$3(FilterChainProxy.java:231)
	at org.springframework.security.web.FilterChainProxy$VirtualFilterChain.doFilter(FilterChainProxy.java:365)
	at org.springframework.security.web.access.intercept.FilterSecurityInterceptor.invoke(FilterSecurityInterceptor.java:117)
	at org.springframework.security.web.access.intercept.FilterSecurityInterceptor.doFilter(FilterSecurityInterceptor.java:83)
	at org.springframework.security.web.FilterChainProxy$VirtualFilterChain.doFilter(FilterChainProxy.java:374)
	at org.springframework.security.web.access.ExceptionTranslationFilter.doFilter(ExceptionTranslationFilter.java:126)
	at org.springframework.security.web.access.ExceptionTranslationFilter.doFilter(ExceptionTranslationFilter.java:120)
	at org.springframework.security.web.FilterChainProxy$VirtualFilterChain.doFilter(FilterChainProxy.java:374)
	at org.springframework.security.web.authentication.AnonymousAuthenticationFilter.doFilter(AnonymousAuthenticationFilter.java:100)
	at org.springframework.security.web.FilterChainProxy$VirtualFilterChain.doFilter(FilterChainProxy.java:374)
	at org.springframework.security.web.servletapi.SecurityContextHolderAwareRequestFilter.doFilter(SecurityContextHolderAwareRequestFilter.java:179)
	at org.springframework.security.web.FilterChainProxy$VirtualFilterChain.doFilter(FilterChainProxy.java:374)
	at org.springframework.security.web.savedrequest.RequestCacheAwareFilter.doFilter(RequestCacheAwareFilter.java:63)
	at org.springframework.security.web.FilterChainProxy$VirtualFilterChain.doFilter(FilterChainProxy.java:374)
	at org.springframework.security.web.authentication.logout.LogoutFilter.doFilter(LogoutFilter.java:107)
	at org.springframework.security.web.authentication.logout.LogoutFilter.doFilter(LogoutFilter.java:93)
	at org.springframework.security.web.FilterChainProxy$VirtualFilterChain.doFilter(FilterChainProxy.java:374)
	at org.springframework.security.web.header.HeaderWriterFilter.doHeadersAfter(HeaderWriterFilter.java:90)
	at org.springframework.security.web.header.HeaderWriterFilter.doFilterInternal(HeaderWriterFilter.java:75)
	at org.springframework.web.filter.OncePerRequestFilter.doFilter(OncePerRequestFilter.java:116)
	at org.springframework.security.web.FilterChainProxy$VirtualFilterChain.doFilter(FilterChainProxy.java:374)
	at org.springframework.security.web.context.SecurityContextHolderFilter.doFilter(SecurityContextHolderFilter.java:82)
	at org.springframework.security.web.context.SecurityContextHolderFilter.doFilter(SecurityContextHolderFilter.java:69)
	at org.springframework.security.web.FilterChainProxy$VirtualFilterChain.doFilter(FilterChainProxy.java:374)
	at org.springframework.security.web.context.request.async.WebAsyncManagerIntegrationFilter.doFilterInternal(WebAsyncManagerIntegrationFilter.java:62)
	at org.springframework.web.filter.OncePerRequestFilter.doFilter(OncePerRequestFilter.java:116)
	at org.springframework.security.web.FilterChainProxy$VirtualFilterChain.doFilter(FilterChainProxy.java:374)
	at org.springframework.security.web.session.DisableEncodeUrlFilter.doFilterInternal(DisableEncodeUrlFilter.java:42)
	at org.springframework.web.filter.OncePerRequestFilter.doFilter(OncePerRequestFilter.java:116)
	at org.springframework.security.web.FilterChainProxy$VirtualFilterChain.doFilter(FilterChainProxy.java:374)
	at org.springframework.security.web.FilterChainProxy.doFilterInternal(FilterChainProxy.java:233)
	at org.springframework.security.web.FilterChainProxy.doFilter(FilterChainProxy.java:191)
	at org.springframework.web.filter.DelegatingFilterProxy.invokeDelegate(DelegatingFilterProxy.java:352)
	at org.springframework.web.filter.DelegatingFilterProxy.doFilter(DelegatingFilterProxy.java:268)
	at org.apache.catalina.core.ApplicationFilterChain.internalDoFilter(ApplicationFilterChain.java:174)
	at org.apache.catalina.core.ApplicationFilterChain.doFilter(ApplicationFilterChain.java:149)
	at org.springframework.web.filter.RequestContextFilter.doFilterInternal(RequestContextFilter.java:100)
	at org.springframework.web.filter.OncePerRequestFilter.doFilter(OncePerRequestFilter.java:116)
	at org.apache.catalina.core.ApplicationFilterChain.internalDoFilter(ApplicationFilterChain.java:174)
	at org.apache.catalina.core.ApplicationFilterChain.doFilter(ApplicationFilterChain.java:149)
	at org.springframework.web.filter.FormContentFilter.doFilterInternal(FormContentFilter.java:93)
	at org.springframework.web.filter.OncePerRequestFilter.doFilter(OncePerRequestFilter.java:116)
	at org.apache.catalina.core.ApplicationFilterChain.internalDoFilter(ApplicationFilterChain.java:174)
	at org.apache.catalina.core.ApplicationFilterChain.doFilter(ApplicationFilterChain.java:149)
	at org.springframework.web.filter.CharacterEncodingFilter.doFilterInternal(CharacterEncodingFilter.java:201)
	at org.springframework.web.filter.OncePerRequestFilter.doFilter(OncePerRequestFilter.java:116)
	at org.apache.catalina.core.ApplicationFilterChain.internalDoFilter(ApplicationFilterChain.java:174)
	at org.apache.catalina.core.ApplicationFilterChain.doFilter(ApplicationFilterChain.java:149)
	at org.apache.catalina.core.StandardWrapperValve.invoke(StandardWrapperValve.java:167)
	at org.apache.catalina.core.StandardContextValve.invoke(StandardContextValve.java:90)
	at org.apache.catalina.authenticator.AuthenticatorBase.invoke(AuthenticatorBase.java:482)
	at org.apache.catalina.core.StandardHostValve.invoke(StandardHostValve.java:115)
	at org.apache.catalina.valves.ErrorReportValve.invoke(ErrorReportValve.java:93)
	at org.apache.catalina.core.StandardEngineValve.invoke(StandardEngineValve.java:74)
	at org.apache.catalina.connector.CoyoteAdapter.service(CoyoteAdapter.java:340)
	at org.apache.coyote.http11.Http11Processor.service(Http11Processor.java:391)
	at org.apache.coyote.AbstractProcessorLight.process(AbstractProcessorLight.java:63)
	at org.apache.coyote.AbstractProtocol$ConnectionHandler.process(AbstractProtocol.java:896)
	at org.apache.tomcat.util.net.NioEndpoint$SocketProcessor.doRun(NioEndpoint.java:1744)
	at org.apache.tomcat.util.net.SocketProcessorBase.run(SocketProcessorBase.java:52)
	at org.apache.tomcat.util.threads.ThreadPoolExecutor.runWorker(ThreadPoolExecutor.java:1191)
	at org.apache.tomcat.util.threads.ThreadPoolExecutor$Worker.run(ThreadPoolExecutor.java:659)
	at org.apache.tomcat.util.threads.TaskThread$WrappingRunnable.run(TaskThread.java:61)
	at java.base/java.lang.Thread.run(Thread.java:1589)
2024-11-02 22:37:41 [http-nio-8080-exec-9] ERROR o.a.c.c.C.[.[.[.[dispatcherServlet] - Servlet.service() for servlet [dispatcherServlet] in context with path [] threw exception [Request processing failed: org.springframework.orm.jpa.JpaObjectRetrievalFailureException: Unable to find org.example.Entity.model.InvestorModel with id 0] with root cause
jakarta.persistence.EntityNotFoundException: Unable to find org.example.Entity.model.InvestorModel with id 0
	at org.hibernate.jpa.boot.internal.EntityManagerFactoryBuilderImpl$JpaEntityNotFoundDelegate.handleEntityNotFound(EntityManagerFactoryBuilderImpl.java:186)
	at org.hibernate.event.internal.DefaultLoadEventListener.load(DefaultLoadEventListener.java:207)
	at org.hibernate.event.internal.DefaultLoadEventListener.loadWithRegularProxy(DefaultLoadEventListener.java:282)
	at org.hibernate.event.internal.DefaultLoadEventListener.proxyOrLoad(DefaultLoadEventListener.java:237)
	at org.hibernate.event.internal.DefaultLoadEventListener.doOnLoad(DefaultLoadEventListener.java:106)
	at org.hibernate.event.internal.DefaultLoadEventListener.onLoad(DefaultLoadEventListener.java:78)
	at org.hibernate.event.service.internal.EventListenerGroupImpl.fireEventOnEachListener(EventListenerGroupImpl.java:138)
	at org.hibernate.internal.SessionImpl.fireLoadNoChecks(SessionImpl.java:1231)
	at org.hibernate.internal.SessionImpl.internalLoad(SessionImpl.java:1075)
	at org.hibernate.type.EntityType.resolveIdentifier(EntityType.java:694)
	at org.hibernate.type.EntityType.resolve(EntityType.java:417)
	at org.hibernate.type.EntityType.replace(EntityType.java:340)
	at org.hibernate.type.AbstractType.replace(AbstractType.java:143)
	at org.hibernate.type.TypeHelper.replace(TypeHelper.java:155)
	at org.hibernate.event.internal.DefaultMergeEventListener.copyValues(DefaultMergeEventListener.java:541)
	at org.hibernate.event.internal.DefaultMergeEventListener.entityIsTransient(DefaultMergeEventListener.java:231)
	at org.hibernate.event.internal.DefaultMergeEventListener.entityIsDetached(DefaultMergeEventListener.java:346)
	at org.hibernate.event.internal.DefaultMergeEventListener.merge(DefaultMergeEventListener.java:149)
	at org.hibernate.event.internal.DefaultMergeEventListener.doMerge(DefaultMergeEventListener.java:142)
	at org.hibernate.event.internal.DefaultMergeEventListener.onMerge(DefaultMergeEventListener.java:126)
	at org.hibernate.event.internal.DefaultMergeEventListener.onMerge(DefaultMergeEventListener.java:80)
	at org.hibernate.event.service.internal.EventListenerGroupImpl.fireEventOnEachListener(EventListenerGroupImpl.java:127)
	at org.hibernate.internal.SessionImpl.fireMerge(SessionImpl.java:848)
	at org.hibernate.internal.SessionImpl.merge(SessionImpl.java:834)
	at java.base/jdk.internal.reflect.DirectMethodHandleAccessor.invoke(DirectMethodHandleAccessor.java:104)
	at java.base/java.lang.reflect.Method.invoke(Method.java:578)
	at org.springframework.orm.jpa.SharedEntityManagerCreator$SharedEntityManagerInvocationHandler.invoke(SharedEntityManagerCreator.java:311)
	at jdk.proxy2/jdk.proxy2.$Proxy117.merge(Unknown Source)
	at org.springframework.data.jpa.repository.support.SimpleJpaRepository.save(SimpleJpaRepository.java:621)
	at java.base/jdk.internal.reflect.DirectMethodHandleAccessor.invoke(DirectMethodHandleAccessor.java:104)
	at java.base/java.lang.reflect.Method.invoke(Method.java:578)
	at org.springframework.data.repository.core.support.RepositoryMethodInvoker$RepositoryFragmentMethodInvoker.lambda$new$0(RepositoryMethodInvoker.java:288)
	at org.springframework.data.repository.core.support.RepositoryMethodInvoker.doInvoke(RepositoryMethodInvoker.java:136)
	at org.springframework.data.repository.core.support.RepositoryMethodInvoker.invoke(RepositoryMethodInvoker.java:120)
	at org.springframework.data.repository.core.support.RepositoryComposition$RepositoryFragments.invoke(RepositoryComposition.java:516)
	at org.springframework.data.repository.core.support.RepositoryComposition.invoke(RepositoryComposition.java:285)
	at org.springframework.data.repository.core.support.RepositoryFactorySupport$ImplementationMethodExecutionInterceptor.invoke(RepositoryFactorySupport.java:628)
	at org.springframework.aop.framework.ReflectiveMethodInvocation.proceed(ReflectiveMethodInvocation.java:184)
	at org.springframework.data.repository.core.support.QueryExecutorMethodInterceptor.doInvoke(QueryExecutorMethodInterceptor.java:168)
	at org.springframework.data.repository.core.support.QueryExecutorMethodInterceptor.invoke(QueryExecutorMethodInterceptor.java:143)
	at org.springframework.aop.framework.ReflectiveMethodInvocation.proceed(ReflectiveMethodInvocation.java:184)
	at org.springframework.data.projection.DefaultMethodInvokingMethodInterceptor.invoke(DefaultMethodInvokingMethodInterceptor.java:72)
	at org.springframework.aop.framework.ReflectiveMethodInvocation.proceed(ReflectiveMethodInvocation.java:184)
	at org.springframework.transaction.interceptor.TransactionInterceptor$1.proceedWithInvocation(TransactionInterceptor.java:123)
	at org.springframework.transaction.interceptor.TransactionAspectSupport.invokeWithinTransaction(TransactionAspectSupport.java:391)
	at org.springframework.transaction.interceptor.TransactionInterceptor.invoke(TransactionInterceptor.java:119)
	at org.springframework.aop.framework.ReflectiveMethodInvocation.proceed(ReflectiveMethodInvocation.java:184)
	at org.springframework.dao.support.PersistenceExceptionTranslationInterceptor.invoke(PersistenceExceptionTranslationInterceptor.java:137)
	at org.springframework.aop.framework.ReflectiveMethodInvocation.proceed(ReflectiveMethodInvocation.java:184)
	at org.springframework.data.jpa.repository.support.CrudMethodMetadataPostProcessor$CrudMethodMetadataPopulatingMethodInterceptor.invoke(CrudMethodMetadataPostProcessor.java:164)
	at org.springframework.aop.framework.ReflectiveMethodInvocation.proceed(ReflectiveMethodInvocation.java:184)
	at org.springframework.aop.interceptor.ExposeInvocationInterceptor.invoke(ExposeInvocationInterceptor.java:97)
	at org.springframework.aop.framework.ReflectiveMethodInvocation.proceed(ReflectiveMethodInvocation.java:184)
	at org.springframework.aop.framework.JdkDynamicAopProxy.invoke(JdkDynamicAopProxy.java:244)
	at jdk.proxy2/jdk.proxy2.$Proxy130.save(Unknown Source)
	at org.example.Entity.service.CardService.create(CardService.java:28)
	at org.example.controller.CardController.createCard(CardController.java:25)
	at java.base/jdk.internal.reflect.DirectMethodHandleAccessor.invoke(DirectMethodHandleAccessor.java:104)
	at java.base/java.lang.reflect.Method.invoke(Method.java:578)
	at org.springframework.web.method.support.InvocableHandlerMethod.doInvoke(InvocableHandlerMethod.java:205)
	at org.springframework.web.method.support.InvocableHandlerMethod.invokeForRequest(InvocableHandlerMethod.java:150)
	at org.springframework.web.servlet.mvc.method.annotation.ServletInvocableHandlerMethod.invokeAndHandle(ServletInvocableHandlerMethod.java:118)
	at org.springframework.web.servlet.mvc.method.annotation.RequestMappingHandlerAdapter.invokeHandlerMethod(RequestMappingHandlerAdapter.java:884)
	at org.springframework.web.servlet.mvc.method.annotation.RequestMappingHandlerAdapter.handleInternal(RequestMappingHandlerAdapter.java:797)
	at org.springframework.web.servlet.mvc.method.AbstractHandlerMethodAdapter.handle(AbstractHandlerMethodAdapter.java:87)
	at org.springframework.web.servlet.DispatcherServlet.doDispatch(DispatcherServlet.java:1081)
	at org.springframework.web.servlet.DispatcherServlet.doService(DispatcherServlet.java:974)
	at org.springframework.web.servlet.FrameworkServlet.processRequest(FrameworkServlet.java:1011)
	at org.springframework.web.servlet.FrameworkServlet.doPost(FrameworkServlet.java:914)
	at jakarta.servlet.http.HttpServlet.service(HttpServlet.java:590)
	at org.springframework.web.servlet.FrameworkServlet.service(FrameworkServlet.java:885)
	at jakarta.servlet.http.HttpServlet.service(HttpServlet.java:658)
	at org.apache.catalina.core.ApplicationFilterChain.internalDoFilter(ApplicationFilterChain.java:205)
	at org.apache.catalina.core.ApplicationFilterChain.doFilter(ApplicationFilterChain.java:149)
	at org.apache.tomcat.websocket.server.WsFilter.doFilter(WsFilter.java:51)
	at org.apache.catalina.core.ApplicationFilterChain.internalDoFilter(ApplicationFilterChain.java:174)
	at org.apache.catalina.core.ApplicationFilterChain.doFilter(ApplicationFilterChain.java:149)
	at org.example.config.jwt.JwtFilter.doFilterInternal(JwtFilter.java:54)
	at org.springframework.web.filter.OncePerRequestFilter.doFilter(OncePerRequestFilter.java:116)
	at org.apache.catalina.core.ApplicationFilterChain.internalDoFilter(ApplicationFilterChain.java:174)
	at org.apache.catalina.core.ApplicationFilterChain.doFilter(ApplicationFilterChain.java:149)
	at org.springframework.security.web.FilterChainProxy.lambda$doFilterInternal$3(FilterChainProxy.java:231)
	at org.springframework.security.web.FilterChainProxy$VirtualFilterChain.doFilter(FilterChainProxy.java:365)
	at org.springframework.security.web.access.intercept.FilterSecurityInterceptor.invoke(FilterSecurityInterceptor.java:117)
	at org.springframework.security.web.access.intercept.FilterSecurityInterceptor.doFilter(FilterSecurityInterceptor.java:83)
	at org.springframework.security.web.FilterChainProxy$VirtualFilterChain.doFilter(FilterChainProxy.java:374)
	at org.springframework.security.web.access.ExceptionTranslationFilter.doFilter(ExceptionTranslationFilter.java:126)
	at org.springframework.security.web.access.ExceptionTranslationFilter.doFilter(ExceptionTranslationFilter.java:120)
	at org.springframework.security.web.FilterChainProxy$VirtualFilterChain.doFilter(FilterChainProxy.java:374)
	at org.springframework.security.web.authentication.AnonymousAuthenticationFilter.doFilter(AnonymousAuthenticationFilter.java:100)
	at org.springframework.security.web.FilterChainProxy$VirtualFilterChain.doFilter(FilterChainProxy.java:374)
	at org.springframework.security.web.servletapi.SecurityContextHolderAwareRequestFilter.doFilter(SecurityContextHolderAwareRequestFilter.java:179)
	at org.springframework.security.web.FilterChainProxy$VirtualFilterChain.doFilter(FilterChainProxy.java:374)
	at org.springframework.security.web.savedrequest.RequestCacheAwareFilter.doFilter(RequestCacheAwareFilter.java:63)
	at org.springframework.security.web.FilterChainProxy$VirtualFilterChain.doFilter(FilterChainProxy.java:374)
	at org.springframework.security.web.authentication.logout.LogoutFilter.doFilter(LogoutFilter.java:107)
	at org.springframework.security.web.authentication.logout.LogoutFilter.doFilter(LogoutFilter.java:93)
	at org.springframework.security.web.FilterChainProxy$VirtualFilterChain.doFilter(FilterChainProxy.java:374)
	at org.springframework.security.web.header.HeaderWriterFilter.doHeadersAfter(HeaderWriterFilter.java:90)
	at org.springframework.security.web.header.HeaderWriterFilter.doFilterInternal(HeaderWriterFilter.java:75)
	at org.springframework.web.filter.OncePerRequestFilter.doFilter(OncePerRequestFilter.java:116)
	at org.springframework.security.web.FilterChainProxy$VirtualFilterChain.doFilter(FilterChainProxy.java:374)
	at org.springframework.security.web.context.SecurityContextHolderFilter.doFilter(SecurityContextHolderFilter.java:82)
	at org.springframework.security.web.context.SecurityContextHolderFilter.doFilter(SecurityContextHolderFilter.java:69)
	at org.springframework.security.web.FilterChainProxy$VirtualFilterChain.doFilter(FilterChainProxy.java:374)
	at org.springframework.security.web.context.request.async.WebAsyncManagerIntegrationFilter.doFilterInternal(WebAsyncManagerIntegrationFilter.java:62)
	at org.springframework.web.filter.OncePerRequestFilter.doFilter(OncePerRequestFilter.java:116)
	at org.springframework.security.web.FilterChainProxy$VirtualFilterChain.doFilter(FilterChainProxy.java:374)
	at org.springframework.security.web.session.DisableEncodeUrlFilter.doFilterInternal(DisableEncodeUrlFilter.java:42)
	at org.springframework.web.filter.OncePerRequestFilter.doFilter(OncePerRequestFilter.java:116)
	at org.springframework.security.web.FilterChainProxy$VirtualFilterChain.doFilter(FilterChainProxy.java:374)
	at org.springframework.security.web.FilterChainProxy.doFilterInternal(FilterChainProxy.java:233)
	at org.springframework.security.web.FilterChainProxy.doFilter(FilterChainProxy.java:191)
	at org.springframework.web.filter.DelegatingFilterProxy.invokeDelegate(DelegatingFilterProxy.java:352)
	at org.springframework.web.filter.DelegatingFilterProxy.doFilter(DelegatingFilterProxy.java:268)
	at org.apache.catalina.core.ApplicationFilterChain.internalDoFilter(ApplicationFilterChain.java:174)
	at org.apache.catalina.core.ApplicationFilterChain.doFilter(ApplicationFilterChain.java:149)
	at org.springframework.web.filter.RequestContextFilter.doFilterInternal(RequestContextFilter.java:100)
	at org.springframework.web.filter.OncePerRequestFilter.doFilter(OncePerRequestFilter.java:116)
	at org.apache.catalina.core.ApplicationFilterChain.internalDoFilter(ApplicationFilterChain.java:174)
	at org.apache.catalina.core.ApplicationFilterChain.doFilter(ApplicationFilterChain.java:149)
	at org.springframework.web.filter.FormContentFilter.doFilterInternal(FormContentFilter.java:93)
	at org.springframework.web.filter.OncePerRequestFilter.doFilter(OncePerRequestFilter.java:116)
	at org.apache.catalina.core.ApplicationFilterChain.internalDoFilter(ApplicationFilterChain.java:174)
	at org.apache.catalina.core.ApplicationFilterChain.doFilter(ApplicationFilterChain.java:149)
	at org.springframework.web.filter.CharacterEncodingFilter.doFilterInternal(CharacterEncodingFilter.java:201)
	at org.springframework.web.filter.OncePerRequestFilter.doFilter(OncePerRequestFilter.java:116)
	at org.apache.catalina.core.ApplicationFilterChain.internalDoFilter(ApplicationFilterChain.java:174)
	at org.apache.catalina.core.ApplicationFilterChain.doFilter(ApplicationFilterChain.java:149)
	at org.apache.catalina.core.StandardWrapperValve.invoke(StandardWrapperValve.java:167)
	at org.apache.catalina.core.StandardContextValve.invoke(StandardContextValve.java:90)
	at org.apache.catalina.authenticator.AuthenticatorBase.invoke(AuthenticatorBase.java:482)
	at org.apache.catalina.core.StandardHostValve.invoke(StandardHostValve.java:115)
	at org.apache.catalina.valves.ErrorReportValve.invoke(ErrorReportValve.java:93)
	at org.apache.catalina.core.StandardEngineValve.invoke(StandardEngineValve.java:74)
	at org.apache.catalina.connector.CoyoteAdapter.service(CoyoteAdapter.java:340)
	at org.apache.coyote.http11.Http11Processor.service(Http11Processor.java:391)
	at org.apache.coyote.AbstractProcessorLight.process(AbstractProcessorLight.java:63)
	at org.apache.coyote.AbstractProtocol$ConnectionHandler.process(AbstractProtocol.java:896)
	at org.apache.tomcat.util.net.NioEndpoint$SocketProcessor.doRun(NioEndpoint.java:1744)
	at org.apache.tomcat.util.net.SocketProcessorBase.run(SocketProcessorBase.java:52)
	at org.apache.tomcat.util.threads.ThreadPoolExecutor.runWorker(ThreadPoolExecutor.java:1191)
	at org.apache.tomcat.util.threads.ThreadPoolExecutor$Worker.run(ThreadPoolExecutor.java:659)
	at org.apache.tomcat.util.threads.TaskThread$WrappingRunnable.run(TaskThread.java:61)
	at java.base/java.lang.Thread.run(Thread.java:1589)
2024-11-02 22:42:55 [investment-topic-1-C-1] INFO  o.apache.kafka.clients.NetworkClient - [Consumer clientId=consumer-investment-topic-2, groupId=investment-topic] Node -1 disconnected.
2024-11-02 22:42:56 [org.springframework.kafka.KafkaListenerEndpointContainer#0-0-C-1] INFO  o.apache.kafka.clients.NetworkClient - [Consumer clientId=consumer-group-1-3, groupId=group-1] Node -1 disconnected.
2024-11-02 22:42:56 [investment-topic-0-C-1] INFO  o.apache.kafka.clients.NetworkClient - [Consumer clientId=consumer-investment-topic-1, groupId=investment-topic] Node -1 disconnected.
2024-11-02 22:42:56 [org.springframework.kafka.KafkaListenerEndpointContainer#1-1-C-1] INFO  o.apache.kafka.clients.NetworkClient - [Consumer clientId=consumer-group-1-6, groupId=group-1] Node -1 disconnected.
2024-11-02 22:42:56 [org.springframework.kafka.KafkaListenerEndpointContainer#1-0-C-1] INFO  o.apache.kafka.clients.NetworkClient - [Consumer clientId=consumer-group-1-5, groupId=group-1] Node -1 disconnected.
2024-11-02 22:42:56 [org.springframework.kafka.KafkaListenerEndpointContainer#0-1-C-1] INFO  o.apache.kafka.clients.NetworkClient - [Consumer clientId=consumer-group-1-4, groupId=group-1] Node -1 disconnected.
2024-11-02 22:53:25 [investment-topic-1-C-1] INFO  o.a.k.c.c.i.ConsumerCoordinator - [Consumer clientId=consumer-investment-topic-2, groupId=investment-topic] Member consumer-investment-topic-2-251646de-93cf-4cc2-a8b9-6f94bc941ecd sending LeaveGroup request to coordinator localhost:9092 (id: 2147483646 rack: null) due to the consumer unsubscribed from all topics
2024-11-02 22:53:25 [org.springframework.kafka.KafkaListenerEndpointContainer#0-0-C-1] INFO  o.a.k.c.c.i.ConsumerCoordinator - [Consumer clientId=consumer-group-1-3, groupId=group-1] Revoke previously assigned partitions payment-topic-0
2024-11-02 22:53:25 [investment-topic-0-C-1] INFO  o.a.k.c.c.i.ConsumerCoordinator - [Consumer clientId=consumer-investment-topic-1, groupId=investment-topic] Revoke previously assigned partitions investment-topic-0
2024-11-02 22:53:25 [org.springframework.kafka.KafkaListenerEndpointContainer#0-1-C-1] INFO  o.a.k.c.c.i.ConsumerCoordinator - [Consumer clientId=consumer-group-1-4, groupId=group-1] Revoke previously assigned partitions payment-topic-1
2024-11-02 22:53:25 [org.springframework.kafka.KafkaListenerEndpointContainer#1-1-C-1] INFO  o.a.k.c.c.i.ConsumerCoordinator - [Consumer clientId=consumer-group-1-6, groupId=group-1] Member consumer-group-1-6-fd3c9ce4-d396-424c-8937-7c7ce79c16d2 sending LeaveGroup request to coordinator localhost:9092 (id: 2147483646 rack: null) due to the consumer unsubscribed from all topics
2024-11-02 22:53:25 [org.springframework.kafka.KafkaListenerEndpointContainer#1-0-C-1] INFO  o.a.k.c.c.i.ConsumerCoordinator - [Consumer clientId=consumer-group-1-5, groupId=group-1] Revoke previously assigned partitions investment-topic-0
2024-11-02 22:53:25 [investment-topic-1-C-1] INFO  o.a.k.c.c.i.ConsumerCoordinator - [Consumer clientId=consumer-investment-topic-2, groupId=investment-topic] Resetting generation and member id due to: consumer pro-actively leaving the group
2024-11-02 22:53:25 [org.springframework.kafka.KafkaListenerEndpointContainer#1-1-C-1] INFO  o.a.k.c.c.i.ConsumerCoordinator - [Consumer clientId=consumer-group-1-6, groupId=group-1] Resetting generation and member id due to: consumer pro-actively leaving the group
2024-11-02 22:53:25 [org.springframework.kafka.KafkaListenerEndpointContainer#1-1-C-1] INFO  o.a.k.c.c.i.ConsumerCoordinator - [Consumer clientId=consumer-group-1-6, groupId=group-1] Request joining group due to: consumer pro-actively leaving the group
2024-11-02 22:53:25 [investment-topic-1-C-1] INFO  o.a.k.c.c.i.ConsumerCoordinator - [Consumer clientId=consumer-investment-topic-2, groupId=investment-topic] Request joining group due to: consumer pro-actively leaving the group
2024-11-02 22:53:25 [org.springframework.kafka.KafkaListenerEndpointContainer#1-1-C-1] INFO  o.a.k.clients.consumer.KafkaConsumer - [Consumer clientId=consumer-group-1-6, groupId=group-1] Unsubscribed all topics or patterns and assigned partitions
2024-11-02 22:53:25 [investment-topic-1-C-1] INFO  o.a.k.clients.consumer.KafkaConsumer - [Consumer clientId=consumer-investment-topic-2, groupId=investment-topic] Unsubscribed all topics or patterns and assigned partitions
2024-11-02 22:53:25 [org.springframework.kafka.KafkaListenerEndpointContainer#1-0-C-1] INFO  o.s.k.l.KafkaMessageListenerContainer - group-1: partitions revoked: [investment-topic-0]
2024-11-02 22:53:25 [org.springframework.kafka.KafkaListenerEndpointContainer#0-0-C-1] INFO  o.s.k.l.KafkaMessageListenerContainer - group-1: partitions revoked: [payment-topic-0]
2024-11-02 22:53:25 [org.springframework.kafka.KafkaListenerEndpointContainer#0-1-C-1] INFO  o.s.k.l.KafkaMessageListenerContainer - group-1: partitions revoked: [payment-topic-1]
2024-11-02 22:53:25 [investment-topic-0-C-1] INFO  o.s.k.l.KafkaMessageListenerContainer - investment-topic: partitions revoked: [investment-topic-0]
2024-11-02 22:53:25 [org.springframework.kafka.KafkaListenerEndpointContainer#0-1-C-1] INFO  o.a.k.c.c.i.ConsumerCoordinator - [Consumer clientId=consumer-group-1-4, groupId=group-1] Member consumer-group-1-4-70e481c8-dbfd-4884-8ffb-45dcca7e2fb0 sending LeaveGroup request to coordinator localhost:9092 (id: 2147483646 rack: null) due to the consumer unsubscribed from all topics
2024-11-02 22:53:25 [investment-topic-0-C-1] INFO  o.a.k.c.c.i.ConsumerCoordinator - [Consumer clientId=consumer-investment-topic-1, groupId=investment-topic] Member consumer-investment-topic-1-44f185dc-f314-4f7d-a3b8-1bc780347db2 sending LeaveGroup request to coordinator localhost:9092 (id: 2147483646 rack: null) due to the consumer unsubscribed from all topics
2024-11-02 22:53:25 [org.springframework.kafka.KafkaListenerEndpointContainer#0-1-C-1] INFO  o.a.k.c.c.i.ConsumerCoordinator - [Consumer clientId=consumer-group-1-4, groupId=group-1] Resetting generation and member id due to: consumer pro-actively leaving the group
2024-11-02 22:53:25 [org.springframework.kafka.KafkaListenerEndpointContainer#0-0-C-1] INFO  o.a.k.c.c.i.ConsumerCoordinator - [Consumer clientId=consumer-group-1-3, groupId=group-1] Member consumer-group-1-3-9a89e2d2-fcac-4e56-9e5e-68e6065c507d sending LeaveGroup request to coordinator localhost:9092 (id: 2147483646 rack: null) due to the consumer unsubscribed from all topics
2024-11-02 22:53:25 [org.springframework.kafka.KafkaListenerEndpointContainer#0-1-C-1] INFO  o.a.k.c.c.i.ConsumerCoordinator - [Consumer clientId=consumer-group-1-4, groupId=group-1] Request joining group due to: consumer pro-actively leaving the group
2024-11-02 22:53:25 [org.springframework.kafka.KafkaListenerEndpointContainer#0-1-C-1] INFO  o.a.k.clients.consumer.KafkaConsumer - [Consumer clientId=consumer-group-1-4, groupId=group-1] Unsubscribed all topics or patterns and assigned partitions
2024-11-02 22:53:25 [investment-topic-0-C-1] INFO  o.a.k.c.c.i.ConsumerCoordinator - [Consumer clientId=consumer-investment-topic-1, groupId=investment-topic] Resetting generation and member id due to: consumer pro-actively leaving the group
2024-11-02 22:53:25 [investment-topic-0-C-1] INFO  o.a.k.c.c.i.ConsumerCoordinator - [Consumer clientId=consumer-investment-topic-1, groupId=investment-topic] Request joining group due to: consumer pro-actively leaving the group
2024-11-02 22:53:25 [org.springframework.kafka.KafkaListenerEndpointContainer#0-0-C-1] INFO  o.a.k.c.c.i.ConsumerCoordinator - [Consumer clientId=consumer-group-1-3, groupId=group-1] Resetting generation and member id due to: consumer pro-actively leaving the group
2024-11-02 22:53:25 [investment-topic-0-C-1] INFO  o.a.k.clients.consumer.KafkaConsumer - [Consumer clientId=consumer-investment-topic-1, groupId=investment-topic] Unsubscribed all topics or patterns and assigned partitions
2024-11-02 22:53:25 [org.springframework.kafka.KafkaListenerEndpointContainer#1-0-C-1] INFO  o.a.k.c.c.i.ConsumerCoordinator - [Consumer clientId=consumer-group-1-5, groupId=group-1] Member consumer-group-1-5-cd0d0211-a84f-405a-96fe-67fc5042efe6 sending LeaveGroup request to coordinator localhost:9092 (id: 2147483646 rack: null) due to the consumer unsubscribed from all topics
2024-11-02 22:53:25 [org.springframework.kafka.KafkaListenerEndpointContainer#0-0-C-1] INFO  o.a.k.c.c.i.ConsumerCoordinator - [Consumer clientId=consumer-group-1-3, groupId=group-1] Request joining group due to: consumer pro-actively leaving the group
2024-11-02 22:53:25 [org.springframework.kafka.KafkaListenerEndpointContainer#0-0-C-1] INFO  o.a.k.clients.consumer.KafkaConsumer - [Consumer clientId=consumer-group-1-3, groupId=group-1] Unsubscribed all topics or patterns and assigned partitions
2024-11-02 22:53:25 [org.springframework.kafka.KafkaListenerEndpointContainer#1-0-C-1] INFO  o.a.k.c.c.i.ConsumerCoordinator - [Consumer clientId=consumer-group-1-5, groupId=group-1] Resetting generation and member id due to: consumer pro-actively leaving the group
2024-11-02 22:53:25 [org.springframework.kafka.KafkaListenerEndpointContainer#1-0-C-1] INFO  o.a.k.c.c.i.ConsumerCoordinator - [Consumer clientId=consumer-group-1-5, groupId=group-1] Request joining group due to: consumer pro-actively leaving the group
2024-11-02 22:53:25 [org.springframework.kafka.KafkaListenerEndpointContainer#1-0-C-1] INFO  o.a.k.clients.consumer.KafkaConsumer - [Consumer clientId=consumer-group-1-5, groupId=group-1] Unsubscribed all topics or patterns and assigned partitions
2024-11-02 22:53:25 [org.springframework.kafka.KafkaListenerEndpointContainer#1-0-C-1] INFO  o.a.k.c.c.i.ConsumerCoordinator - [Consumer clientId=consumer-group-1-5, groupId=group-1] Resetting generation and member id due to: consumer pro-actively leaving the group
2024-11-02 22:53:25 [org.springframework.kafka.KafkaListenerEndpointContainer#0-1-C-1] INFO  o.a.k.c.c.i.ConsumerCoordinator - [Consumer clientId=consumer-group-1-4, groupId=group-1] Resetting generation and member id due to: consumer pro-actively leaving the group
2024-11-02 22:53:25 [org.springframework.kafka.KafkaListenerEndpointContainer#0-1-C-1] INFO  o.a.k.c.c.i.ConsumerCoordinator - [Consumer clientId=consumer-group-1-4, groupId=group-1] Request joining group due to: consumer pro-actively leaving the group
2024-11-02 22:53:25 [org.springframework.kafka.KafkaListenerEndpointContainer#1-0-C-1] INFO  o.a.k.c.c.i.ConsumerCoordinator - [Consumer clientId=consumer-group-1-5, groupId=group-1] Request joining group due to: consumer pro-actively leaving the group
2024-11-02 22:53:25 [investment-topic-0-C-1] INFO  o.a.k.c.c.i.ConsumerCoordinator - [Consumer clientId=consumer-investment-topic-1, groupId=investment-topic] Resetting generation and member id due to: consumer pro-actively leaving the group
2024-11-02 22:53:25 [org.springframework.kafka.KafkaListenerEndpointContainer#1-1-C-1] INFO  o.a.k.c.c.i.ConsumerCoordinator - [Consumer clientId=consumer-group-1-6, groupId=group-1] Resetting generation and member id due to: consumer pro-actively leaving the group
2024-11-02 22:53:25 [org.springframework.kafka.KafkaListenerEndpointContainer#0-0-C-1] INFO  o.a.k.c.c.i.ConsumerCoordinator - [Consumer clientId=consumer-group-1-3, groupId=group-1] Resetting generation and member id due to: consumer pro-actively leaving the group
2024-11-02 22:53:25 [investment-topic-0-C-1] INFO  o.a.k.c.c.i.ConsumerCoordinator - [Consumer clientId=consumer-investment-topic-1, groupId=investment-topic] Request joining group due to: consumer pro-actively leaving the group
2024-11-02 22:53:25 [org.springframework.kafka.KafkaListenerEndpointContainer#1-1-C-1] INFO  o.a.k.c.c.i.ConsumerCoordinator - [Consumer clientId=consumer-group-1-6, groupId=group-1] Request joining group due to: consumer pro-actively leaving the group
2024-11-02 22:53:25 [investment-topic-1-C-1] INFO  o.a.k.c.c.i.ConsumerCoordinator - [Consumer clientId=consumer-investment-topic-2, groupId=investment-topic] Resetting generation and member id due to: consumer pro-actively leaving the group
2024-11-02 22:53:25 [org.springframework.kafka.KafkaListenerEndpointContainer#0-0-C-1] INFO  o.a.k.c.c.i.ConsumerCoordinator - [Consumer clientId=consumer-group-1-3, groupId=group-1] Request joining group due to: consumer pro-actively leaving the group
2024-11-02 22:53:25 [investment-topic-1-C-1] INFO  o.a.k.c.c.i.ConsumerCoordinator - [Consumer clientId=consumer-investment-topic-2, groupId=investment-topic] Request joining group due to: consumer pro-actively leaving the group
2024-11-02 22:53:25 [investment-topic-1-C-1] INFO  o.a.kafka.common.metrics.Metrics - Metrics scheduler closed
2024-11-02 22:53:25 [org.springframework.kafka.KafkaListenerEndpointContainer#1-1-C-1] INFO  o.a.kafka.common.metrics.Metrics - Metrics scheduler closed
2024-11-02 22:53:25 [org.springframework.kafka.KafkaListenerEndpointContainer#1-1-C-1] INFO  o.a.kafka.common.metrics.Metrics - Closing reporter org.apache.kafka.common.metrics.JmxReporter
2024-11-02 22:53:25 [investment-topic-1-C-1] INFO  o.a.kafka.common.metrics.Metrics - Closing reporter org.apache.kafka.common.metrics.JmxReporter
2024-11-02 22:53:25 [org.springframework.kafka.KafkaListenerEndpointContainer#1-1-C-1] INFO  o.a.kafka.common.metrics.Metrics - Metrics reporters closed
2024-11-02 22:53:25 [investment-topic-1-C-1] INFO  o.a.kafka.common.metrics.Metrics - Metrics reporters closed
2024-11-02 22:53:25 [org.springframework.kafka.KafkaListenerEndpointContainer#1-1-C-1] INFO  o.a.kafka.common.utils.AppInfoParser - App info kafka.consumer for consumer-group-1-6 unregistered
2024-11-02 22:53:25 [investment-topic-1-C-1] INFO  o.a.kafka.common.utils.AppInfoParser - App info kafka.consumer for consumer-investment-topic-2 unregistered
2024-11-02 22:53:25 [org.springframework.kafka.KafkaListenerEndpointContainer#1-1-C-1] INFO  o.s.k.l.KafkaMessageListenerContainer - group-1: Consumer stopped
2024-11-02 22:53:25 [investment-topic-1-C-1] INFO  o.s.k.l.KafkaMessageListenerContainer - investment-topic: Consumer stopped
2024-11-02 22:53:25 [org.springframework.kafka.KafkaListenerEndpointContainer#1-0-C-1] INFO  o.a.kafka.common.metrics.Metrics - Metrics scheduler closed
2024-11-02 22:53:25 [org.springframework.kafka.KafkaListenerEndpointContainer#0-1-C-1] INFO  o.a.kafka.common.metrics.Metrics - Metrics scheduler closed
2024-11-02 22:53:25 [org.springframework.kafka.KafkaListenerEndpointContainer#1-0-C-1] INFO  o.a.kafka.common.metrics.Metrics - Closing reporter org.apache.kafka.common.metrics.JmxReporter
2024-11-02 22:53:25 [org.springframework.kafka.KafkaListenerEndpointContainer#0-0-C-1] INFO  o.a.kafka.common.metrics.Metrics - Metrics scheduler closed
2024-11-02 22:53:25 [org.springframework.kafka.KafkaListenerEndpointContainer#0-0-C-1] INFO  o.a.kafka.common.metrics.Metrics - Closing reporter org.apache.kafka.common.metrics.JmxReporter
2024-11-02 22:53:25 [investment-topic-0-C-1] INFO  o.a.kafka.common.metrics.Metrics - Metrics scheduler closed
2024-11-02 22:53:25 [investment-topic-0-C-1] INFO  o.a.kafka.common.metrics.Metrics - Closing reporter org.apache.kafka.common.metrics.JmxReporter
2024-11-02 22:53:25 [org.springframework.kafka.KafkaListenerEndpointContainer#0-1-C-1] INFO  o.a.kafka.common.metrics.Metrics - Closing reporter org.apache.kafka.common.metrics.JmxReporter
2024-11-02 22:53:25 [org.springframework.kafka.KafkaListenerEndpointContainer#0-0-C-1] INFO  o.a.kafka.common.metrics.Metrics - Metrics reporters closed
2024-11-02 22:53:25 [org.springframework.kafka.KafkaListenerEndpointContainer#1-0-C-1] INFO  o.a.kafka.common.metrics.Metrics - Metrics reporters closed
2024-11-02 22:53:25 [org.springframework.kafka.KafkaListenerEndpointContainer#0-1-C-1] INFO  o.a.kafka.common.metrics.Metrics - Metrics reporters closed
2024-11-02 22:53:25 [investment-topic-0-C-1] INFO  o.a.kafka.common.metrics.Metrics - Metrics reporters closed
2024-11-02 22:53:25 [org.springframework.kafka.KafkaListenerEndpointContainer#0-1-C-1] INFO  o.a.kafka.common.utils.AppInfoParser - App info kafka.consumer for consumer-group-1-4 unregistered
2024-11-02 22:53:25 [org.springframework.kafka.KafkaListenerEndpointContainer#0-1-C-1] INFO  o.s.k.l.KafkaMessageListenerContainer - group-1: Consumer stopped
2024-11-02 22:53:25 [org.springframework.kafka.KafkaListenerEndpointContainer#0-0-C-1] INFO  o.a.kafka.common.utils.AppInfoParser - App info kafka.consumer for consumer-group-1-3 unregistered
2024-11-02 22:53:25 [org.springframework.kafka.KafkaListenerEndpointContainer#0-0-C-1] INFO  o.s.k.l.KafkaMessageListenerContainer - group-1: Consumer stopped
2024-11-02 22:53:25 [org.springframework.kafka.KafkaListenerEndpointContainer#1-0-C-1] INFO  o.a.kafka.common.utils.AppInfoParser - App info kafka.consumer for consumer-group-1-5 unregistered
2024-11-02 22:53:25 [org.springframework.kafka.KafkaListenerEndpointContainer#1-0-C-1] INFO  o.s.k.l.KafkaMessageListenerContainer - group-1: Consumer stopped
2024-11-02 22:53:25 [investment-topic-0-C-1] INFO  o.a.kafka.common.utils.AppInfoParser - App info kafka.consumer for consumer-investment-topic-1 unregistered
2024-11-02 22:53:25 [investment-topic-0-C-1] INFO  o.s.k.l.KafkaMessageListenerContainer - investment-topic: Consumer stopped
2024-11-02 22:53:25 [SpringApplicationShutdownHook] INFO  o.s.o.j.LocalContainerEntityManagerFactoryBean - Closing JPA EntityManagerFactory for persistence unit 'default'
2024-11-02 22:53:26 [SpringApplicationShutdownHook] TRACE o.h.type.spi.TypeConfiguration$Scope - Handling #sessionFactoryClosed from [org.hibernate.internal.SessionFactoryImpl@402c415e] for TypeConfiguration
2024-11-02 22:53:26 [SpringApplicationShutdownHook] DEBUG o.h.type.spi.TypeConfiguration$Scope - Un-scoping TypeConfiguration [org.hibernate.type.spi.TypeConfiguration$Scope@6aeedfc9] from SessionFactory [org.hibernate.internal.SessionFactoryImpl@402c415e]
2024-11-02 22:53:26 [SpringApplicationShutdownHook] INFO  com.zaxxer.hikari.HikariDataSource - HikariPool-1 - Shutdown initiated...
2024-11-02 22:53:26 [SpringApplicationShutdownHook] INFO  com.zaxxer.hikari.HikariDataSource - HikariPool-1 - Shutdown completed.
2024-11-02 22:53:45 [main] INFO  org.example.Main - Starting Main using Java 19.0.1 with PID 17972 (C:\Users\Pc\Desktop\CroudInvest\target\classes started by Pc in C:\Users\Pc\Desktop\CroudInvest)
2024-11-02 22:53:45 [main] DEBUG org.example.Main - Running with Spring Boot v3.1.5, Spring v6.0.9
2024-11-02 22:53:45 [main] INFO  org.example.Main - No active profile set, falling back to 1 default profile: "default"
2024-11-02 22:53:47 [main] INFO  o.s.d.r.c.RepositoryConfigurationDelegate - Bootstrapping Spring Data JPA repositories in DEFAULT mode.
2024-11-02 22:53:47 [main] INFO  o.s.d.r.c.RepositoryConfigurationDelegate - Finished Spring Data repository scanning in 192 ms. Found 5 JPA repository interfaces.
2024-11-02 22:53:49 [main] INFO  o.s.b.w.e.tomcat.TomcatWebServer - Tomcat initialized with port(s): 8080 (http)
2024-11-02 22:53:49 [main] INFO  o.a.coyote.http11.Http11NioProtocol - Initializing ProtocolHandler ["http-nio-8080"]
2024-11-02 22:53:49 [main] INFO  o.a.catalina.core.StandardService - Starting service [Tomcat]
2024-11-02 22:53:49 [main] INFO  o.a.catalina.core.StandardEngine - Starting Servlet engine: [Apache Tomcat/10.1.15]
2024-11-02 22:53:49 [main] INFO  o.a.c.c.C.[Tomcat].[localhost].[/] - Initializing Spring embedded WebApplicationContext
2024-11-02 22:53:49 [main] INFO  o.s.b.w.s.c.ServletWebServerApplicationContext - Root WebApplicationContext: initialization completed in 4251 ms
2024-11-02 22:53:50 [main] INFO  com.zaxxer.hikari.HikariDataSource - HikariPool-1 - Starting...
2024-11-02 22:53:50 [main] INFO  com.zaxxer.hikari.pool.HikariPool - HikariPool-1 - Added connection conn0: url=jdbc:h2:file:./data/demo user=SA
2024-11-02 22:53:50 [main] INFO  com.zaxxer.hikari.HikariDataSource - HikariPool-1 - Start completed.
2024-11-02 22:53:50 [main] INFO  o.s.b.a.h.H2ConsoleAutoConfiguration - H2 console available at '/h2-console'. Database available at 'jdbc:h2:file:./data/demo'
2024-11-02 22:53:50 [main] DEBUG org.example.config.jwt.JwtFilter - Filter 'jwtFilter' configured for use
2024-11-02 22:53:50 [main] INFO  o.h.jpa.internal.util.LogHelper - HHH000204: Processing PersistenceUnitInfo [name: default]
2024-11-02 22:53:51 [main] INFO  org.hibernate.Version - HHH000412: Hibernate ORM core version 6.2.13.Final
2024-11-02 22:53:51 [main] INFO  org.hibernate.cfg.Environment - HHH000406: Using bytecode reflection optimizer
2024-11-02 22:53:51 [main] DEBUG o.hibernate.type.BasicTypeRegistry - Adding type registration boolean -> org.hibernate.type.BasicTypeReference@4b85edeb
2024-11-02 22:53:51 [main] DEBUG o.hibernate.type.BasicTypeRegistry - Adding type registration boolean -> org.hibernate.type.BasicTypeReference@4b85edeb
2024-11-02 22:53:51 [main] DEBUG o.hibernate.type.BasicTypeRegistry - Adding type registration java.lang.Boolean -> org.hibernate.type.BasicTypeReference@4b85edeb
2024-11-02 22:53:51 [main] DEBUG o.hibernate.type.BasicTypeRegistry - Adding type registration numeric_boolean -> org.hibernate.type.BasicTypeReference@5731caaf
2024-11-02 22:53:51 [main] DEBUG o.hibernate.type.BasicTypeRegistry - Adding type registration org.hibernate.type.NumericBooleanConverter -> org.hibernate.type.BasicTypeReference@5731caaf
2024-11-02 22:53:51 [main] DEBUG o.hibernate.type.BasicTypeRegistry - Adding type registration true_false -> org.hibernate.type.BasicTypeReference@59933644
2024-11-02 22:53:51 [main] DEBUG o.hibernate.type.BasicTypeRegistry - Adding type registration org.hibernate.type.TrueFalseConverter -> org.hibernate.type.BasicTypeReference@59933644
2024-11-02 22:53:51 [main] DEBUG o.hibernate.type.BasicTypeRegistry - Adding type registration yes_no -> org.hibernate.type.BasicTypeReference@67e6eb52
2024-11-02 22:53:51 [main] DEBUG o.hibernate.type.BasicTypeRegistry - Adding type registration org.hibernate.type.YesNoConverter -> org.hibernate.type.BasicTypeReference@67e6eb52
2024-11-02 22:53:51 [main] DEBUG o.hibernate.type.BasicTypeRegistry - Adding type registration byte -> org.hibernate.type.BasicTypeReference@3e8b8f0
2024-11-02 22:53:51 [main] DEBUG o.hibernate.type.BasicTypeRegistry - Adding type registration byte -> org.hibernate.type.BasicTypeReference@3e8b8f0
2024-11-02 22:53:51 [main] DEBUG o.hibernate.type.BasicTypeRegistry - Adding type registration java.lang.Byte -> org.hibernate.type.BasicTypeReference@3e8b8f0
2024-11-02 22:53:51 [main] DEBUG o.hibernate.type.BasicTypeRegistry - Adding type registration binary -> org.hibernate.type.BasicTypeReference@5ad57e90
2024-11-02 22:53:51 [main] DEBUG o.hibernate.type.BasicTypeRegistry - Adding type registration byte[] -> org.hibernate.type.BasicTypeReference@5ad57e90
2024-11-02 22:53:51 [main] DEBUG o.hibernate.type.BasicTypeRegistry - Adding type registration [B -> org.hibernate.type.BasicTypeReference@5ad57e90
2024-11-02 22:53:51 [main] DEBUG o.hibernate.type.BasicTypeRegistry - Adding type registration binary_wrapper -> org.hibernate.type.BasicTypeReference@1a345298
2024-11-02 22:53:51 [main] DEBUG o.hibernate.type.BasicTypeRegistry - Adding type registration wrapper-binary -> org.hibernate.type.BasicTypeReference@1a345298
2024-11-02 22:53:51 [main] DEBUG o.hibernate.type.BasicTypeRegistry - Adding type registration image -> org.hibernate.type.BasicTypeReference@4ad896f7
2024-11-02 22:53:51 [main] DEBUG o.hibernate.type.BasicTypeRegistry - Adding type registration blob -> org.hibernate.type.BasicTypeReference@c318864
2024-11-02 22:53:51 [main] DEBUG o.hibernate.type.BasicTypeRegistry - Adding type registration java.sql.Blob -> org.hibernate.type.BasicTypeReference@c318864
2024-11-02 22:53:51 [main] DEBUG o.hibernate.type.BasicTypeRegistry - Adding type registration materialized_blob -> org.hibernate.type.BasicTypeReference@7d61468c
2024-11-02 22:53:51 [main] DEBUG o.hibernate.type.BasicTypeRegistry - Adding type registration materialized_blob_wrapper -> org.hibernate.type.BasicTypeReference@45796b2a
2024-11-02 22:53:51 [main] DEBUG o.hibernate.type.BasicTypeRegistry - Adding type registration short -> org.hibernate.type.BasicTypeReference@4b98225c
2024-11-02 22:53:51 [main] DEBUG o.hibernate.type.BasicTypeRegistry - Adding type registration short -> org.hibernate.type.BasicTypeReference@4b98225c
2024-11-02 22:53:51 [main] DEBUG o.hibernate.type.BasicTypeRegistry - Adding type registration java.lang.Short -> org.hibernate.type.BasicTypeReference@4b98225c
2024-11-02 22:53:51 [main] DEBUG o.hibernate.type.BasicTypeRegistry - Adding type registration integer -> org.hibernate.type.BasicTypeReference@4beae1e3
2024-11-02 22:53:51 [main] DEBUG o.hibernate.type.BasicTypeRegistry - Adding type registration int -> org.hibernate.type.BasicTypeReference@4beae1e3
2024-11-02 22:53:51 [main] DEBUG o.hibernate.type.BasicTypeRegistry - Adding type registration java.lang.Integer -> org.hibernate.type.BasicTypeReference@4beae1e3
2024-11-02 22:53:51 [main] DEBUG o.hibernate.type.BasicTypeRegistry - Adding type registration long -> org.hibernate.type.BasicTypeReference@3c488b34
2024-11-02 22:53:51 [main] DEBUG o.hibernate.type.BasicTypeRegistry - Adding type registration long -> org.hibernate.type.BasicTypeReference@3c488b34
2024-11-02 22:53:51 [main] DEBUG o.hibernate.type.BasicTypeRegistry - Adding type registration java.lang.Long -> org.hibernate.type.BasicTypeReference@3c488b34
2024-11-02 22:53:51 [main] DEBUG o.hibernate.type.BasicTypeRegistry - Adding type registration float -> org.hibernate.type.BasicTypeReference@32e697ac
2024-11-02 22:53:51 [main] DEBUG o.hibernate.type.BasicTypeRegistry - Adding type registration float -> org.hibernate.type.BasicTypeReference@32e697ac
2024-11-02 22:53:51 [main] DEBUG o.hibernate.type.BasicTypeRegistry - Adding type registration java.lang.Float -> org.hibernate.type.BasicTypeReference@32e697ac
2024-11-02 22:53:51 [main] DEBUG o.hibernate.type.BasicTypeRegistry - Adding type registration double -> org.hibernate.type.BasicTypeReference@3866c96e
2024-11-02 22:53:51 [main] DEBUG o.hibernate.type.BasicTypeRegistry - Adding type registration double -> org.hibernate.type.BasicTypeReference@3866c96e
2024-11-02 22:53:51 [main] DEBUG o.hibernate.type.BasicTypeRegistry - Adding type registration java.lang.Double -> org.hibernate.type.BasicTypeReference@3866c96e
2024-11-02 22:53:51 [main] DEBUG o.hibernate.type.BasicTypeRegistry - Adding type registration big_integer -> org.hibernate.type.BasicTypeReference@241fc278
2024-11-02 22:53:51 [main] DEBUG o.hibernate.type.BasicTypeRegistry - Adding type registration java.math.BigInteger -> org.hibernate.type.BasicTypeReference@241fc278
2024-11-02 22:53:51 [main] DEBUG o.hibernate.type.BasicTypeRegistry - Adding type registration big_decimal -> org.hibernate.type.BasicTypeReference@5c76fce4
2024-11-02 22:53:51 [main] DEBUG o.hibernate.type.BasicTypeRegistry - Adding type registration java.math.BigDecimal -> org.hibernate.type.BasicTypeReference@5c76fce4
2024-11-02 22:53:51 [main] DEBUG o.hibernate.type.BasicTypeRegistry - Adding type registration character -> org.hibernate.type.BasicTypeReference@5aab5b31
2024-11-02 22:53:51 [main] DEBUG o.hibernate.type.BasicTypeRegistry - Adding type registration char -> org.hibernate.type.BasicTypeReference@5aab5b31
2024-11-02 22:53:51 [main] DEBUG o.hibernate.type.BasicTypeRegistry - Adding type registration java.lang.Character -> org.hibernate.type.BasicTypeReference@5aab5b31
2024-11-02 22:53:51 [main] DEBUG o.hibernate.type.BasicTypeRegistry - Adding type registration character_nchar -> org.hibernate.type.BasicTypeReference@5408d4b3
2024-11-02 22:53:51 [main] DEBUG o.hibernate.type.BasicTypeRegistry - Adding type registration string -> org.hibernate.type.BasicTypeReference@eded048
2024-11-02 22:53:51 [main] DEBUG o.hibernate.type.BasicTypeRegistry - Adding type registration java.lang.String -> org.hibernate.type.BasicTypeReference@eded048
2024-11-02 22:53:51 [main] DEBUG o.hibernate.type.BasicTypeRegistry - Adding type registration nstring -> org.hibernate.type.BasicTypeReference@65a48cab
2024-11-02 22:53:51 [main] DEBUG o.hibernate.type.BasicTypeRegistry - Adding type registration characters -> org.hibernate.type.BasicTypeReference@655621fd
2024-11-02 22:53:51 [main] DEBUG o.hibernate.type.BasicTypeRegistry - Adding type registration char[] -> org.hibernate.type.BasicTypeReference@655621fd
2024-11-02 22:53:51 [main] DEBUG o.hibernate.type.BasicTypeRegistry - Adding type registration [C -> org.hibernate.type.BasicTypeReference@655621fd
2024-11-02 22:53:51 [main] DEBUG o.hibernate.type.BasicTypeRegistry - Adding type registration wrapper-characters -> org.hibernate.type.BasicTypeReference@77e9dca8
2024-11-02 22:53:51 [main] DEBUG o.hibernate.type.BasicTypeRegistry - Adding type registration text -> org.hibernate.type.BasicTypeReference@fcd0e8d
2024-11-02 22:53:51 [main] DEBUG o.hibernate.type.BasicTypeRegistry - Adding type registration ntext -> org.hibernate.type.BasicTypeReference@4e4d0a0b
2024-11-02 22:53:51 [main] DEBUG o.hibernate.type.BasicTypeRegistry - Adding type registration clob -> org.hibernate.type.BasicTypeReference@1a4083f6
2024-11-02 22:53:51 [main] DEBUG o.hibernate.type.BasicTypeRegistry - Adding type registration java.sql.Clob -> org.hibernate.type.BasicTypeReference@1a4083f6
2024-11-02 22:53:51 [main] DEBUG o.hibernate.type.BasicTypeRegistry - Adding type registration nclob -> org.hibernate.type.BasicTypeReference@23f5008a
2024-11-02 22:53:51 [main] DEBUG o.hibernate.type.BasicTypeRegistry - Adding type registration java.sql.NClob -> org.hibernate.type.BasicTypeReference@23f5008a
2024-11-02 22:53:51 [main] DEBUG o.hibernate.type.BasicTypeRegistry - Adding type registration materialized_clob -> org.hibernate.type.BasicTypeReference@44abdb1f
2024-11-02 22:53:51 [main] DEBUG o.hibernate.type.BasicTypeRegistry - Adding type registration materialized_clob_char_array -> org.hibernate.type.BasicTypeReference@62108cd3
2024-11-02 22:53:51 [main] DEBUG o.hibernate.type.BasicTypeRegistry - Adding type registration materialized_clob_character_array -> org.hibernate.type.BasicTypeReference@7cd1ec54
2024-11-02 22:53:51 [main] DEBUG o.hibernate.type.BasicTypeRegistry - Adding type registration materialized_nclob -> org.hibernate.type.BasicTypeReference@77ab5214
2024-11-02 22:53:51 [main] DEBUG o.hibernate.type.BasicTypeRegistry - Adding type registration materialized_nclob_character_array -> org.hibernate.type.BasicTypeReference@6d420cdd
2024-11-02 22:53:51 [main] DEBUG o.hibernate.type.BasicTypeRegistry - Adding type registration materialized_nclob_char_array -> org.hibernate.type.BasicTypeReference@bd273b2
2024-11-02 22:53:51 [main] DEBUG o.hibernate.type.BasicTypeRegistry - Adding type registration Duration -> org.hibernate.type.BasicTypeReference@78128dd0
2024-11-02 22:53:51 [main] DEBUG o.hibernate.type.BasicTypeRegistry - Adding type registration java.time.Duration -> org.hibernate.type.BasicTypeReference@78128dd0
2024-11-02 22:53:51 [main] DEBUG o.hibernate.type.BasicTypeRegistry - Adding type registration LocalDateTime -> org.hibernate.type.BasicTypeReference@55044b34
2024-11-02 22:53:51 [main] DEBUG o.hibernate.type.BasicTypeRegistry - Adding type registration java.time.LocalDateTime -> org.hibernate.type.BasicTypeReference@55044b34
2024-11-02 22:53:51 [main] DEBUG o.hibernate.type.BasicTypeRegistry - Adding type registration LocalDate -> org.hibernate.type.BasicTypeReference@28dd81ad
2024-11-02 22:53:51 [main] DEBUG o.hibernate.type.BasicTypeRegistry - Adding type registration java.time.LocalDate -> org.hibernate.type.BasicTypeReference@28dd81ad
2024-11-02 22:53:51 [main] DEBUG o.hibernate.type.BasicTypeRegistry - Adding type registration LocalTime -> org.hibernate.type.BasicTypeReference@300a38e7
2024-11-02 22:53:51 [main] DEBUG o.hibernate.type.BasicTypeRegistry - Adding type registration java.time.LocalTime -> org.hibernate.type.BasicTypeReference@300a38e7
2024-11-02 22:53:51 [main] DEBUG o.hibernate.type.BasicTypeRegistry - Adding type registration OffsetDateTime -> org.hibernate.type.BasicTypeReference@5c9a4f3b
2024-11-02 22:53:51 [main] DEBUG o.hibernate.type.BasicTypeRegistry - Adding type registration java.time.OffsetDateTime -> org.hibernate.type.BasicTypeReference@5c9a4f3b
2024-11-02 22:53:51 [main] DEBUG o.hibernate.type.BasicTypeRegistry - Adding type registration OffsetDateTimeWithTimezone -> org.hibernate.type.BasicTypeReference@2bb0e277
2024-11-02 22:53:51 [main] DEBUG o.hibernate.type.BasicTypeRegistry - Adding type registration OffsetDateTimeWithoutTimezone -> org.hibernate.type.BasicTypeReference@6f24ce45
2024-11-02 22:53:51 [main] DEBUG o.hibernate.type.BasicTypeRegistry - Adding type registration OffsetTime -> org.hibernate.type.BasicTypeReference@e881e46
2024-11-02 22:53:51 [main] DEBUG o.hibernate.type.BasicTypeRegistry - Adding type registration java.time.OffsetTime -> org.hibernate.type.BasicTypeReference@e881e46
2024-11-02 22:53:51 [main] DEBUG o.hibernate.type.BasicTypeRegistry - Adding type registration OffsetTimeUtc -> org.hibernate.type.BasicTypeReference@657b3b
2024-11-02 22:53:51 [main] DEBUG o.hibernate.type.BasicTypeRegistry - Adding type registration OffsetTimeWithTimezone -> org.hibernate.type.BasicTypeReference@2cea921a
2024-11-02 22:53:51 [main] DEBUG o.hibernate.type.BasicTypeRegistry - Adding type registration OffsetTimeWithoutTimezone -> org.hibernate.type.BasicTypeReference@65753724
2024-11-02 22:53:51 [main] DEBUG o.hibernate.type.BasicTypeRegistry - Adding type registration ZonedDateTime -> org.hibernate.type.BasicTypeReference@2bc16fe2
2024-11-02 22:53:51 [main] DEBUG o.hibernate.type.BasicTypeRegistry - Adding type registration java.time.ZonedDateTime -> org.hibernate.type.BasicTypeReference@2bc16fe2
2024-11-02 22:53:51 [main] DEBUG o.hibernate.type.BasicTypeRegistry - Adding type registration ZonedDateTimeWithTimezone -> org.hibernate.type.BasicTypeReference@d66502
2024-11-02 22:53:51 [main] DEBUG o.hibernate.type.BasicTypeRegistry - Adding type registration ZonedDateTimeWithoutTimezone -> org.hibernate.type.BasicTypeReference@78545d40
2024-11-02 22:53:51 [main] DEBUG o.hibernate.type.BasicTypeRegistry - Adding type registration date -> org.hibernate.type.BasicTypeReference@34549979
2024-11-02 22:53:51 [main] DEBUG o.hibernate.type.BasicTypeRegistry - Adding type registration java.sql.Date -> org.hibernate.type.BasicTypeReference@34549979
2024-11-02 22:53:51 [main] DEBUG o.hibernate.type.BasicTypeRegistry - Adding type registration time -> org.hibernate.type.BasicTypeReference@144a5e6e
2024-11-02 22:53:51 [main] DEBUG o.hibernate.type.BasicTypeRegistry - Adding type registration java.sql.Time -> org.hibernate.type.BasicTypeReference@144a5e6e
2024-11-02 22:53:51 [main] DEBUG o.hibernate.type.BasicTypeRegistry - Adding type registration timestamp -> org.hibernate.type.BasicTypeReference@2707c790
2024-11-02 22:53:51 [main] DEBUG o.hibernate.type.BasicTypeRegistry - Adding type registration java.sql.Timestamp -> org.hibernate.type.BasicTypeReference@2707c790
2024-11-02 22:53:51 [main] DEBUG o.hibernate.type.BasicTypeRegistry - Adding type registration java.util.Date -> org.hibernate.type.BasicTypeReference@2707c790
2024-11-02 22:53:51 [main] DEBUG o.hibernate.type.BasicTypeRegistry - Adding type registration calendar -> org.hibernate.type.BasicTypeReference@7de3206d
2024-11-02 22:53:51 [main] DEBUG o.hibernate.type.BasicTypeRegistry - Adding type registration java.util.Calendar -> org.hibernate.type.BasicTypeReference@7de3206d
2024-11-02 22:53:51 [main] DEBUG o.hibernate.type.BasicTypeRegistry - Adding type registration java.util.GregorianCalendar -> org.hibernate.type.BasicTypeReference@7de3206d
2024-11-02 22:53:51 [main] DEBUG o.hibernate.type.BasicTypeRegistry - Adding type registration calendar_date -> org.hibernate.type.BasicTypeReference@6dece1f9
2024-11-02 22:53:51 [main] DEBUG o.hibernate.type.BasicTypeRegistry - Adding type registration calendar_time -> org.hibernate.type.BasicTypeReference@2b936b04
2024-11-02 22:53:51 [main] DEBUG o.hibernate.type.BasicTypeRegistry - Adding type registration instant -> org.hibernate.type.BasicTypeReference@32b112a1
2024-11-02 22:53:51 [main] DEBUG o.hibernate.type.BasicTypeRegistry - Adding type registration java.time.Instant -> org.hibernate.type.BasicTypeReference@32b112a1
2024-11-02 22:53:51 [main] DEBUG o.hibernate.type.BasicTypeRegistry - Adding type registration uuid -> org.hibernate.type.BasicTypeReference@5635bcd2
2024-11-02 22:53:51 [main] DEBUG o.hibernate.type.BasicTypeRegistry - Adding type registration java.util.UUID -> org.hibernate.type.BasicTypeReference@5635bcd2
2024-11-02 22:53:51 [main] DEBUG o.hibernate.type.BasicTypeRegistry - Adding type registration pg-uuid -> org.hibernate.type.BasicTypeReference@5635bcd2
2024-11-02 22:53:51 [main] DEBUG o.hibernate.type.BasicTypeRegistry - Adding type registration uuid-binary -> org.hibernate.type.BasicTypeReference@5c5c7cc4
2024-11-02 22:53:51 [main] DEBUG o.hibernate.type.BasicTypeRegistry - Adding type registration uuid-char -> org.hibernate.type.BasicTypeReference@6c27e700
2024-11-02 22:53:51 [main] DEBUG o.hibernate.type.BasicTypeRegistry - Adding type registration class -> org.hibernate.type.BasicTypeReference@56b9d43f
2024-11-02 22:53:51 [main] DEBUG o.hibernate.type.BasicTypeRegistry - Adding type registration java.lang.Class -> org.hibernate.type.BasicTypeReference@56b9d43f
2024-11-02 22:53:51 [main] DEBUG o.hibernate.type.BasicTypeRegistry - Adding type registration currency -> org.hibernate.type.BasicTypeReference@2d913116
2024-11-02 22:53:51 [main] DEBUG o.hibernate.type.BasicTypeRegistry - Adding type registration Currency -> org.hibernate.type.BasicTypeReference@2d913116
2024-11-02 22:53:51 [main] DEBUG o.hibernate.type.BasicTypeRegistry - Adding type registration java.util.Currency -> org.hibernate.type.BasicTypeReference@2d913116
2024-11-02 22:53:51 [main] DEBUG o.hibernate.type.BasicTypeRegistry - Adding type registration locale -> org.hibernate.type.BasicTypeReference@1214d23c
2024-11-02 22:53:51 [main] DEBUG o.hibernate.type.BasicTypeRegistry - Adding type registration java.util.Locale -> org.hibernate.type.BasicTypeReference@1214d23c
2024-11-02 22:53:51 [main] DEBUG o.hibernate.type.BasicTypeRegistry - Adding type registration serializable -> org.hibernate.type.BasicTypeReference@41582899
2024-11-02 22:53:51 [main] DEBUG o.hibernate.type.BasicTypeRegistry - Adding type registration java.io.Serializable -> org.hibernate.type.BasicTypeReference@41582899
2024-11-02 22:53:51 [main] DEBUG o.hibernate.type.BasicTypeRegistry - Adding type registration timezone -> org.hibernate.type.BasicTypeReference@595814a1
2024-11-02 22:53:51 [main] DEBUG o.hibernate.type.BasicTypeRegistry - Adding type registration java.util.TimeZone -> org.hibernate.type.BasicTypeReference@595814a1
2024-11-02 22:53:51 [main] DEBUG o.hibernate.type.BasicTypeRegistry - Adding type registration ZoneOffset -> org.hibernate.type.BasicTypeReference@7de5871d
2024-11-02 22:53:51 [main] DEBUG o.hibernate.type.BasicTypeRegistry - Adding type registration java.time.ZoneOffset -> org.hibernate.type.BasicTypeReference@7de5871d
2024-11-02 22:53:51 [main] DEBUG o.hibernate.type.BasicTypeRegistry - Adding type registration url -> org.hibernate.type.BasicTypeReference@49d42faf
2024-11-02 22:53:51 [main] DEBUG o.hibernate.type.BasicTypeRegistry - Adding type registration java.net.URL -> org.hibernate.type.BasicTypeReference@49d42faf
2024-11-02 22:53:51 [main] DEBUG o.hibernate.type.BasicTypeRegistry - Adding type registration row_version -> org.hibernate.type.BasicTypeReference@4948daec
2024-11-02 22:53:51 [main] DEBUG o.hibernate.type.BasicTypeRegistry - Adding type registration object -> org.hibernate.type.JavaObjectType@382faf51
2024-11-02 22:53:51 [main] DEBUG o.hibernate.type.BasicTypeRegistry - Adding type registration java.lang.Object -> org.hibernate.type.JavaObjectType@382faf51
2024-11-02 22:53:51 [main] DEBUG o.hibernate.type.BasicTypeRegistry - Adding type registration null -> org.hibernate.type.NullType@6d001fbe
2024-11-02 22:53:51 [main] DEBUG o.hibernate.type.BasicTypeRegistry - Adding type registration imm_date -> org.hibernate.type.BasicTypeReference@d120d7c
2024-11-02 22:53:51 [main] DEBUG o.hibernate.type.BasicTypeRegistry - Adding type registration imm_time -> org.hibernate.type.BasicTypeReference@5ee77baf
2024-11-02 22:53:51 [main] DEBUG o.hibernate.type.BasicTypeRegistry - Adding type registration imm_timestamp -> org.hibernate.type.BasicTypeReference@25cde5bb
2024-11-02 22:53:51 [main] DEBUG o.hibernate.type.BasicTypeRegistry - Adding type registration imm_calendar -> org.hibernate.type.BasicTypeReference@38a96593
2024-11-02 22:53:51 [main] DEBUG o.hibernate.type.BasicTypeRegistry - Adding type registration imm_calendar_date -> org.hibernate.type.BasicTypeReference@5df64b2a
2024-11-02 22:53:51 [main] DEBUG o.hibernate.type.BasicTypeRegistry - Adding type registration imm_calendar_time -> org.hibernate.type.BasicTypeReference@7afb9c93
2024-11-02 22:53:51 [main] DEBUG o.hibernate.type.BasicTypeRegistry - Adding type registration imm_binary -> org.hibernate.type.BasicTypeReference@30d15e4a
2024-11-02 22:53:51 [main] DEBUG o.hibernate.type.BasicTypeRegistry - Adding type registration imm_serializable -> org.hibernate.type.BasicTypeReference@43a7203e
2024-11-02 22:53:51 [main] INFO  o.s.o.j.p.SpringPersistenceUnitInfo - No LoadTimeWeaver setup: ignoring JPA class transformer
2024-11-02 22:53:51 [main] WARN  org.hibernate.orm.deprecation - HHH90000025: H2Dialect does not need to be specified explicitly using 'hibernate.dialect' (remove the property setting and it will be selected by default)
2024-11-02 22:53:51 [main] DEBUG o.h.t.d.jdbc.spi.JdbcTypeRegistry - addDescriptor(NCharTypeDescriptor) replaced previous registration(CharTypeDescriptor)
2024-11-02 22:53:51 [main] DEBUG o.h.t.d.jdbc.spi.JdbcTypeRegistry - addDescriptor(NVarcharTypeDescriptor) replaced previous registration(VarcharTypeDescriptor)
2024-11-02 22:53:51 [main] DEBUG o.h.t.d.jdbc.spi.JdbcTypeRegistry - addDescriptor(LongNVarcharTypeDescriptor) replaced previous registration(LongVarcharTypeDescriptor)
2024-11-02 22:53:51 [main] DEBUG o.h.t.d.jdbc.spi.JdbcTypeRegistry - addDescriptor(NClobTypeDescriptor(DEFAULT)) replaced previous registration(ClobTypeDescriptor(DEFAULT))
2024-11-02 22:53:51 [main] DEBUG o.h.t.d.jdbc.spi.JdbcTypeRegistry - addDescriptor(2005, ClobTypeDescriptor(STREAM_BINDING)) replaced previous registration(ClobTypeDescriptor(DEFAULT))
2024-11-02 22:53:51 [main] DEBUG o.h.t.d.jdbc.spi.JdbcTypeRegistry - addDescriptor(TimestampUtcDescriptor) replaced previous registration(TimestampUtcDescriptor)
2024-11-02 22:53:51 [main] DEBUG o.hibernate.type.BasicTypeRegistry - Adding type registration Duration -> basicType@1(java.time.Duration,2)
2024-11-02 22:53:51 [main] DEBUG o.hibernate.type.BasicTypeRegistry - Adding type registration java.time.Duration -> basicType@1(java.time.Duration,2)
2024-11-02 22:53:51 [main] DEBUG o.h.type.spi.TypeConfiguration$Scope - Scoping TypeConfiguration [org.hibernate.type.spi.TypeConfiguration@4db46344] to MetadataBuildingContext [org.hibernate.boot.internal.MetadataBuildingContextRootImpl@56c6d515]
2024-11-02 22:53:53 [main] INFO  o.h.e.t.j.p.i.JtaPlatformInitiator - HHH000489: No JTA platform available (set 'hibernate.transaction.jta.platform' to enable JTA platform integration)
2024-11-02 22:53:53 [main] DEBUG o.h.type.spi.TypeConfiguration$Scope - Scoping TypeConfiguration [org.hibernate.type.spi.TypeConfiguration@4db46344] to SessionFactoryImplementor [org.hibernate.internal.SessionFactoryImpl@758655a9]
2024-11-02 22:53:53 [main] TRACE o.h.type.spi.TypeConfiguration$Scope - Handling #sessionFactoryCreated from [org.hibernate.internal.SessionFactoryImpl@758655a9] for TypeConfiguration
2024-11-02 22:53:53 [main] INFO  o.s.o.j.LocalContainerEntityManagerFactoryBean - Initialized JPA EntityManagerFactory for persistence unit 'default'
2024-11-02 22:53:54 [main] WARN  o.s.c.LocalVariableTableParameterNameDiscoverer - Using deprecated '-debug' fallback for parameter name resolution. Compile the affected code with '-parameters' instead or avoid its introspection: org.example.entity.repository.BusinessRepo
2024-11-02 22:53:54 [main] WARN  o.s.c.LocalVariableTableParameterNameDiscoverer - Using deprecated '-debug' fallback for parameter name resolution. Compile the affected code with '-parameters' instead or avoid its introspection: org.example.entity.repository.CardRepo
2024-11-02 22:53:54 [main] WARN  o.s.c.LocalVariableTableParameterNameDiscoverer - Using deprecated '-debug' fallback for parameter name resolution. Compile the affected code with '-parameters' instead or avoid its introspection: org.example.entity.repository.InvestmentRepo
2024-11-02 22:53:54 [main] WARN  o.s.c.LocalVariableTableParameterNameDiscoverer - Using deprecated '-debug' fallback for parameter name resolution. Compile the affected code with '-parameters' instead or avoid its introspection: org.example.entity.repository.InvestorRepo
2024-11-02 22:53:55 [main] INFO  o.a.k.c.admin.AdminClientConfig - AdminClientConfig values: 
	auto.include.jmx.reporter = true
	bootstrap.servers = [localhost:9092]
	client.dns.lookup = use_all_dns_ips
	client.id = 
	connections.max.idle.ms = 300000
	default.api.timeout.ms = 60000
	metadata.max.age.ms = 300000
	metric.reporters = []
	metrics.num.samples = 2
	metrics.recording.level = INFO
	metrics.sample.window.ms = 30000
	receive.buffer.bytes = 65536
	reconnect.backoff.max.ms = 1000
	reconnect.backoff.ms = 50
	request.timeout.ms = 30000
	retries = 2147483647
	retry.backoff.ms = 100
	sasl.client.callback.handler.class = null
	sasl.jaas.config = null
	sasl.kerberos.kinit.cmd = /usr/bin/kinit
	sasl.kerberos.min.time.before.relogin = 60000
	sasl.kerberos.service.name = null
	sasl.kerberos.ticket.renew.jitter = 0.05
	sasl.kerberos.ticket.renew.window.factor = 0.8
	sasl.login.callback.handler.class = null
	sasl.login.class = null
	sasl.login.connect.timeout.ms = null
	sasl.login.read.timeout.ms = null
	sasl.login.refresh.buffer.seconds = 300
	sasl.login.refresh.min.period.seconds = 60
	sasl.login.refresh.window.factor = 0.8
	sasl.login.refresh.window.jitter = 0.05
	sasl.login.retry.backoff.max.ms = 10000
	sasl.login.retry.backoff.ms = 100
	sasl.mechanism = GSSAPI
	sasl.oauthbearer.clock.skew.seconds = 30
	sasl.oauthbearer.expected.audience = null
	sasl.oauthbearer.expected.issuer = null
	sasl.oauthbearer.jwks.endpoint.refresh.ms = 3600000
	sasl.oauthbearer.jwks.endpoint.retry.backoff.max.ms = 10000
	sasl.oauthbearer.jwks.endpoint.retry.backoff.ms = 100
	sasl.oauthbearer.jwks.endpoint.url = null
	sasl.oauthbearer.scope.claim.name = scope
	sasl.oauthbearer.sub.claim.name = sub
	sasl.oauthbearer.token.endpoint.url = null
	security.protocol = PLAINTEXT
	security.providers = null
	send.buffer.bytes = 131072
	socket.connection.setup.timeout.max.ms = 30000
	socket.connection.setup.timeout.ms = 10000
	ssl.cipher.suites = null
	ssl.enabled.protocols = [TLSv1.2, TLSv1.3]
	ssl.endpoint.identification.algorithm = https
	ssl.engine.factory.class = null
	ssl.key.password = null
	ssl.keymanager.algorithm = SunX509
	ssl.keystore.certificate.chain = null
	ssl.keystore.key = null
	ssl.keystore.location = null
	ssl.keystore.password = null
	ssl.keystore.type = JKS
	ssl.protocol = TLSv1.3
	ssl.provider = null
	ssl.secure.random.implementation = null
	ssl.trustmanager.algorithm = PKIX
	ssl.truststore.certificates = null
	ssl.truststore.location = null
	ssl.truststore.password = null
	ssl.truststore.type = JKS

2024-11-02 22:53:55 [main] INFO  o.a.kafka.common.utils.AppInfoParser - Kafka version: 3.5.1
2024-11-02 22:53:55 [main] INFO  o.a.kafka.common.utils.AppInfoParser - Kafka commitId: 2c6fb6c54472e90a
2024-11-02 22:53:55 [main] INFO  o.a.kafka.common.utils.AppInfoParser - Kafka startTimeMs: 1730570035445
2024-11-02 22:53:56 [kafka-admin-client-thread | adminclient-1] INFO  o.a.kafka.common.utils.AppInfoParser - App info kafka.admin.client for adminclient-1 unregistered
2024-11-02 22:53:56 [kafka-admin-client-thread | adminclient-1] INFO  o.a.kafka.common.metrics.Metrics - Metrics scheduler closed
2024-11-02 22:53:56 [kafka-admin-client-thread | adminclient-1] INFO  o.a.kafka.common.metrics.Metrics - Closing reporter org.apache.kafka.common.metrics.JmxReporter
2024-11-02 22:53:56 [kafka-admin-client-thread | adminclient-1] INFO  o.a.kafka.common.metrics.Metrics - Metrics reporters closed
2024-11-02 22:53:56 [main] WARN  o.s.b.a.s.s.UserDetailsServiceAutoConfiguration - 

Using generated security password: 63bdf6ae-0214-4fd6-baf8-a40a50522f9a

This generated password is for development use only. Your security configuration must be updated before running your application in production.

2024-11-02 22:53:56 [main] INFO  o.s.s.web.DefaultSecurityFilterChain - Will secure any request with [org.springframework.security.web.session.DisableEncodeUrlFilter@7640a191, org.springframework.security.web.context.request.async.WebAsyncManagerIntegrationFilter@504a9352, org.springframework.security.web.context.SecurityContextHolderFilter@5702232d, org.springframework.security.web.header.HeaderWriterFilter@721f3526, org.springframework.security.web.authentication.logout.LogoutFilter@6e6ec9c, org.springframework.security.web.savedrequest.RequestCacheAwareFilter@35920655, org.springframework.security.web.servletapi.SecurityContextHolderAwareRequestFilter@27558dee, org.springframework.security.web.authentication.AnonymousAuthenticationFilter@48e1e18a, org.springframework.security.web.access.ExceptionTranslationFilter@70199db0, org.springframework.security.web.access.intercept.FilterSecurityInterceptor@6919a8a]
2024-11-02 22:53:57 [main] INFO  o.a.coyote.http11.Http11NioProtocol - Starting ProtocolHandler ["http-nio-8080"]
2024-11-02 22:53:57 [main] INFO  o.s.b.w.e.tomcat.TomcatWebServer - Tomcat started on port(s): 8080 (http) with context path ''
2024-11-02 22:53:57 [main] INFO  o.a.k.c.consumer.ConsumerConfig - ConsumerConfig values: 
	allow.auto.create.topics = true
	auto.commit.interval.ms = 5000
	auto.include.jmx.reporter = true
	auto.offset.reset = latest
	bootstrap.servers = [localhost:9092]
	check.crcs = true
	client.dns.lookup = use_all_dns_ips
	client.id = consumer-investment-topic-1
	client.rack = 
	connections.max.idle.ms = 540000
	default.api.timeout.ms = 60000
	enable.auto.commit = false
	exclude.internal.topics = true
	fetch.max.bytes = 52428800
	fetch.max.wait.ms = 500
	fetch.min.bytes = 1
	group.id = investment-topic
	group.instance.id = null
	heartbeat.interval.ms = 3000
	interceptor.classes = []
	internal.leave.group.on.close = true
	internal.throw.on.fetch.stable.offset.unsupported = false
	isolation.level = read_uncommitted
	key.deserializer = class org.apache.kafka.common.serialization.StringDeserializer
	max.partition.fetch.bytes = 1048576
	max.poll.interval.ms = 300000
	max.poll.records = 500
	metadata.max.age.ms = 300000
	metric.reporters = []
	metrics.num.samples = 2
	metrics.recording.level = INFO
	metrics.sample.window.ms = 30000
	partition.assignment.strategy = [class org.apache.kafka.clients.consumer.RangeAssignor, class org.apache.kafka.clients.consumer.CooperativeStickyAssignor]
	receive.buffer.bytes = 65536
	reconnect.backoff.max.ms = 1000
	reconnect.backoff.ms = 50
	request.timeout.ms = 30000
	retry.backoff.ms = 100
	sasl.client.callback.handler.class = null
	sasl.jaas.config = null
	sasl.kerberos.kinit.cmd = /usr/bin/kinit
	sasl.kerberos.min.time.before.relogin = 60000
	sasl.kerberos.service.name = null
	sasl.kerberos.ticket.renew.jitter = 0.05
	sasl.kerberos.ticket.renew.window.factor = 0.8
	sasl.login.callback.handler.class = null
	sasl.login.class = null
	sasl.login.connect.timeout.ms = null
	sasl.login.read.timeout.ms = null
	sasl.login.refresh.buffer.seconds = 300
	sasl.login.refresh.min.period.seconds = 60
	sasl.login.refresh.window.factor = 0.8
	sasl.login.refresh.window.jitter = 0.05
	sasl.login.retry.backoff.max.ms = 10000
	sasl.login.retry.backoff.ms = 100
	sasl.mechanism = GSSAPI
	sasl.oauthbearer.clock.skew.seconds = 30
	sasl.oauthbearer.expected.audience = null
	sasl.oauthbearer.expected.issuer = null
	sasl.oauthbearer.jwks.endpoint.refresh.ms = 3600000
	sasl.oauthbearer.jwks.endpoint.retry.backoff.max.ms = 10000
	sasl.oauthbearer.jwks.endpoint.retry.backoff.ms = 100
	sasl.oauthbearer.jwks.endpoint.url = null
	sasl.oauthbearer.scope.claim.name = scope
	sasl.oauthbearer.sub.claim.name = sub
	sasl.oauthbearer.token.endpoint.url = null
	security.protocol = PLAINTEXT
	security.providers = null
	send.buffer.bytes = 131072
	session.timeout.ms = 45000
	socket.connection.setup.timeout.max.ms = 30000
	socket.connection.setup.timeout.ms = 10000
	ssl.cipher.suites = null
	ssl.enabled.protocols = [TLSv1.2, TLSv1.3]
	ssl.endpoint.identification.algorithm = https
	ssl.engine.factory.class = null
	ssl.key.password = null
	ssl.keymanager.algorithm = SunX509
	ssl.keystore.certificate.chain = null
	ssl.keystore.key = null
	ssl.keystore.location = null
	ssl.keystore.password = null
	ssl.keystore.type = JKS
	ssl.protocol = TLSv1.3
	ssl.provider = null
	ssl.secure.random.implementation = null
	ssl.trustmanager.algorithm = PKIX
	ssl.truststore.certificates = null
	ssl.truststore.location = null
	ssl.truststore.password = null
	ssl.truststore.type = JKS
	value.deserializer = class org.apache.kafka.common.serialization.ByteArrayDeserializer

2024-11-02 22:53:58 [main] INFO  o.a.kafka.common.utils.AppInfoParser - Kafka version: 3.5.1
2024-11-02 22:53:58 [main] INFO  o.a.kafka.common.utils.AppInfoParser - Kafka commitId: 2c6fb6c54472e90a
2024-11-02 22:53:58 [main] INFO  o.a.kafka.common.utils.AppInfoParser - Kafka startTimeMs: 1730570038051
2024-11-02 22:53:58 [main] INFO  o.a.k.clients.consumer.KafkaConsumer - [Consumer clientId=consumer-investment-topic-1, groupId=investment-topic] Subscribed to topic(s): investment-topic
2024-11-02 22:53:58 [main] INFO  o.a.k.c.consumer.ConsumerConfig - ConsumerConfig values: 
	allow.auto.create.topics = true
	auto.commit.interval.ms = 5000
	auto.include.jmx.reporter = true
	auto.offset.reset = latest
	bootstrap.servers = [localhost:9092]
	check.crcs = true
	client.dns.lookup = use_all_dns_ips
	client.id = consumer-investment-topic-2
	client.rack = 
	connections.max.idle.ms = 540000
	default.api.timeout.ms = 60000
	enable.auto.commit = false
	exclude.internal.topics = true
	fetch.max.bytes = 52428800
	fetch.max.wait.ms = 500
	fetch.min.bytes = 1
	group.id = investment-topic
	group.instance.id = null
	heartbeat.interval.ms = 3000
	interceptor.classes = []
	internal.leave.group.on.close = true
	internal.throw.on.fetch.stable.offset.unsupported = false
	isolation.level = read_uncommitted
	key.deserializer = class org.apache.kafka.common.serialization.StringDeserializer
	max.partition.fetch.bytes = 1048576
	max.poll.interval.ms = 300000
	max.poll.records = 500
	metadata.max.age.ms = 300000
	metric.reporters = []
	metrics.num.samples = 2
	metrics.recording.level = INFO
	metrics.sample.window.ms = 30000
	partition.assignment.strategy = [class org.apache.kafka.clients.consumer.RangeAssignor, class org.apache.kafka.clients.consumer.CooperativeStickyAssignor]
	receive.buffer.bytes = 65536
	reconnect.backoff.max.ms = 1000
	reconnect.backoff.ms = 50
	request.timeout.ms = 30000
	retry.backoff.ms = 100
	sasl.client.callback.handler.class = null
	sasl.jaas.config = null
	sasl.kerberos.kinit.cmd = /usr/bin/kinit
	sasl.kerberos.min.time.before.relogin = 60000
	sasl.kerberos.service.name = null
	sasl.kerberos.ticket.renew.jitter = 0.05
	sasl.kerberos.ticket.renew.window.factor = 0.8
	sasl.login.callback.handler.class = null
	sasl.login.class = null
	sasl.login.connect.timeout.ms = null
	sasl.login.read.timeout.ms = null
	sasl.login.refresh.buffer.seconds = 300
	sasl.login.refresh.min.period.seconds = 60
	sasl.login.refresh.window.factor = 0.8
	sasl.login.refresh.window.jitter = 0.05
	sasl.login.retry.backoff.max.ms = 10000
	sasl.login.retry.backoff.ms = 100
	sasl.mechanism = GSSAPI
	sasl.oauthbearer.clock.skew.seconds = 30
	sasl.oauthbearer.expected.audience = null
	sasl.oauthbearer.expected.issuer = null
	sasl.oauthbearer.jwks.endpoint.refresh.ms = 3600000
	sasl.oauthbearer.jwks.endpoint.retry.backoff.max.ms = 10000
	sasl.oauthbearer.jwks.endpoint.retry.backoff.ms = 100
	sasl.oauthbearer.jwks.endpoint.url = null
	sasl.oauthbearer.scope.claim.name = scope
	sasl.oauthbearer.sub.claim.name = sub
	sasl.oauthbearer.token.endpoint.url = null
	security.protocol = PLAINTEXT
	security.providers = null
	send.buffer.bytes = 131072
	session.timeout.ms = 45000
	socket.connection.setup.timeout.max.ms = 30000
	socket.connection.setup.timeout.ms = 10000
	ssl.cipher.suites = null
	ssl.enabled.protocols = [TLSv1.2, TLSv1.3]
	ssl.endpoint.identification.algorithm = https
	ssl.engine.factory.class = null
	ssl.key.password = null
	ssl.keymanager.algorithm = SunX509
	ssl.keystore.certificate.chain = null
	ssl.keystore.key = null
	ssl.keystore.location = null
	ssl.keystore.password = null
	ssl.keystore.type = JKS
	ssl.protocol = TLSv1.3
	ssl.provider = null
	ssl.secure.random.implementation = null
	ssl.trustmanager.algorithm = PKIX
	ssl.truststore.certificates = null
	ssl.truststore.location = null
	ssl.truststore.password = null
	ssl.truststore.type = JKS
	value.deserializer = class org.apache.kafka.common.serialization.ByteArrayDeserializer

2024-11-02 22:53:58 [main] INFO  o.a.kafka.common.utils.AppInfoParser - Kafka version: 3.5.1
2024-11-02 22:53:58 [main] INFO  o.a.kafka.common.utils.AppInfoParser - Kafka commitId: 2c6fb6c54472e90a
2024-11-02 22:53:58 [main] INFO  o.a.kafka.common.utils.AppInfoParser - Kafka startTimeMs: 1730570038161
2024-11-02 22:53:58 [main] INFO  o.a.k.clients.consumer.KafkaConsumer - [Consumer clientId=consumer-investment-topic-2, groupId=investment-topic] Subscribed to topic(s): investment-topic
2024-11-02 22:53:58 [main] INFO  o.a.k.c.consumer.ConsumerConfig - ConsumerConfig values: 
	allow.auto.create.topics = true
	auto.commit.interval.ms = 5000
	auto.include.jmx.reporter = true
	auto.offset.reset = latest
	bootstrap.servers = [localhost:9092]
	check.crcs = true
	client.dns.lookup = use_all_dns_ips
	client.id = consumer-group-1-3
	client.rack = 
	connections.max.idle.ms = 540000
	default.api.timeout.ms = 60000
	enable.auto.commit = false
	exclude.internal.topics = true
	fetch.max.bytes = 52428800
	fetch.max.wait.ms = 500
	fetch.min.bytes = 1
	group.id = group-1
	group.instance.id = null
	heartbeat.interval.ms = 3000
	interceptor.classes = []
	internal.leave.group.on.close = true
	internal.throw.on.fetch.stable.offset.unsupported = false
	isolation.level = read_uncommitted
	key.deserializer = class org.apache.kafka.common.serialization.StringDeserializer
	max.partition.fetch.bytes = 1048576
	max.poll.interval.ms = 300000
	max.poll.records = 500
	metadata.max.age.ms = 300000
	metric.reporters = []
	metrics.num.samples = 2
	metrics.recording.level = INFO
	metrics.sample.window.ms = 30000
	partition.assignment.strategy = [class org.apache.kafka.clients.consumer.RangeAssignor, class org.apache.kafka.clients.consumer.CooperativeStickyAssignor]
	receive.buffer.bytes = 65536
	reconnect.backoff.max.ms = 1000
	reconnect.backoff.ms = 50
	request.timeout.ms = 30000
	retry.backoff.ms = 100
	sasl.client.callback.handler.class = null
	sasl.jaas.config = null
	sasl.kerberos.kinit.cmd = /usr/bin/kinit
	sasl.kerberos.min.time.before.relogin = 60000
	sasl.kerberos.service.name = null
	sasl.kerberos.ticket.renew.jitter = 0.05
	sasl.kerberos.ticket.renew.window.factor = 0.8
	sasl.login.callback.handler.class = null
	sasl.login.class = null
	sasl.login.connect.timeout.ms = null
	sasl.login.read.timeout.ms = null
	sasl.login.refresh.buffer.seconds = 300
	sasl.login.refresh.min.period.seconds = 60
	sasl.login.refresh.window.factor = 0.8
	sasl.login.refresh.window.jitter = 0.05
	sasl.login.retry.backoff.max.ms = 10000
	sasl.login.retry.backoff.ms = 100
	sasl.mechanism = GSSAPI
	sasl.oauthbearer.clock.skew.seconds = 30
	sasl.oauthbearer.expected.audience = null
	sasl.oauthbearer.expected.issuer = null
	sasl.oauthbearer.jwks.endpoint.refresh.ms = 3600000
	sasl.oauthbearer.jwks.endpoint.retry.backoff.max.ms = 10000
	sasl.oauthbearer.jwks.endpoint.retry.backoff.ms = 100
	sasl.oauthbearer.jwks.endpoint.url = null
	sasl.oauthbearer.scope.claim.name = scope
	sasl.oauthbearer.sub.claim.name = sub
	sasl.oauthbearer.token.endpoint.url = null
	security.protocol = PLAINTEXT
	security.providers = null
	send.buffer.bytes = 131072
	session.timeout.ms = 45000
	socket.connection.setup.timeout.max.ms = 30000
	socket.connection.setup.timeout.ms = 10000
	ssl.cipher.suites = null
	ssl.enabled.protocols = [TLSv1.2, TLSv1.3]
	ssl.endpoint.identification.algorithm = https
	ssl.engine.factory.class = null
	ssl.key.password = null
	ssl.keymanager.algorithm = SunX509
	ssl.keystore.certificate.chain = null
	ssl.keystore.key = null
	ssl.keystore.location = null
	ssl.keystore.password = null
	ssl.keystore.type = JKS
	ssl.protocol = TLSv1.3
	ssl.provider = null
	ssl.secure.random.implementation = null
	ssl.trustmanager.algorithm = PKIX
	ssl.truststore.certificates = null
	ssl.truststore.location = null
	ssl.truststore.password = null
	ssl.truststore.type = JKS
	value.deserializer = class org.apache.kafka.common.serialization.ByteArrayDeserializer

2024-11-02 22:53:58 [main] INFO  o.a.kafka.common.utils.AppInfoParser - Kafka version: 3.5.1
2024-11-02 22:53:58 [main] INFO  o.a.kafka.common.utils.AppInfoParser - Kafka commitId: 2c6fb6c54472e90a
2024-11-02 22:53:58 [main] INFO  o.a.kafka.common.utils.AppInfoParser - Kafka startTimeMs: 1730570038214
2024-11-02 22:53:58 [main] INFO  o.a.k.clients.consumer.KafkaConsumer - [Consumer clientId=consumer-group-1-3, groupId=group-1] Subscribed to topic(s): payment-topic
2024-11-02 22:53:58 [main] INFO  o.a.k.c.consumer.ConsumerConfig - ConsumerConfig values: 
	allow.auto.create.topics = true
	auto.commit.interval.ms = 5000
	auto.include.jmx.reporter = true
	auto.offset.reset = latest
	bootstrap.servers = [localhost:9092]
	check.crcs = true
	client.dns.lookup = use_all_dns_ips
	client.id = consumer-group-1-4
	client.rack = 
	connections.max.idle.ms = 540000
	default.api.timeout.ms = 60000
	enable.auto.commit = false
	exclude.internal.topics = true
	fetch.max.bytes = 52428800
	fetch.max.wait.ms = 500
	fetch.min.bytes = 1
	group.id = group-1
	group.instance.id = null
	heartbeat.interval.ms = 3000
	interceptor.classes = []
	internal.leave.group.on.close = true
	internal.throw.on.fetch.stable.offset.unsupported = false
	isolation.level = read_uncommitted
	key.deserializer = class org.apache.kafka.common.serialization.StringDeserializer
	max.partition.fetch.bytes = 1048576
	max.poll.interval.ms = 300000
	max.poll.records = 500
	metadata.max.age.ms = 300000
	metric.reporters = []
	metrics.num.samples = 2
	metrics.recording.level = INFO
	metrics.sample.window.ms = 30000
	partition.assignment.strategy = [class org.apache.kafka.clients.consumer.RangeAssignor, class org.apache.kafka.clients.consumer.CooperativeStickyAssignor]
	receive.buffer.bytes = 65536
	reconnect.backoff.max.ms = 1000
	reconnect.backoff.ms = 50
	request.timeout.ms = 30000
	retry.backoff.ms = 100
	sasl.client.callback.handler.class = null
	sasl.jaas.config = null
	sasl.kerberos.kinit.cmd = /usr/bin/kinit
	sasl.kerberos.min.time.before.relogin = 60000
	sasl.kerberos.service.name = null
	sasl.kerberos.ticket.renew.jitter = 0.05
	sasl.kerberos.ticket.renew.window.factor = 0.8
	sasl.login.callback.handler.class = null
	sasl.login.class = null
	sasl.login.connect.timeout.ms = null
	sasl.login.read.timeout.ms = null
	sasl.login.refresh.buffer.seconds = 300
	sasl.login.refresh.min.period.seconds = 60
	sasl.login.refresh.window.factor = 0.8
	sasl.login.refresh.window.jitter = 0.05
	sasl.login.retry.backoff.max.ms = 10000
	sasl.login.retry.backoff.ms = 100
	sasl.mechanism = GSSAPI
	sasl.oauthbearer.clock.skew.seconds = 30
	sasl.oauthbearer.expected.audience = null
	sasl.oauthbearer.expected.issuer = null
	sasl.oauthbearer.jwks.endpoint.refresh.ms = 3600000
	sasl.oauthbearer.jwks.endpoint.retry.backoff.max.ms = 10000
	sasl.oauthbearer.jwks.endpoint.retry.backoff.ms = 100
	sasl.oauthbearer.jwks.endpoint.url = null
	sasl.oauthbearer.scope.claim.name = scope
	sasl.oauthbearer.sub.claim.name = sub
	sasl.oauthbearer.token.endpoint.url = null
	security.protocol = PLAINTEXT
	security.providers = null
	send.buffer.bytes = 131072
	session.timeout.ms = 45000
	socket.connection.setup.timeout.max.ms = 30000
	socket.connection.setup.timeout.ms = 10000
	ssl.cipher.suites = null
	ssl.enabled.protocols = [TLSv1.2, TLSv1.3]
	ssl.endpoint.identification.algorithm = https
	ssl.engine.factory.class = null
	ssl.key.password = null
	ssl.keymanager.algorithm = SunX509
	ssl.keystore.certificate.chain = null
	ssl.keystore.key = null
	ssl.keystore.location = null
	ssl.keystore.password = null
	ssl.keystore.type = JKS
	ssl.protocol = TLSv1.3
	ssl.provider = null
	ssl.secure.random.implementation = null
	ssl.trustmanager.algorithm = PKIX
	ssl.truststore.certificates = null
	ssl.truststore.location = null
	ssl.truststore.password = null
	ssl.truststore.type = JKS
	value.deserializer = class org.apache.kafka.common.serialization.ByteArrayDeserializer

2024-11-02 22:53:58 [main] INFO  o.a.kafka.common.utils.AppInfoParser - Kafka version: 3.5.1
2024-11-02 22:53:58 [main] INFO  o.a.kafka.common.utils.AppInfoParser - Kafka commitId: 2c6fb6c54472e90a
2024-11-02 22:53:58 [main] INFO  o.a.kafka.common.utils.AppInfoParser - Kafka startTimeMs: 1730570038247
2024-11-02 22:53:58 [main] INFO  o.a.k.clients.consumer.KafkaConsumer - [Consumer clientId=consumer-group-1-4, groupId=group-1] Subscribed to topic(s): payment-topic
2024-11-02 22:53:58 [main] INFO  o.a.k.c.consumer.ConsumerConfig - ConsumerConfig values: 
	allow.auto.create.topics = true
	auto.commit.interval.ms = 5000
	auto.include.jmx.reporter = true
	auto.offset.reset = latest
	bootstrap.servers = [localhost:9092]
	check.crcs = true
	client.dns.lookup = use_all_dns_ips
	client.id = consumer-group-1-5
	client.rack = 
	connections.max.idle.ms = 540000
	default.api.timeout.ms = 60000
	enable.auto.commit = false
	exclude.internal.topics = true
	fetch.max.bytes = 52428800
	fetch.max.wait.ms = 500
	fetch.min.bytes = 1
	group.id = group-1
	group.instance.id = null
	heartbeat.interval.ms = 3000
	interceptor.classes = []
	internal.leave.group.on.close = true
	internal.throw.on.fetch.stable.offset.unsupported = false
	isolation.level = read_uncommitted
	key.deserializer = class org.apache.kafka.common.serialization.StringDeserializer
	max.partition.fetch.bytes = 1048576
	max.poll.interval.ms = 300000
	max.poll.records = 500
	metadata.max.age.ms = 300000
	metric.reporters = []
	metrics.num.samples = 2
	metrics.recording.level = INFO
	metrics.sample.window.ms = 30000
	partition.assignment.strategy = [class org.apache.kafka.clients.consumer.RangeAssignor, class org.apache.kafka.clients.consumer.CooperativeStickyAssignor]
	receive.buffer.bytes = 65536
	reconnect.backoff.max.ms = 1000
	reconnect.backoff.ms = 50
	request.timeout.ms = 30000
	retry.backoff.ms = 100
	sasl.client.callback.handler.class = null
	sasl.jaas.config = null
	sasl.kerberos.kinit.cmd = /usr/bin/kinit
	sasl.kerberos.min.time.before.relogin = 60000
	sasl.kerberos.service.name = null
	sasl.kerberos.ticket.renew.jitter = 0.05
	sasl.kerberos.ticket.renew.window.factor = 0.8
	sasl.login.callback.handler.class = null
	sasl.login.class = null
	sasl.login.connect.timeout.ms = null
	sasl.login.read.timeout.ms = null
	sasl.login.refresh.buffer.seconds = 300
	sasl.login.refresh.min.period.seconds = 60
	sasl.login.refresh.window.factor = 0.8
	sasl.login.refresh.window.jitter = 0.05
	sasl.login.retry.backoff.max.ms = 10000
	sasl.login.retry.backoff.ms = 100
	sasl.mechanism = GSSAPI
	sasl.oauthbearer.clock.skew.seconds = 30
	sasl.oauthbearer.expected.audience = null
	sasl.oauthbearer.expected.issuer = null
	sasl.oauthbearer.jwks.endpoint.refresh.ms = 3600000
	sasl.oauthbearer.jwks.endpoint.retry.backoff.max.ms = 10000
	sasl.oauthbearer.jwks.endpoint.retry.backoff.ms = 100
	sasl.oauthbearer.jwks.endpoint.url = null
	sasl.oauthbearer.scope.claim.name = scope
	sasl.oauthbearer.sub.claim.name = sub
	sasl.oauthbearer.token.endpoint.url = null
	security.protocol = PLAINTEXT
	security.providers = null
	send.buffer.bytes = 131072
	session.timeout.ms = 45000
	socket.connection.setup.timeout.max.ms = 30000
	socket.connection.setup.timeout.ms = 10000
	ssl.cipher.suites = null
	ssl.enabled.protocols = [TLSv1.2, TLSv1.3]
	ssl.endpoint.identification.algorithm = https
	ssl.engine.factory.class = null
	ssl.key.password = null
	ssl.keymanager.algorithm = SunX509
	ssl.keystore.certificate.chain = null
	ssl.keystore.key = null
	ssl.keystore.location = null
	ssl.keystore.password = null
	ssl.keystore.type = JKS
	ssl.protocol = TLSv1.3
	ssl.provider = null
	ssl.secure.random.implementation = null
	ssl.trustmanager.algorithm = PKIX
	ssl.truststore.certificates = null
	ssl.truststore.location = null
	ssl.truststore.password = null
	ssl.truststore.type = JKS
	value.deserializer = class org.apache.kafka.common.serialization.ByteArrayDeserializer

2024-11-02 22:53:58 [investment-topic-0-C-1] INFO  org.apache.kafka.clients.Metadata - [Consumer clientId=consumer-investment-topic-1, groupId=investment-topic] Cluster ID: 5L6g3nShT-eMCtK--X86sw
2024-11-02 22:53:58 [main] INFO  o.a.kafka.common.utils.AppInfoParser - Kafka version: 3.5.1
2024-11-02 22:53:58 [main] INFO  o.a.kafka.common.utils.AppInfoParser - Kafka commitId: 2c6fb6c54472e90a
2024-11-02 22:53:58 [main] INFO  o.a.kafka.common.utils.AppInfoParser - Kafka startTimeMs: 1730570038278
2024-11-02 22:53:58 [main] INFO  o.a.k.clients.consumer.KafkaConsumer - [Consumer clientId=consumer-group-1-5, groupId=group-1] Subscribed to topic(s): investment-topic
2024-11-02 22:53:58 [main] INFO  o.a.k.c.consumer.ConsumerConfig - ConsumerConfig values: 
	allow.auto.create.topics = true
	auto.commit.interval.ms = 5000
	auto.include.jmx.reporter = true
	auto.offset.reset = latest
	bootstrap.servers = [localhost:9092]
	check.crcs = true
	client.dns.lookup = use_all_dns_ips
	client.id = consumer-group-1-6
	client.rack = 
	connections.max.idle.ms = 540000
	default.api.timeout.ms = 60000
	enable.auto.commit = false
	exclude.internal.topics = true
	fetch.max.bytes = 52428800
	fetch.max.wait.ms = 500
	fetch.min.bytes = 1
	group.id = group-1
	group.instance.id = null
	heartbeat.interval.ms = 3000
	interceptor.classes = []
	internal.leave.group.on.close = true
	internal.throw.on.fetch.stable.offset.unsupported = false
	isolation.level = read_uncommitted
	key.deserializer = class org.apache.kafka.common.serialization.StringDeserializer
	max.partition.fetch.bytes = 1048576
	max.poll.interval.ms = 300000
	max.poll.records = 500
	metadata.max.age.ms = 300000
	metric.reporters = []
	metrics.num.samples = 2
	metrics.recording.level = INFO
	metrics.sample.window.ms = 30000
	partition.assignment.strategy = [class org.apache.kafka.clients.consumer.RangeAssignor, class org.apache.kafka.clients.consumer.CooperativeStickyAssignor]
	receive.buffer.bytes = 65536
	reconnect.backoff.max.ms = 1000
	reconnect.backoff.ms = 50
	request.timeout.ms = 30000
	retry.backoff.ms = 100
	sasl.client.callback.handler.class = null
	sasl.jaas.config = null
	sasl.kerberos.kinit.cmd = /usr/bin/kinit
	sasl.kerberos.min.time.before.relogin = 60000
	sasl.kerberos.service.name = null
	sasl.kerberos.ticket.renew.jitter = 0.05
	sasl.kerberos.ticket.renew.window.factor = 0.8
	sasl.login.callback.handler.class = null
	sasl.login.class = null
	sasl.login.connect.timeout.ms = null
	sasl.login.read.timeout.ms = null
	sasl.login.refresh.buffer.seconds = 300
	sasl.login.refresh.min.period.seconds = 60
	sasl.login.refresh.window.factor = 0.8
	sasl.login.refresh.window.jitter = 0.05
	sasl.login.retry.backoff.max.ms = 10000
	sasl.login.retry.backoff.ms = 100
	sasl.mechanism = GSSAPI
	sasl.oauthbearer.clock.skew.seconds = 30
	sasl.oauthbearer.expected.audience = null
	sasl.oauthbearer.expected.issuer = null
	sasl.oauthbearer.jwks.endpoint.refresh.ms = 3600000
	sasl.oauthbearer.jwks.endpoint.retry.backoff.max.ms = 10000
	sasl.oauthbearer.jwks.endpoint.retry.backoff.ms = 100
	sasl.oauthbearer.jwks.endpoint.url = null
	sasl.oauthbearer.scope.claim.name = scope
	sasl.oauthbearer.sub.claim.name = sub
	sasl.oauthbearer.token.endpoint.url = null
	security.protocol = PLAINTEXT
	security.providers = null
	send.buffer.bytes = 131072
	session.timeout.ms = 45000
	socket.connection.setup.timeout.max.ms = 30000
	socket.connection.setup.timeout.ms = 10000
	ssl.cipher.suites = null
	ssl.enabled.protocols = [TLSv1.2, TLSv1.3]
	ssl.endpoint.identification.algorithm = https
	ssl.engine.factory.class = null
	ssl.key.password = null
	ssl.keymanager.algorithm = SunX509
	ssl.keystore.certificate.chain = null
	ssl.keystore.key = null
	ssl.keystore.location = null
	ssl.keystore.password = null
	ssl.keystore.type = JKS
	ssl.protocol = TLSv1.3
	ssl.provider = null
	ssl.secure.random.implementation = null
	ssl.trustmanager.algorithm = PKIX
	ssl.truststore.certificates = null
	ssl.truststore.location = null
	ssl.truststore.password = null
	ssl.truststore.type = JKS
	value.deserializer = class org.apache.kafka.common.serialization.ByteArrayDeserializer

2024-11-02 22:53:58 [investment-topic-1-C-1] INFO  org.apache.kafka.clients.Metadata - [Consumer clientId=consumer-investment-topic-2, groupId=investment-topic] Cluster ID: 5L6g3nShT-eMCtK--X86sw
2024-11-02 22:53:58 [org.springframework.kafka.KafkaListenerEndpointContainer#0-0-C-1] INFO  org.apache.kafka.clients.Metadata - [Consumer clientId=consumer-group-1-3, groupId=group-1] Cluster ID: 5L6g3nShT-eMCtK--X86sw
2024-11-02 22:53:58 [investment-topic-0-C-1] INFO  o.a.k.c.c.i.ConsumerCoordinator - [Consumer clientId=consumer-investment-topic-1, groupId=investment-topic] Discovered group coordinator localhost:9092 (id: 2147483646 rack: null)
2024-11-02 22:53:58 [org.springframework.kafka.KafkaListenerEndpointContainer#0-0-C-1] INFO  o.a.k.c.c.i.ConsumerCoordinator - [Consumer clientId=consumer-group-1-3, groupId=group-1] Discovered group coordinator localhost:9092 (id: 2147483646 rack: null)
2024-11-02 22:53:58 [main] INFO  o.a.kafka.common.utils.AppInfoParser - Kafka version: 3.5.1
2024-11-02 22:53:58 [main] INFO  o.a.kafka.common.utils.AppInfoParser - Kafka commitId: 2c6fb6c54472e90a
2024-11-02 22:53:58 [investment-topic-0-C-1] INFO  o.a.k.c.c.i.ConsumerCoordinator - [Consumer clientId=consumer-investment-topic-1, groupId=investment-topic] (Re-)joining group
2024-11-02 22:53:58 [org.springframework.kafka.KafkaListenerEndpointContainer#0-0-C-1] INFO  o.a.k.c.c.i.ConsumerCoordinator - [Consumer clientId=consumer-group-1-3, groupId=group-1] (Re-)joining group
2024-11-02 22:53:58 [main] INFO  o.a.kafka.common.utils.AppInfoParser - Kafka startTimeMs: 1730570038316
2024-11-02 22:53:58 [main] INFO  o.a.k.clients.consumer.KafkaConsumer - [Consumer clientId=consumer-group-1-6, groupId=group-1] Subscribed to topic(s): investment-topic
2024-11-02 22:53:58 [investment-topic-1-C-1] INFO  o.a.k.c.c.i.ConsumerCoordinator - [Consumer clientId=consumer-investment-topic-2, groupId=investment-topic] Discovered group coordinator localhost:9092 (id: 2147483646 rack: null)
2024-11-02 22:53:58 [investment-topic-1-C-1] INFO  o.a.k.c.c.i.ConsumerCoordinator - [Consumer clientId=consumer-investment-topic-2, groupId=investment-topic] (Re-)joining group
2024-11-02 22:53:58 [main] INFO  org.example.Main - Started Main in 13.792 seconds (process running for 15.458)
2024-11-02 22:53:58 [org.springframework.kafka.KafkaListenerEndpointContainer#0-1-C-1] INFO  org.apache.kafka.clients.Metadata - [Consumer clientId=consumer-group-1-4, groupId=group-1] Cluster ID: 5L6g3nShT-eMCtK--X86sw
2024-11-02 22:53:58 [org.springframework.kafka.KafkaListenerEndpointContainer#0-1-C-1] INFO  o.a.k.c.c.i.ConsumerCoordinator - [Consumer clientId=consumer-group-1-4, groupId=group-1] Discovered group coordinator localhost:9092 (id: 2147483646 rack: null)
2024-11-02 22:53:58 [org.springframework.kafka.KafkaListenerEndpointContainer#0-1-C-1] INFO  o.a.k.c.c.i.ConsumerCoordinator - [Consumer clientId=consumer-group-1-4, groupId=group-1] (Re-)joining group
2024-11-02 22:53:58 [org.springframework.kafka.KafkaListenerEndpointContainer#1-0-C-1] INFO  org.apache.kafka.clients.Metadata - [Consumer clientId=consumer-group-1-5, groupId=group-1] Cluster ID: 5L6g3nShT-eMCtK--X86sw
2024-11-02 22:53:58 [org.springframework.kafka.KafkaListenerEndpointContainer#1-0-C-1] INFO  o.a.k.c.c.i.ConsumerCoordinator - [Consumer clientId=consumer-group-1-5, groupId=group-1] Discovered group coordinator localhost:9092 (id: 2147483646 rack: null)
2024-11-02 22:53:58 [org.springframework.kafka.KafkaListenerEndpointContainer#1-0-C-1] INFO  o.a.k.c.c.i.ConsumerCoordinator - [Consumer clientId=consumer-group-1-5, groupId=group-1] (Re-)joining group
2024-11-02 22:53:58 [org.springframework.kafka.KafkaListenerEndpointContainer#1-1-C-1] INFO  org.apache.kafka.clients.Metadata - [Consumer clientId=consumer-group-1-6, groupId=group-1] Cluster ID: 5L6g3nShT-eMCtK--X86sw
2024-11-02 22:53:58 [org.springframework.kafka.KafkaListenerEndpointContainer#1-1-C-1] INFO  o.a.k.c.c.i.ConsumerCoordinator - [Consumer clientId=consumer-group-1-6, groupId=group-1] Discovered group coordinator localhost:9092 (id: 2147483646 rack: null)
2024-11-02 22:53:58 [org.springframework.kafka.KafkaListenerEndpointContainer#1-1-C-1] INFO  o.a.k.c.c.i.ConsumerCoordinator - [Consumer clientId=consumer-group-1-6, groupId=group-1] (Re-)joining group
2024-11-02 22:53:58 [investment-topic-1-C-1] INFO  o.a.k.c.c.i.ConsumerCoordinator - [Consumer clientId=consumer-investment-topic-2, groupId=investment-topic] Request joining group due to: need to re-join with the given member-id: consumer-investment-topic-2-7b741625-ad9f-4d9c-bccd-0014a309e814
2024-11-02 22:53:58 [investment-topic-1-C-1] INFO  o.a.k.c.c.i.ConsumerCoordinator - [Consumer clientId=consumer-investment-topic-2, groupId=investment-topic] Request joining group due to: rebalance failed due to 'The group member needs to have a valid member id before actually entering a consumer group.' (MemberIdRequiredException)
2024-11-02 22:53:58 [investment-topic-1-C-1] INFO  o.a.k.c.c.i.ConsumerCoordinator - [Consumer clientId=consumer-investment-topic-2, groupId=investment-topic] (Re-)joining group
2024-11-02 22:53:58 [investment-topic-0-C-1] INFO  o.a.k.c.c.i.ConsumerCoordinator - [Consumer clientId=consumer-investment-topic-1, groupId=investment-topic] Request joining group due to: need to re-join with the given member-id: consumer-investment-topic-1-e900f3f7-c226-421a-a54d-9f654eba6218
2024-11-02 22:53:58 [org.springframework.kafka.KafkaListenerEndpointContainer#0-0-C-1] INFO  o.a.k.c.c.i.ConsumerCoordinator - [Consumer clientId=consumer-group-1-3, groupId=group-1] Request joining group due to: need to re-join with the given member-id: consumer-group-1-3-675f89d6-b72a-491c-aace-215b3512f59f
2024-11-02 22:53:58 [org.springframework.kafka.KafkaListenerEndpointContainer#0-0-C-1] INFO  o.a.k.c.c.i.ConsumerCoordinator - [Consumer clientId=consumer-group-1-3, groupId=group-1] Request joining group due to: rebalance failed due to 'The group member needs to have a valid member id before actually entering a consumer group.' (MemberIdRequiredException)
2024-11-02 22:53:58 [investment-topic-0-C-1] INFO  o.a.k.c.c.i.ConsumerCoordinator - [Consumer clientId=consumer-investment-topic-1, groupId=investment-topic] Request joining group due to: rebalance failed due to 'The group member needs to have a valid member id before actually entering a consumer group.' (MemberIdRequiredException)
2024-11-02 22:53:58 [org.springframework.kafka.KafkaListenerEndpointContainer#0-0-C-1] INFO  o.a.k.c.c.i.ConsumerCoordinator - [Consumer clientId=consumer-group-1-3, groupId=group-1] (Re-)joining group
2024-11-02 22:53:58 [investment-topic-0-C-1] INFO  o.a.k.c.c.i.ConsumerCoordinator - [Consumer clientId=consumer-investment-topic-1, groupId=investment-topic] (Re-)joining group
2024-11-02 22:53:58 [org.springframework.kafka.KafkaListenerEndpointContainer#0-1-C-1] INFO  o.a.k.c.c.i.ConsumerCoordinator - [Consumer clientId=consumer-group-1-4, groupId=group-1] Request joining group due to: need to re-join with the given member-id: consumer-group-1-4-9e873729-131e-427e-8497-d22e937d011b
2024-11-02 22:53:58 [org.springframework.kafka.KafkaListenerEndpointContainer#1-0-C-1] INFO  o.a.k.c.c.i.ConsumerCoordinator - [Consumer clientId=consumer-group-1-5, groupId=group-1] Request joining group due to: need to re-join with the given member-id: consumer-group-1-5-ebfe9d58-7ca6-4913-b9fd-836097dd426e
2024-11-02 22:53:58 [org.springframework.kafka.KafkaListenerEndpointContainer#1-0-C-1] INFO  o.a.k.c.c.i.ConsumerCoordinator - [Consumer clientId=consumer-group-1-5, groupId=group-1] Request joining group due to: rebalance failed due to 'The group member needs to have a valid member id before actually entering a consumer group.' (MemberIdRequiredException)
2024-11-02 22:53:58 [org.springframework.kafka.KafkaListenerEndpointContainer#0-1-C-1] INFO  o.a.k.c.c.i.ConsumerCoordinator - [Consumer clientId=consumer-group-1-4, groupId=group-1] Request joining group due to: rebalance failed due to 'The group member needs to have a valid member id before actually entering a consumer group.' (MemberIdRequiredException)
2024-11-02 22:53:58 [org.springframework.kafka.KafkaListenerEndpointContainer#1-0-C-1] INFO  o.a.k.c.c.i.ConsumerCoordinator - [Consumer clientId=consumer-group-1-5, groupId=group-1] (Re-)joining group
2024-11-02 22:53:58 [org.springframework.kafka.KafkaListenerEndpointContainer#0-1-C-1] INFO  o.a.k.c.c.i.ConsumerCoordinator - [Consumer clientId=consumer-group-1-4, groupId=group-1] (Re-)joining group
2024-11-02 22:53:58 [org.springframework.kafka.KafkaListenerEndpointContainer#1-1-C-1] INFO  o.a.k.c.c.i.ConsumerCoordinator - [Consumer clientId=consumer-group-1-6, groupId=group-1] Request joining group due to: need to re-join with the given member-id: consumer-group-1-6-25fe7bd0-c26b-4e4e-940f-b335ffe8185d
2024-11-02 22:53:58 [org.springframework.kafka.KafkaListenerEndpointContainer#1-1-C-1] INFO  o.a.k.c.c.i.ConsumerCoordinator - [Consumer clientId=consumer-group-1-6, groupId=group-1] Request joining group due to: rebalance failed due to 'The group member needs to have a valid member id before actually entering a consumer group.' (MemberIdRequiredException)
2024-11-02 22:53:58 [org.springframework.kafka.KafkaListenerEndpointContainer#1-1-C-1] INFO  o.a.k.c.c.i.ConsumerCoordinator - [Consumer clientId=consumer-group-1-6, groupId=group-1] (Re-)joining group
2024-11-02 22:54:01 [investment-topic-1-C-1] INFO  o.a.k.c.c.i.ConsumerCoordinator - [Consumer clientId=consumer-investment-topic-2, groupId=investment-topic] Successfully joined group with generation Generation{generationId=116, memberId='consumer-investment-topic-2-7b741625-ad9f-4d9c-bccd-0014a309e814', protocol='range'}
2024-11-02 22:54:01 [investment-topic-0-C-1] INFO  o.a.k.c.c.i.ConsumerCoordinator - [Consumer clientId=consumer-investment-topic-1, groupId=investment-topic] Successfully joined group with generation Generation{generationId=116, memberId='consumer-investment-topic-1-e900f3f7-c226-421a-a54d-9f654eba6218', protocol='range'}
2024-11-02 22:54:01 [investment-topic-1-C-1] INFO  o.a.k.c.c.i.ConsumerCoordinator - [Consumer clientId=consumer-investment-topic-2, groupId=investment-topic] Finished assignment for group at generation 116: {consumer-investment-topic-2-7b741625-ad9f-4d9c-bccd-0014a309e814=Assignment(partitions=[]), consumer-investment-topic-1-e900f3f7-c226-421a-a54d-9f654eba6218=Assignment(partitions=[investment-topic-0])}
2024-11-02 22:54:01 [investment-topic-1-C-1] INFO  o.a.k.c.c.i.ConsumerCoordinator - [Consumer clientId=consumer-investment-topic-2, groupId=investment-topic] Successfully synced group in generation Generation{generationId=116, memberId='consumer-investment-topic-2-7b741625-ad9f-4d9c-bccd-0014a309e814', protocol='range'}
2024-11-02 22:54:01 [investment-topic-0-C-1] INFO  o.a.k.c.c.i.ConsumerCoordinator - [Consumer clientId=consumer-investment-topic-1, groupId=investment-topic] Successfully synced group in generation Generation{generationId=116, memberId='consumer-investment-topic-1-e900f3f7-c226-421a-a54d-9f654eba6218', protocol='range'}
2024-11-02 22:54:01 [investment-topic-1-C-1] INFO  o.a.k.c.c.i.ConsumerCoordinator - [Consumer clientId=consumer-investment-topic-2, groupId=investment-topic] Notifying assignor about the new Assignment(partitions=[])
2024-11-02 22:54:01 [investment-topic-0-C-1] INFO  o.a.k.c.c.i.ConsumerCoordinator - [Consumer clientId=consumer-investment-topic-1, groupId=investment-topic] Notifying assignor about the new Assignment(partitions=[investment-topic-0])
2024-11-02 22:54:01 [investment-topic-1-C-1] INFO  o.a.k.c.c.i.ConsumerCoordinator - [Consumer clientId=consumer-investment-topic-2, groupId=investment-topic] Adding newly assigned partitions: 
2024-11-02 22:54:01 [investment-topic-1-C-1] INFO  o.s.k.l.KafkaMessageListenerContainer - investment-topic: partitions assigned: []
2024-11-02 22:54:01 [investment-topic-0-C-1] INFO  o.a.k.c.c.i.ConsumerCoordinator - [Consumer clientId=consumer-investment-topic-1, groupId=investment-topic] Adding newly assigned partitions: investment-topic-0
2024-11-02 22:54:01 [org.springframework.kafka.KafkaListenerEndpointContainer#0-1-C-1] INFO  o.a.k.c.c.i.ConsumerCoordinator - [Consumer clientId=consumer-group-1-4, groupId=group-1] Successfully joined group with generation Generation{generationId=170, memberId='consumer-group-1-4-9e873729-131e-427e-8497-d22e937d011b', protocol='range'}
2024-11-02 22:54:01 [org.springframework.kafka.KafkaListenerEndpointContainer#0-0-C-1] INFO  o.a.k.c.c.i.ConsumerCoordinator - [Consumer clientId=consumer-group-1-3, groupId=group-1] Successfully joined group with generation Generation{generationId=170, memberId='consumer-group-1-3-675f89d6-b72a-491c-aace-215b3512f59f', protocol='range'}
2024-11-02 22:54:01 [org.springframework.kafka.KafkaListenerEndpointContainer#1-1-C-1] INFO  o.a.k.c.c.i.ConsumerCoordinator - [Consumer clientId=consumer-group-1-6, groupId=group-1] Successfully joined group with generation Generation{generationId=170, memberId='consumer-group-1-6-25fe7bd0-c26b-4e4e-940f-b335ffe8185d', protocol='range'}
2024-11-02 22:54:01 [org.springframework.kafka.KafkaListenerEndpointContainer#1-0-C-1] INFO  o.a.k.c.c.i.ConsumerCoordinator - [Consumer clientId=consumer-group-1-5, groupId=group-1] Successfully joined group with generation Generation{generationId=170, memberId='consumer-group-1-5-ebfe9d58-7ca6-4913-b9fd-836097dd426e', protocol='range'}
2024-11-02 22:54:01 [org.springframework.kafka.KafkaListenerEndpointContainer#0-0-C-1] INFO  o.a.k.c.c.i.ConsumerCoordinator - [Consumer clientId=consumer-group-1-3, groupId=group-1] Finished assignment for group at generation 170: {consumer-group-1-4-9e873729-131e-427e-8497-d22e937d011b=Assignment(partitions=[payment-topic-1]), consumer-group-1-3-675f89d6-b72a-491c-aace-215b3512f59f=Assignment(partitions=[payment-topic-0]), consumer-group-1-5-ebfe9d58-7ca6-4913-b9fd-836097dd426e=Assignment(partitions=[investment-topic-0]), consumer-group-1-6-25fe7bd0-c26b-4e4e-940f-b335ffe8185d=Assignment(partitions=[])}
2024-11-02 22:54:01 [investment-topic-0-C-1] INFO  o.a.k.c.c.i.ConsumerCoordinator - [Consumer clientId=consumer-investment-topic-1, groupId=investment-topic] Setting offset for partition investment-topic-0 to the committed offset FetchPosition{offset=4, offsetEpoch=Optional.empty, currentLeader=LeaderAndEpoch{leader=Optional[localhost:9092 (id: 1 rack: null)], epoch=4}}
2024-11-02 22:54:01 [org.springframework.kafka.KafkaListenerEndpointContainer#1-1-C-1] INFO  o.a.k.c.c.i.ConsumerCoordinator - [Consumer clientId=consumer-group-1-6, groupId=group-1] Successfully synced group in generation Generation{generationId=170, memberId='consumer-group-1-6-25fe7bd0-c26b-4e4e-940f-b335ffe8185d', protocol='range'}
2024-11-02 22:54:01 [org.springframework.kafka.KafkaListenerEndpointContainer#0-1-C-1] INFO  o.a.k.c.c.i.ConsumerCoordinator - [Consumer clientId=consumer-group-1-4, groupId=group-1] Successfully synced group in generation Generation{generationId=170, memberId='consumer-group-1-4-9e873729-131e-427e-8497-d22e937d011b', protocol='range'}
2024-11-02 22:54:01 [org.springframework.kafka.KafkaListenerEndpointContainer#1-0-C-1] INFO  o.a.k.c.c.i.ConsumerCoordinator - [Consumer clientId=consumer-group-1-5, groupId=group-1] Successfully synced group in generation Generation{generationId=170, memberId='consumer-group-1-5-ebfe9d58-7ca6-4913-b9fd-836097dd426e', protocol='range'}
2024-11-02 22:54:01 [org.springframework.kafka.KafkaListenerEndpointContainer#1-1-C-1] INFO  o.a.k.c.c.i.ConsumerCoordinator - [Consumer clientId=consumer-group-1-6, groupId=group-1] Notifying assignor about the new Assignment(partitions=[])
2024-11-02 22:54:01 [org.springframework.kafka.KafkaListenerEndpointContainer#1-0-C-1] INFO  o.a.k.c.c.i.ConsumerCoordinator - [Consumer clientId=consumer-group-1-5, groupId=group-1] Notifying assignor about the new Assignment(partitions=[investment-topic-0])
2024-11-02 22:54:01 [org.springframework.kafka.KafkaListenerEndpointContainer#1-1-C-1] INFO  o.a.k.c.c.i.ConsumerCoordinator - [Consumer clientId=consumer-group-1-6, groupId=group-1] Adding newly assigned partitions: 
2024-11-02 22:54:01 [org.springframework.kafka.KafkaListenerEndpointContainer#0-0-C-1] INFO  o.a.k.c.c.i.ConsumerCoordinator - [Consumer clientId=consumer-group-1-3, groupId=group-1] Successfully synced group in generation Generation{generationId=170, memberId='consumer-group-1-3-675f89d6-b72a-491c-aace-215b3512f59f', protocol='range'}
2024-11-02 22:54:01 [org.springframework.kafka.KafkaListenerEndpointContainer#0-1-C-1] INFO  o.a.k.c.c.i.ConsumerCoordinator - [Consumer clientId=consumer-group-1-4, groupId=group-1] Notifying assignor about the new Assignment(partitions=[payment-topic-1])
2024-11-02 22:54:01 [org.springframework.kafka.KafkaListenerEndpointContainer#1-0-C-1] INFO  o.a.k.c.c.i.ConsumerCoordinator - [Consumer clientId=consumer-group-1-5, groupId=group-1] Adding newly assigned partitions: investment-topic-0
2024-11-02 22:54:01 [org.springframework.kafka.KafkaListenerEndpointContainer#0-1-C-1] INFO  o.a.k.c.c.i.ConsumerCoordinator - [Consumer clientId=consumer-group-1-4, groupId=group-1] Adding newly assigned partitions: payment-topic-1
2024-11-02 22:54:01 [org.springframework.kafka.KafkaListenerEndpointContainer#1-1-C-1] INFO  o.s.k.l.KafkaMessageListenerContainer - group-1: partitions assigned: []
2024-11-02 22:54:01 [org.springframework.kafka.KafkaListenerEndpointContainer#0-0-C-1] INFO  o.a.k.c.c.i.ConsumerCoordinator - [Consumer clientId=consumer-group-1-3, groupId=group-1] Notifying assignor about the new Assignment(partitions=[payment-topic-0])
2024-11-02 22:54:01 [org.springframework.kafka.KafkaListenerEndpointContainer#0-0-C-1] INFO  o.a.k.c.c.i.ConsumerCoordinator - [Consumer clientId=consumer-group-1-3, groupId=group-1] Adding newly assigned partitions: payment-topic-0
2024-11-02 22:54:01 [investment-topic-0-C-1] INFO  o.s.k.l.KafkaMessageListenerContainer - investment-topic: partitions assigned: [investment-topic-0]
2024-11-02 22:54:01 [org.springframework.kafka.KafkaListenerEndpointContainer#1-0-C-1] INFO  o.a.k.c.c.i.ConsumerCoordinator - [Consumer clientId=consumer-group-1-5, groupId=group-1] Setting offset for partition investment-topic-0 to the committed offset FetchPosition{offset=4, offsetEpoch=Optional.empty, currentLeader=LeaderAndEpoch{leader=Optional[localhost:9092 (id: 1 rack: null)], epoch=4}}
2024-11-02 22:54:01 [org.springframework.kafka.KafkaListenerEndpointContainer#0-1-C-1] INFO  o.a.k.c.c.i.ConsumerCoordinator - [Consumer clientId=consumer-group-1-4, groupId=group-1] Setting offset for partition payment-topic-1 to the committed offset FetchPosition{offset=0, offsetEpoch=Optional.empty, currentLeader=LeaderAndEpoch{leader=Optional[localhost:9092 (id: 1 rack: null)], epoch=4}}
2024-11-02 22:54:01 [org.springframework.kafka.KafkaListenerEndpointContainer#0-0-C-1] INFO  o.a.k.c.c.i.ConsumerCoordinator - [Consumer clientId=consumer-group-1-3, groupId=group-1] Setting offset for partition payment-topic-0 to the committed offset FetchPosition{offset=11, offsetEpoch=Optional.empty, currentLeader=LeaderAndEpoch{leader=Optional[localhost:9092 (id: 1 rack: null)], epoch=4}}
2024-11-02 22:54:01 [org.springframework.kafka.KafkaListenerEndpointContainer#0-1-C-1] INFO  o.s.k.l.KafkaMessageListenerContainer - group-1: partitions assigned: [payment-topic-1]
2024-11-02 22:54:01 [org.springframework.kafka.KafkaListenerEndpointContainer#0-0-C-1] INFO  o.s.k.l.KafkaMessageListenerContainer - group-1: partitions assigned: [payment-topic-0]
2024-11-02 22:54:01 [org.springframework.kafka.KafkaListenerEndpointContainer#1-0-C-1] INFO  o.s.k.l.KafkaMessageListenerContainer - group-1: partitions assigned: [investment-topic-0]
2024-11-02 22:54:31 [http-nio-8080-exec-1] INFO  o.a.c.c.C.[Tomcat].[localhost].[/] - Initializing Spring DispatcherServlet 'dispatcherServlet'
2024-11-02 22:54:31 [http-nio-8080-exec-1] INFO  o.s.web.servlet.DispatcherServlet - Initializing Servlet 'dispatcherServlet'
2024-11-02 22:54:31 [http-nio-8080-exec-1] INFO  o.s.web.servlet.DispatcherServlet - Completed initialization in 2 ms
2024-11-02 22:54:31 [http-nio-8080-exec-1] WARN  o.s.c.LocalVariableTableParameterNameDiscoverer - Using deprecated '-debug' fallback for parameter name resolution. Compile the affected code with '-parameters' instead or avoid its introspection: org.example.entity.controller.InvestmentController
2024-11-02 22:54:31 [http-nio-8080-exec-1] INFO  o.e.entity.service.InvestmentService - Setting investment ID 1 as paid.
2024-11-02 22:54:31 [http-nio-8080-exec-1] INFO  o.e.entity.service.InvestmentService - Investment ID 1 set as paid successfully.
2024-11-02 22:55:37 [http-nio-8080-exec-3] INFO  o.e.entity.service.InvestmentService - Logically deleting investment ID 1.
2024-11-02 22:55:37 [http-nio-8080-exec-3] INFO  o.e.entity.service.InvestmentService - Investment ID 1 logically deleted successfully.
2024-11-02 22:56:38 [http-nio-8080-exec-5] INFO  o.e.entity.service.InvestmentService - Logically deleting investment ID 1.
2024-11-02 22:56:38 [http-nio-8080-exec-5] INFO  o.e.entity.service.InvestmentService - Investment ID 1 logically deleted successfully.
2024-11-02 22:57:08 [http-nio-8080-exec-7] INFO  o.e.entity.service.InvestmentService - Setting investment ID 1 as active.
2024-11-02 22:57:08 [http-nio-8080-exec-7] INFO  o.e.entity.service.InvestmentService - Investment ID 1 set as active successfully.
2024-11-02 22:57:21 [http-nio-8080-exec-9] INFO  o.e.entity.service.InvestmentService - Retrieving all investments from the database.
2024-11-02 22:57:21 [http-nio-8080-exec-9] INFO  o.e.entity.service.InvestmentService - Successfully retrieved 1 investments from the database.
2024-11-02 22:57:36 [http-nio-8080-exec-1] INFO  o.e.entity.service.InvestmentService - Deleting investment with ID: 1
2024-11-02 22:57:36 [http-nio-8080-exec-1] INFO  o.e.entity.service.InvestmentService - Investment with ID 1 deleted successfully.
2024-11-02 22:58:13 [org.springframework.kafka.KafkaListenerEndpointContainer#1-1-C-1] INFO  o.a.k.c.c.i.ConsumerCoordinator - [Consumer clientId=consumer-group-1-6, groupId=group-1] Member consumer-group-1-6-25fe7bd0-c26b-4e4e-940f-b335ffe8185d sending LeaveGroup request to coordinator localhost:9092 (id: 2147483646 rack: null) due to the consumer unsubscribed from all topics
2024-11-02 22:58:13 [investment-topic-0-C-1] INFO  o.a.k.c.c.i.ConsumerCoordinator - [Consumer clientId=consumer-investment-topic-1, groupId=investment-topic] Revoke previously assigned partitions investment-topic-0
2024-11-02 22:58:13 [org.springframework.kafka.KafkaListenerEndpointContainer#0-1-C-1] INFO  o.a.k.c.c.i.ConsumerCoordinator - [Consumer clientId=consumer-group-1-4, groupId=group-1] Revoke previously assigned partitions payment-topic-1
2024-11-02 22:58:13 [investment-topic-1-C-1] INFO  o.a.k.c.c.i.ConsumerCoordinator - [Consumer clientId=consumer-investment-topic-2, groupId=investment-topic] Member consumer-investment-topic-2-7b741625-ad9f-4d9c-bccd-0014a309e814 sending LeaveGroup request to coordinator localhost:9092 (id: 2147483646 rack: null) due to the consumer unsubscribed from all topics
2024-11-02 22:58:13 [org.springframework.kafka.KafkaListenerEndpointContainer#1-0-C-1] INFO  o.a.k.c.c.i.ConsumerCoordinator - [Consumer clientId=consumer-group-1-5, groupId=group-1] Revoke previously assigned partitions investment-topic-0
2024-11-02 22:58:13 [org.springframework.kafka.KafkaListenerEndpointContainer#0-0-C-1] INFO  o.a.k.c.c.i.ConsumerCoordinator - [Consumer clientId=consumer-group-1-3, groupId=group-1] Revoke previously assigned partitions payment-topic-0
2024-11-02 22:58:13 [investment-topic-0-C-1] INFO  o.s.k.l.KafkaMessageListenerContainer - investment-topic: partitions revoked: [investment-topic-0]
2024-11-02 22:58:13 [org.springframework.kafka.KafkaListenerEndpointContainer#0-1-C-1] INFO  o.s.k.l.KafkaMessageListenerContainer - group-1: partitions revoked: [payment-topic-1]
2024-11-02 22:58:13 [org.springframework.kafka.KafkaListenerEndpointContainer#1-0-C-1] INFO  o.s.k.l.KafkaMessageListenerContainer - group-1: partitions revoked: [investment-topic-0]
2024-11-02 22:58:13 [org.springframework.kafka.KafkaListenerEndpointContainer#1-1-C-1] INFO  o.a.k.c.c.i.ConsumerCoordinator - [Consumer clientId=consumer-group-1-6, groupId=group-1] Resetting generation and member id due to: consumer pro-actively leaving the group
2024-11-02 22:58:13 [org.springframework.kafka.KafkaListenerEndpointContainer#0-0-C-1] INFO  o.s.k.l.KafkaMessageListenerContainer - group-1: partitions revoked: [payment-topic-0]
2024-11-02 22:58:13 [org.springframework.kafka.KafkaListenerEndpointContainer#1-1-C-1] INFO  o.a.k.c.c.i.ConsumerCoordinator - [Consumer clientId=consumer-group-1-6, groupId=group-1] Request joining group due to: consumer pro-actively leaving the group
2024-11-02 22:58:13 [investment-topic-1-C-1] INFO  o.a.k.c.c.i.ConsumerCoordinator - [Consumer clientId=consumer-investment-topic-2, groupId=investment-topic] Resetting generation and member id due to: consumer pro-actively leaving the group
2024-11-02 22:58:13 [org.springframework.kafka.KafkaListenerEndpointContainer#1-1-C-1] INFO  o.a.k.clients.consumer.KafkaConsumer - [Consumer clientId=consumer-group-1-6, groupId=group-1] Unsubscribed all topics or patterns and assigned partitions
2024-11-02 22:58:13 [investment-topic-1-C-1] INFO  o.a.k.c.c.i.ConsumerCoordinator - [Consumer clientId=consumer-investment-topic-2, groupId=investment-topic] Request joining group due to: consumer pro-actively leaving the group
2024-11-02 22:58:13 [investment-topic-1-C-1] INFO  o.a.k.clients.consumer.KafkaConsumer - [Consumer clientId=consumer-investment-topic-2, groupId=investment-topic] Unsubscribed all topics or patterns and assigned partitions
2024-11-02 22:58:13 [org.springframework.kafka.KafkaListenerEndpointContainer#0-0-C-1] INFO  o.a.k.c.c.i.ConsumerCoordinator - [Consumer clientId=consumer-group-1-3, groupId=group-1] Member consumer-group-1-3-675f89d6-b72a-491c-aace-215b3512f59f sending LeaveGroup request to coordinator localhost:9092 (id: 2147483646 rack: null) due to the consumer unsubscribed from all topics
2024-11-02 22:58:13 [org.springframework.kafka.KafkaListenerEndpointContainer#1-0-C-1] INFO  o.a.k.c.c.i.ConsumerCoordinator - [Consumer clientId=consumer-group-1-5, groupId=group-1] Member consumer-group-1-5-ebfe9d58-7ca6-4913-b9fd-836097dd426e sending LeaveGroup request to coordinator localhost:9092 (id: 2147483646 rack: null) due to the consumer unsubscribed from all topics
2024-11-02 22:58:13 [org.springframework.kafka.KafkaListenerEndpointContainer#0-1-C-1] INFO  o.a.k.c.c.i.ConsumerCoordinator - [Consumer clientId=consumer-group-1-4, groupId=group-1] Member consumer-group-1-4-9e873729-131e-427e-8497-d22e937d011b sending LeaveGroup request to coordinator localhost:9092 (id: 2147483646 rack: null) due to the consumer unsubscribed from all topics
2024-11-02 22:58:13 [org.springframework.kafka.KafkaListenerEndpointContainer#1-0-C-1] INFO  o.a.k.c.c.i.ConsumerCoordinator - [Consumer clientId=consumer-group-1-5, groupId=group-1] Resetting generation and member id due to: consumer pro-actively leaving the group
2024-11-02 22:58:13 [org.springframework.kafka.KafkaListenerEndpointContainer#0-0-C-1] INFO  o.a.k.c.c.i.ConsumerCoordinator - [Consumer clientId=consumer-group-1-3, groupId=group-1] Resetting generation and member id due to: consumer pro-actively leaving the group
2024-11-02 22:58:13 [org.springframework.kafka.KafkaListenerEndpointContainer#1-0-C-1] INFO  o.a.k.c.c.i.ConsumerCoordinator - [Consumer clientId=consumer-group-1-5, groupId=group-1] Request joining group due to: consumer pro-actively leaving the group
2024-11-02 22:58:13 [org.springframework.kafka.KafkaListenerEndpointContainer#0-0-C-1] INFO  o.a.k.c.c.i.ConsumerCoordinator - [Consumer clientId=consumer-group-1-3, groupId=group-1] Request joining group due to: consumer pro-actively leaving the group
2024-11-02 22:58:13 [org.springframework.kafka.KafkaListenerEndpointContainer#1-0-C-1] INFO  o.a.k.clients.consumer.KafkaConsumer - [Consumer clientId=consumer-group-1-5, groupId=group-1] Unsubscribed all topics or patterns and assigned partitions
2024-11-02 22:58:13 [org.springframework.kafka.KafkaListenerEndpointContainer#0-1-C-1] INFO  o.a.k.c.c.i.ConsumerCoordinator - [Consumer clientId=consumer-group-1-4, groupId=group-1] Resetting generation and member id due to: consumer pro-actively leaving the group
2024-11-02 22:58:13 [org.springframework.kafka.KafkaListenerEndpointContainer#0-0-C-1] INFO  o.a.k.clients.consumer.KafkaConsumer - [Consumer clientId=consumer-group-1-3, groupId=group-1] Unsubscribed all topics or patterns and assigned partitions
2024-11-02 22:58:13 [org.springframework.kafka.KafkaListenerEndpointContainer#0-1-C-1] INFO  o.a.k.c.c.i.ConsumerCoordinator - [Consumer clientId=consumer-group-1-4, groupId=group-1] Request joining group due to: consumer pro-actively leaving the group
2024-11-02 22:58:13 [org.springframework.kafka.KafkaListenerEndpointContainer#0-1-C-1] INFO  o.a.k.clients.consumer.KafkaConsumer - [Consumer clientId=consumer-group-1-4, groupId=group-1] Unsubscribed all topics or patterns and assigned partitions
2024-11-02 22:58:13 [investment-topic-0-C-1] INFO  o.a.k.c.c.i.ConsumerCoordinator - [Consumer clientId=consumer-investment-topic-1, groupId=investment-topic] Member consumer-investment-topic-1-e900f3f7-c226-421a-a54d-9f654eba6218 sending LeaveGroup request to coordinator localhost:9092 (id: 2147483646 rack: null) due to the consumer unsubscribed from all topics
2024-11-02 22:58:13 [org.springframework.kafka.KafkaListenerEndpointContainer#0-0-C-1] INFO  o.a.k.c.c.i.ConsumerCoordinator - [Consumer clientId=consumer-group-1-3, groupId=group-1] Resetting generation and member id due to: consumer pro-actively leaving the group
2024-11-02 22:58:13 [org.springframework.kafka.KafkaListenerEndpointContainer#1-1-C-1] INFO  o.a.k.c.c.i.ConsumerCoordinator - [Consumer clientId=consumer-group-1-6, groupId=group-1] Resetting generation and member id due to: consumer pro-actively leaving the group
2024-11-02 22:58:13 [org.springframework.kafka.KafkaListenerEndpointContainer#0-1-C-1] INFO  o.a.k.c.c.i.ConsumerCoordinator - [Consumer clientId=consumer-group-1-4, groupId=group-1] Resetting generation and member id due to: consumer pro-actively leaving the group
2024-11-02 22:58:13 [investment-topic-1-C-1] INFO  o.a.k.c.c.i.ConsumerCoordinator - [Consumer clientId=consumer-investment-topic-2, groupId=investment-topic] Resetting generation and member id due to: consumer pro-actively leaving the group
2024-11-02 22:58:13 [org.springframework.kafka.KafkaListenerEndpointContainer#0-1-C-1] INFO  o.a.k.c.c.i.ConsumerCoordinator - [Consumer clientId=consumer-group-1-4, groupId=group-1] Request joining group due to: consumer pro-actively leaving the group
2024-11-02 22:58:13 [org.springframework.kafka.KafkaListenerEndpointContainer#0-0-C-1] INFO  o.a.k.c.c.i.ConsumerCoordinator - [Consumer clientId=consumer-group-1-3, groupId=group-1] Request joining group due to: consumer pro-actively leaving the group
2024-11-02 22:58:13 [org.springframework.kafka.KafkaListenerEndpointContainer#1-1-C-1] INFO  o.a.k.c.c.i.ConsumerCoordinator - [Consumer clientId=consumer-group-1-6, groupId=group-1] Request joining group due to: consumer pro-actively leaving the group
2024-11-02 22:58:13 [investment-topic-1-C-1] INFO  o.a.k.c.c.i.ConsumerCoordinator - [Consumer clientId=consumer-investment-topic-2, groupId=investment-topic] Request joining group due to: consumer pro-actively leaving the group
2024-11-02 22:58:13 [investment-topic-0-C-1] INFO  o.a.k.c.c.i.ConsumerCoordinator - [Consumer clientId=consumer-investment-topic-1, groupId=investment-topic] Resetting generation and member id due to: consumer pro-actively leaving the group
2024-11-02 22:58:13 [org.springframework.kafka.KafkaListenerEndpointContainer#1-0-C-1] INFO  o.a.k.c.c.i.ConsumerCoordinator - [Consumer clientId=consumer-group-1-5, groupId=group-1] Resetting generation and member id due to: consumer pro-actively leaving the group
2024-11-02 22:58:13 [investment-topic-0-C-1] INFO  o.a.k.c.c.i.ConsumerCoordinator - [Consumer clientId=consumer-investment-topic-1, groupId=investment-topic] Request joining group due to: consumer pro-actively leaving the group
2024-11-02 22:58:13 [org.springframework.kafka.KafkaListenerEndpointContainer#1-0-C-1] INFO  o.a.k.c.c.i.ConsumerCoordinator - [Consumer clientId=consumer-group-1-5, groupId=group-1] Request joining group due to: consumer pro-actively leaving the group
2024-11-02 22:58:13 [investment-topic-0-C-1] INFO  o.a.k.clients.consumer.KafkaConsumer - [Consumer clientId=consumer-investment-topic-1, groupId=investment-topic] Unsubscribed all topics or patterns and assigned partitions
2024-11-02 22:58:13 [investment-topic-0-C-1] INFO  o.a.k.c.c.i.ConsumerCoordinator - [Consumer clientId=consumer-investment-topic-1, groupId=investment-topic] Resetting generation and member id due to: consumer pro-actively leaving the group
2024-11-02 22:58:13 [investment-topic-0-C-1] INFO  o.a.k.c.c.i.ConsumerCoordinator - [Consumer clientId=consumer-investment-topic-1, groupId=investment-topic] Request joining group due to: consumer pro-actively leaving the group
2024-11-02 22:58:13 [org.springframework.kafka.KafkaListenerEndpointContainer#1-0-C-1] INFO  o.a.kafka.common.metrics.Metrics - Metrics scheduler closed
2024-11-02 22:58:13 [investment-topic-0-C-1] INFO  o.a.kafka.common.metrics.Metrics - Metrics scheduler closed
2024-11-02 22:58:13 [org.springframework.kafka.KafkaListenerEndpointContainer#1-0-C-1] INFO  o.a.kafka.common.metrics.Metrics - Closing reporter org.apache.kafka.common.metrics.JmxReporter
2024-11-02 22:58:13 [org.springframework.kafka.KafkaListenerEndpointContainer#0-1-C-1] INFO  o.a.kafka.common.metrics.Metrics - Metrics scheduler closed
2024-11-02 22:58:13 [investment-topic-0-C-1] INFO  o.a.kafka.common.metrics.Metrics - Closing reporter org.apache.kafka.common.metrics.JmxReporter
2024-11-02 22:58:13 [org.springframework.kafka.KafkaListenerEndpointContainer#0-1-C-1] INFO  o.a.kafka.common.metrics.Metrics - Closing reporter org.apache.kafka.common.metrics.JmxReporter
2024-11-02 22:58:13 [org.springframework.kafka.KafkaListenerEndpointContainer#1-0-C-1] INFO  o.a.kafka.common.metrics.Metrics - Metrics reporters closed
2024-11-02 22:58:13 [investment-topic-0-C-1] INFO  o.a.kafka.common.metrics.Metrics - Metrics reporters closed
2024-11-02 22:58:13 [org.springframework.kafka.KafkaListenerEndpointContainer#0-1-C-1] INFO  o.a.kafka.common.metrics.Metrics - Metrics reporters closed
2024-11-02 22:58:13 [org.springframework.kafka.KafkaListenerEndpointContainer#1-0-C-1] INFO  o.a.kafka.common.utils.AppInfoParser - App info kafka.consumer for consumer-group-1-5 unregistered
2024-11-02 22:58:13 [investment-topic-0-C-1] INFO  o.a.kafka.common.utils.AppInfoParser - App info kafka.consumer for consumer-investment-topic-1 unregistered
2024-11-02 22:58:13 [org.springframework.kafka.KafkaListenerEndpointContainer#1-0-C-1] INFO  o.s.k.l.KafkaMessageListenerContainer - group-1: Consumer stopped
2024-11-02 22:58:13 [investment-topic-0-C-1] INFO  o.s.k.l.KafkaMessageListenerContainer - investment-topic: Consumer stopped
2024-11-02 22:58:13 [org.springframework.kafka.KafkaListenerEndpointContainer#0-1-C-1] INFO  o.a.kafka.common.utils.AppInfoParser - App info kafka.consumer for consumer-group-1-4 unregistered
2024-11-02 22:58:13 [org.springframework.kafka.KafkaListenerEndpointContainer#0-1-C-1] INFO  o.s.k.l.KafkaMessageListenerContainer - group-1: Consumer stopped
2024-11-02 22:58:13 [org.springframework.kafka.KafkaListenerEndpointContainer#1-1-C-1] INFO  o.a.kafka.common.metrics.Metrics - Metrics scheduler closed
2024-11-02 22:58:13 [investment-topic-1-C-1] INFO  o.a.kafka.common.metrics.Metrics - Metrics scheduler closed
2024-11-02 22:58:13 [investment-topic-1-C-1] INFO  o.a.kafka.common.metrics.Metrics - Closing reporter org.apache.kafka.common.metrics.JmxReporter
2024-11-02 22:58:13 [org.springframework.kafka.KafkaListenerEndpointContainer#1-1-C-1] INFO  o.a.kafka.common.metrics.Metrics - Closing reporter org.apache.kafka.common.metrics.JmxReporter
2024-11-02 22:58:13 [org.springframework.kafka.KafkaListenerEndpointContainer#1-1-C-1] INFO  o.a.kafka.common.metrics.Metrics - Metrics reporters closed
2024-11-02 22:58:13 [investment-topic-1-C-1] INFO  o.a.kafka.common.metrics.Metrics - Metrics reporters closed
2024-11-02 22:58:13 [org.springframework.kafka.KafkaListenerEndpointContainer#1-1-C-1] INFO  o.a.kafka.common.utils.AppInfoParser - App info kafka.consumer for consumer-group-1-6 unregistered
2024-11-02 22:58:13 [org.springframework.kafka.KafkaListenerEndpointContainer#1-1-C-1] INFO  o.s.k.l.KafkaMessageListenerContainer - group-1: Consumer stopped
2024-11-02 22:58:13 [investment-topic-1-C-1] INFO  o.a.kafka.common.utils.AppInfoParser - App info kafka.consumer for consumer-investment-topic-2 unregistered
2024-11-02 22:58:13 [investment-topic-1-C-1] INFO  o.s.k.l.KafkaMessageListenerContainer - investment-topic: Consumer stopped
2024-11-02 22:58:13 [org.springframework.kafka.KafkaListenerEndpointContainer#0-0-C-1] INFO  o.a.kafka.common.metrics.Metrics - Metrics scheduler closed
2024-11-02 22:58:13 [org.springframework.kafka.KafkaListenerEndpointContainer#0-0-C-1] INFO  o.a.kafka.common.metrics.Metrics - Closing reporter org.apache.kafka.common.metrics.JmxReporter
2024-11-02 22:58:13 [org.springframework.kafka.KafkaListenerEndpointContainer#0-0-C-1] INFO  o.a.kafka.common.metrics.Metrics - Metrics reporters closed
2024-11-02 22:58:13 [org.springframework.kafka.KafkaListenerEndpointContainer#0-0-C-1] INFO  o.a.kafka.common.utils.AppInfoParser - App info kafka.consumer for consumer-group-1-3 unregistered
2024-11-02 22:58:13 [org.springframework.kafka.KafkaListenerEndpointContainer#0-0-C-1] INFO  o.s.k.l.KafkaMessageListenerContainer - group-1: Consumer stopped
2024-11-02 22:58:13 [SpringApplicationShutdownHook] INFO  o.s.o.j.LocalContainerEntityManagerFactoryBean - Closing JPA EntityManagerFactory for persistence unit 'default'
2024-11-02 22:58:13 [SpringApplicationShutdownHook] TRACE o.h.type.spi.TypeConfiguration$Scope - Handling #sessionFactoryClosed from [org.hibernate.internal.SessionFactoryImpl@758655a9] for TypeConfiguration
2024-11-02 22:58:13 [SpringApplicationShutdownHook] DEBUG o.h.type.spi.TypeConfiguration$Scope - Un-scoping TypeConfiguration [org.hibernate.type.spi.TypeConfiguration$Scope@84602b2] from SessionFactory [org.hibernate.internal.SessionFactoryImpl@758655a9]
2024-11-02 22:58:13 [SpringApplicationShutdownHook] INFO  com.zaxxer.hikari.HikariDataSource - HikariPool-1 - Shutdown initiated...
2024-11-02 22:58:13 [SpringApplicationShutdownHook] INFO  com.zaxxer.hikari.HikariDataSource - HikariPool-1 - Shutdown completed.
